flight,origin,dest,name
2285,JFK,MCO,American Airlines Inc.
4561,EWR,ORF,ExpressJet Airlines Inc.
4479,LGA,RDU,Envoy Air
1191,JFK,ACK,JetBlue Airways
1289,EWR,SJU,JetBlue Airways
4657,LGA,ATL,Envoy Air
985,LGA,TPA,JetBlue Airways
112,JFK,BUF,JetBlue Airways
56,JFK,BTV,JetBlue Airways
2183,LGA,DCA,US Airways Inc.
2285,JFK,MCO,American Airlines Inc.
2119,LGA,MSP,Delta Air Lines Inc.
578,EWR,LAS,United Air Lines Inc.
2189,LGA,DCA,US Airways Inc.
3842,EWR,MHT,ExpressJet Airlines Inc.
2071,LGA,CLT,US Airways Inc.
719,JFK,SFO,United Air Lines Inc.
3393,JFK,DCA,Endeavor Air Inc.
1715,LGA,MSY,Delta Air Lines Inc.
3267,EWR,ORD,Envoy Air
915,JFK,ORD,JetBlue Airways
4610,LGA,ATL,Envoy Air
65,JFK,ABQ,JetBlue Airways
246,EWR,PHX,Southwest Airlines Co.
527,EWR,MCO,JetBlue Airways
1680,EWR,MIA,United Air Lines Inc.
4,JFK,MCO,Delta Air Lines Inc.
398,EWR,MDW,Southwest Airlines Co.
4121,EWR,ROC,ExpressJet Airlines Inc.
3488,LGA,MCI,Endeavor Air Inc.
3623,JFK,ATL,Endeavor Air Inc.
1152,EWR,PDX,United Air Lines Inc.
4517,LGA,CRW,Envoy Air
4398,EWR,DTW,ExpressJet Airlines Inc.
1327,LGA,PBI,American Airlines Inc.
1165,EWR,LAX,United Air Lines Inc.
234,JFK,BTV,JetBlue Airways
771,JFK,LAX,United Air Lines Inc.
1052,EWR,PHX,United Air Lines Inc.
2285,LGA,MCO,Delta Air Lines Inc.
3353,JFK,DTW,Endeavor Air Inc.
443,JFK,MIA,American Airlines Inc.
391,LGA,MCO,JetBlue Airways
327,LGA,ORD,American Airlines Inc.
2187,LGA,DCA,US Airways Inc.
575,JFK,MSY,JetBlue Airways
563,LGA,ATL,Delta Air Lines Inc.
4410,JFK,DCA,Envoy Air
4305,JFK,MVY,Endeavor Air Inc.
5404,LGA,RIC,ExpressJet Airlines Inc.
1223,EWR,DFW,American Airlines Inc.
1529,JFK,LAS,Delta Air Lines Inc.
485,EWR,DEN,United Air Lines Inc.
1109,LGA,TPA,Delta Air Lines Inc.
4661,LGA,ATL,Envoy Air
883,EWR,DFW,American Airlines Inc.
544,LGA,ORD,United Air Lines Inc.
2903,JFK,CLT,Endeavor Air Inc.
185,JFK,LAX,American Airlines Inc.
450,EWR,DFW,United Air Lines Inc.
994,EWR,BOS,United Air Lines Inc.
305,LGA,ORD,American Airlines Inc.
108,JFK,PWM,JetBlue Airways
3361,JFK,RDU,Envoy Air
509,LGA,DEN,United Air Lines Inc.
85,JFK,SFO,American Airlines Inc.
4380,EWR,MSP,ExpressJet Airlines Inc.
991,JFK,PBI,JetBlue Airways
4669,LGA,ATL,Envoy Air
1275,JFK,SLC,Delta Air Lines Inc.
781,LGA,ATL,Delta Air Lines Inc.
4380,EWR,MSP,ExpressJet Airlines Inc.
1179,EWR,SFO,United Air Lines Inc.
4991,LGA,MCI,ExpressJet Airlines Inc.
1277,LGA,CLT,US Airways Inc.
413,JFK,LAX,Virgin America
221,JFK,MIA,American Airlines Inc.
325,JFK,TPA,JetBlue Airways
3404,JFK,BOS,Endeavor Air Inc.
1251,LGA,IAH,United Air Lines Inc.
837,LGA,DEN,Frontier Airlines Inc.
377,LGA,FLL,JetBlue Airways
1850,JFK,BOS,American Airlines Inc.
3825,EWR,IND,ExpressJet Airlines Inc.
79,JFK,MCO,JetBlue Airways
2126,LGA,BOS,US Airways Inc.
3820,EWR,SDF,ExpressJet Airlines Inc.
201,JFK,FLL,JetBlue Airways
3841,EWR,MDW,Southwest Airlines Co.
801,JFK,FLL,JetBlue Airways
2043,JFK,ATL,Delta Air Lines Inc.
1879,LGA,FLL,Delta Air Lines Inc.
431,LGA,SRQ,JetBlue Airways
1942,EWR,ATL,Delta Air Lines Inc.
2039,LGA,CLT,US Airways Inc.
337,LGA,ORD,American Airlines Inc.
413,JFK,LAX,Virgin America
707,EWR,MCO,United Air Lines Inc.
4149,EWR,STL,ExpressJet Airlines Inc.
1105,JFK,ORD,JetBlue Airways
256,JFK,BOS,American Airlines Inc.
5268,LGA,CLT,ExpressJet Airlines Inc.
4277,JFK,ORF,Endeavor Air Inc.
2043,JFK,ATL,Delta Air Lines Inc.
5,EWR,SEA,Alaska Airlines Inc.
145,JFK,MIA,American Airlines Inc.
3466,JFK,DCA,Endeavor Air Inc.
4638,EWR,CVG,ExpressJet Airlines Inc.
3285,JFK,MSY,Endeavor Air Inc.
59,JFK,SFO,American Airlines Inc.
4561,EWR,MKE,ExpressJet Airlines Inc.
4181,EWR,MCI,ExpressJet Airlines Inc.
423,JFK,LAX,JetBlue Airways
1444,EWR,ORD,United Air Lines Inc.
4051,JFK,BWI,Endeavor Air Inc.
1195,LGA,ORD,United Air Lines Inc.
5801,EWR,BUF,ExpressJet Airlines Inc.
4485,LGA,CMH,Envoy Air
4157,EWR,IND,ExpressJet Airlines Inc.
3267,EWR,PWM,ExpressJet Airlines Inc.
4918,EWR,ATL,ExpressJet Airlines Inc.
4224,EWR,MKE,ExpressJet Airlines Inc.
347,JFK,SJU,Delta Air Lines Inc.
1982,LGA,MIA,Delta Air Lines Inc.
3445,LGA,DSM,Endeavor Air Inc.
929,JFK,RSW,JetBlue Airways
1491,JFK,ACK,JetBlue Airways
4622,LGA,BNA,Envoy Air
2187,LGA,DCA,US Airways Inc.
4105,JFK,IAD,Endeavor Air Inc.
29,JFK,SFO,Virgin America
785,LGA,DFW,American Airlines Inc.
1602,EWR,CLE,United Air Lines Inc.
1235,EWR,SFO,United Air Lines Inc.
1805,EWR,CLT,US Airways Inc.
3572,LGA,CLE,Envoy Air
4572,EWR,GSP,ExpressJet Airlines Inc.
883,JFK,MCO,JetBlue Airways
4060,LGA,DAY,Endeavor Air Inc.
1394,JFK,PDX,Delta Air Lines Inc.
153,JFK,MCO,JetBlue Airways
3439,JFK,CVG,Endeavor Air Inc.
183,JFK,MCO,JetBlue Airways
2067,EWR,HOU,Southwest Airlines Co.
2159,JFK,MCO,Delta Air Lines Inc.
215,EWR,SJU,JetBlue Airways
1467,LGA,MIA,American Airlines Inc.
2267,LGA,MIA,American Airlines Inc.
1429,JFK,LAS,Delta Air Lines Inc.
1493,EWR,LAX,United Air Lines Inc.
421,EWR,SFO,United Air Lines Inc.
1375,JFK,SLC,Delta Air Lines Inc.
4100,EWR,MEM,ExpressJet Airlines Inc.
4092,EWR,DAY,ExpressJet Airlines Inc.
2146,LGA,BOS,US Airways Inc.
1119,JFK,CLT,JetBlue Airways
181,JFK,LAX,American Airlines Inc.
1305,JFK,IAD,JetBlue Airways
1959,JFK,MCO,Delta Air Lines Inc.
1734,JFK,BTV,JetBlue Airways
2343,EWR,ATL,Delta Air Lines Inc.
1006,JFK,BOS,JetBlue Airways
201,JFK,FLL,JetBlue Airways
771,JFK,LAX,United Air Lines Inc.
2027,JFK,FLL,Delta Air Lines Inc.
1762,JFK,BOS,American Airlines Inc.
3938,LGA,STL,Southwest Airlines Co.
1678,EWR,DEN,United Air Lines Inc.
343,LGA,ORD,American Airlines Inc.
2181,LGA,DCA,US Airways Inc.
1831,JFK,CLT,US Airways Inc.
4555,LGA,CMH,Envoy Air
1373,JFK,MIA,Delta Air Lines Inc.
1433,JFK,MIA,Delta Air Lines Inc.
482,EWR,FLL,United Air Lines Inc.
3483,JFK,BOS,Endeavor Air Inc.
527,EWR,MCO,JetBlue Airways
4419,EWR,IND,ExpressJet Airlines Inc.
4293,EWR,CHS,ExpressJet Airlines Inc.
1290,LGA,CLE,United Air Lines Inc.
1448,EWR,MCO,United Air Lines Inc.
51,JFK,HNL,Hawaiian Airlines Inc.
1602,LGA,IAH,United Air Lines Inc.
3383,JFK,CVG,Endeavor Air Inc.
499,LGA,MCO,JetBlue Airways
4357,JFK,ORF,Endeavor Air Inc.
411,JFK,LAS,JetBlue Airways
3317,JFK,BUF,Endeavor Air Inc.
1117,LGA,TPA,JetBlue Airways
837,LGA,DEN,Frontier Airlines Inc.
4682,EWR,GSP,ExpressJet Airlines Inc.
181,JFK,LAX,American Airlines Inc.
1635,JFK,SJU,American Airlines Inc.
5038,LGA,BHM,ExpressJet Airlines Inc.
145,JFK,SAN,American Airlines Inc.
4119,EWR,RIC,ExpressJet Airlines Inc.
3852,EWR,DAY,ExpressJet Airlines Inc.
3355,LGA,BNA,Envoy Air
509,LGA,DEN,United Air Lines Inc.
4333,EWR,TUL,ExpressJet Airlines Inc.
3387,JFK,RDU,Endeavor Air Inc.
3613,JFK,ROC,Endeavor Air Inc.
359,JFK,BUR,JetBlue Airways
904,LGA,ATL,Delta Air Lines Inc.
4700,EWR,CLT,ExpressJet Airlines Inc.
1215,EWR,FLL,United Air Lines Inc.
4650,LGA,ATL,Envoy Air
5897,EWR,ORF,ExpressJet Airlines Inc.
4533,EWR,BUF,ExpressJet Airlines Inc.
656,EWR,PHX,US Airways Inc.
186,EWR,PHX,US Airways Inc.
394,EWR,SFO,United Air Lines Inc.
4638,EWR,CVG,ExpressJet Airlines Inc.
327,EWR,MCO,JetBlue Airways
1493,EWR,LAX,United Air Lines Inc.
83,JFK,FLL,Delta Air Lines Inc.
3373,EWR,MSP,Endeavor Air Inc.
509,LGA,DEN,Frontier Airlines Inc.
490,EWR,AUS,United Air Lines Inc.
319,LGA,ORD,American Airlines Inc.
2114,LGA,BOS,US Airways Inc.
1207,EWR,IAH,United Air Lines Inc.
509,LGA,DEN,United Air Lines Inc.
3676,LGA,MDW,Southwest Airlines Co.
4334,EWR,CMH,ExpressJet Airlines Inc.
2379,LGA,FLL,Delta Air Lines Inc.
1790,JFK,BOS,American Airlines Inc.
773,LGA,DFW,American Airlines Inc.
1762,JFK,BOS,American Airlines Inc.
171,JFK,SMF,JetBlue Airways
653,JFK,PBI,JetBlue Airways
485,EWR,ATL,Delta Air Lines Inc.
1375,JFK,SLC,Delta Air Lines Inc.
5084,EWR,DTW,ExpressJet Airlines Inc.
685,LGA,ORD,United Air Lines Inc.
407,JFK,PHX,US Airways Inc.
1331,JFK,DEN,Delta Air Lines Inc.
3838,EWR,BUF,ExpressJet Airlines Inc.
785,LGA,DFW,American Airlines Inc.
1837,LGA,MIA,American Airlines Inc.
2815,JFK,CLE,Envoy Air
611,JFK,LAS,JetBlue Airways
4510,EWR,MKE,ExpressJet Airlines Inc.
2193,LGA,DCA,US Airways Inc.
743,EWR,LAX,United Air Lines Inc.
141,JFK,FLL,Delta Air Lines Inc.
5068,EWR,DTW,ExpressJet Airlines Inc.
15,EWR,SEA,Alaska Airlines Inc.
415,JFK,SFO,JetBlue Airways
512,JFK,SFO,United Air Lines Inc.
708,EWR,ORD,United Air Lines Inc.
1004,JFK,BOS,JetBlue Airways
3486,LGA,BNA,Envoy Air
618,JFK,PWM,JetBlue Airways
683,JFK,MCO,JetBlue Airways
706,JFK,AUS,Delta Air Lines Inc.
1191,JFK,ACK,JetBlue Airways
975,LGA,PIT,Delta Air Lines Inc.
1695,EWR,IAH,United Air Lines Inc.
1547,LGA,ATL,Delta Air Lines Inc.
141,JFK,SFO,Delta Air Lines Inc.
706,JFK,AUS,Delta Air Lines Inc.
1747,LGA,ATL,Delta Air Lines Inc.
4415,LGA,RDU,Envoy Air
8,JFK,BUF,JetBlue Airways
2343,EWR,ATL,Delta Air Lines Inc.
1919,LGA,MSP,Delta Air Lines Inc.
2164,LGA,BOS,US Airways Inc.
116,JFK,SYR,JetBlue Airways
517,EWR,MCO,JetBlue Airways
1935,LGA,TPA,Delta Air Lines Inc.
798,EWR,ORD,United Air Lines Inc.
87,JFK,SLC,Delta Air Lines Inc.
1151,EWR,SEA,United Air Lines Inc.
673,JFK,LAX,JetBlue Airways
503,EWR,FLL,JetBlue Airways
4382,EWR,DTW,ExpressJet Airlines Inc.
337,LGA,ORD,American Airlines Inc.
1703,EWR,BOS,United Air Lines Inc.
1607,LGA,PHL,US Airways Inc.
4711,EWR,STL,ExpressJet Airlines Inc.
1303,JFK,IAD,JetBlue Airways
711,LGA,DFW,American Airlines Inc.
341,JFK,SRQ,JetBlue Airways
2044,LGA,MIA,Delta Air Lines Inc.
618,JFK,BOS,JetBlue Airways
3349,LGA,MSP,Envoy Air
3819,EWR,CVG,ExpressJet Airlines Inc.
883,JFK,MCO,JetBlue Airways
4522,EWR,BNA,ExpressJet Airlines Inc.
2802,JFK,BUF,JetBlue Airways
45,JFK,LAS,American Airlines Inc.
3388,LGA,CMH,Envoy Air
1172,EWR,BOS,JetBlue Airways
3615,JFK,IND,Endeavor Air Inc.
4535,EWR,MSP,ExpressJet Airlines Inc.
668,LGA,CLE,United Air Lines Inc.
1117,LGA,TPA,JetBlue Airways
3899,JFK,CLE,Endeavor Air Inc.
602,EWR,IAH,United Air Lines Inc.
4447,LGA,RDU,Envoy Air
347,EWR,LAS,United Air Lines Inc.
517,EWR,MCO,JetBlue Airways
413,JFK,LAX,Virgin America
3587,LGA,MKE,Southwest Airlines Co.
2177,LGA,DCA,US Airways Inc.
731,LGA,DTW,Delta Air Lines Inc.
269,JFK,SEA,American Airlines Inc.
1651,EWR,SFO,United Air Lines Inc.
4676,EWR,GRR,ExpressJet Airlines Inc.
456,EWR,FLL,United Air Lines Inc.
1627,EWR,PBI,United Air Lines Inc.
331,LGA,ORD,American Airlines Inc.
359,JFK,BUR,JetBlue Airways
5796,EWR,ROC,ExpressJet Airlines Inc.
201,EWR,BNA,Southwest Airlines Co.
4519,EWR,BWI,ExpressJet Airlines Inc.
211,JFK,IAH,American Airlines Inc.
883,JFK,MCO,JetBlue Airways
4720,EWR,HOU,Southwest Airlines Co.
2179,LGA,DCA,US Airways Inc.
127,EWR,MCO,JetBlue Airways
573,EWR,TPA,JetBlue Airways
470,EWR,PHX,United Air Lines Inc.
1801,JFK,FLL,JetBlue Airways
443,JFK,MIA,American Airlines Inc.
348,LGA,ATL,AirTran Airways Corporation
5,EWR,SEA,Alaska Airlines Inc.
778,LGA,ATL,AirTran Airways Corporation
3937,EWR,BNA,Southwest Airlines Co.
3832,EWR,PVD,ExpressJet Airlines Inc.
2190,JFK,MIA,Delta Air Lines Inc.
1010,EWR,CLT,United Air Lines Inc.
2793,JFK,CMH,Envoy Air
1299,EWR,RSW,United Air Lines Inc.
4162,EWR,BTV,ExpressJet Airlines Inc.
947,LGA,ATL,Delta Air Lines Inc.
23,JFK,SFO,Virgin America
1600,EWR,LAX,United Air Lines Inc.
3523,JFK,ORD,Endeavor Air Inc.
102,EWR,DEN,Southwest Airlines Co.
3827,EWR,CAE,ExpressJet Airlines Inc.
418,EWR,SFO,United Air Lines Inc.
4227,EWR,ATL,ExpressJet Airlines Inc.
1692,EWR,MCO,United Air Lines Inc.
917,JFK,ORD,JetBlue Airways
785,LGA,DFW,American Airlines Inc.
4264,EWR,BTV,ExpressJet Airlines Inc.
331,LGA,ORD,American Airlines Inc.
1750,JFK,BOS,American Airlines Inc.
2044,LGA,MIA,Delta Air Lines Inc.
59,JFK,SFO,American Airlines Inc.
1429,LGA,CLT,US Airways Inc.
5675,EWR,BTV,ExpressJet Airlines Inc.
3661,JFK,ROC,Endeavor Air Inc.
3728,EWR,ORD,Envoy Air
4669,LGA,ATL,Envoy Air
2173,LGA,DCA,US Airways Inc.
1403,JFK,SJU,JetBlue Airways
449,EWR,CLT,US Airways Inc.
2395,LGA,PBI,Delta Air Lines Inc.
1875,LGA,TPA,Delta Air Lines Inc.
3572,LGA,CLE,Envoy Air
701,EWR,PBI,United Air Lines Inc.
4409,EWR,RIC,ExpressJet Airlines Inc.
1558,EWR,SFO,United Air Lines Inc.
5712,JFK,IAD,ExpressJet Airlines Inc.
1025,LGA,IAH,United Air Lines Inc.
3695,EWR,ORD,Envoy Air
739,JFK,PSE,JetBlue Airways
753,LGA,DFW,American Airlines Inc.
1445,LGA,CLT,US Airways Inc.
1171,EWR,ORD,United Air Lines Inc.
4700,EWR,CLT,ExpressJet Airlines Inc.
3760,EWR,ORD,Envoy Air
3325,JFK,DFW,Endeavor Air Inc.
3285,JFK,MSY,Endeavor Air Inc.
426,JFK,LAX,Delta Air Lines Inc.
183,JFK,SEA,Delta Air Lines Inc.
4693,EWR,MHT,ExpressJet Airlines Inc.
1258,EWR,IAH,United Air Lines Inc.
1115,EWR,TPA,United Air Lines Inc.
2003,LGA,MIA,Delta Air Lines Inc.
4326,EWR,CLT,ExpressJet Airlines Inc.
1159,JFK,LAX,United Air Lines Inc.
641,JFK,SFO,JetBlue Airways
4104,EWR,BNA,ExpressJet Airlines Inc.
15,JFK,FLL,JetBlue Airways
4628,EWR,STL,ExpressJet Airlines Inc.
116,JFK,SYR,JetBlue Airways
1627,EWR,PBI,United Air Lines Inc.
380,EWR,BOS,JetBlue Airways
701,JFK,SJU,JetBlue Airways
5378,LGA,PIT,ExpressJet Airlines Inc.
1889,JFK,SEA,Delta Air Lines Inc.
1442,EWR,RSW,United Air Lines Inc.
1152,EWR,LAX,United Air Lines Inc.
1714,LGA,IAH,United Air Lines Inc.
267,LGA,CLE,United Air Lines Inc.
423,JFK,LAX,JetBlue Airways
59,JFK,TPA,JetBlue Airways
1167,JFK,TPA,Delta Air Lines Inc.
415,JFK,LAX,Virgin America
41,JFK,FLL,JetBlue Airways
499,EWR,SEA,United Air Lines Inc.
1418,EWR,SFO,United Air Lines Inc.
2379,LGA,FLL,Delta Air Lines Inc.
390,EWR,MSY,United Air Lines Inc.
1266,EWR,LAX,United Air Lines Inc.
4552,EWR,GSO,ExpressJet Airlines Inc.
711,JFK,LAS,JetBlue Airways
215,EWR,BOS,United Air Lines Inc.
1131,LGA,DTW,Delta Air Lines Inc.
505,EWR,FLL,JetBlue Airways
3795,EWR,CVG,Endeavor Air Inc.
2144,LGA,BOS,US Airways Inc.
3695,EWR,ORD,Envoy Air
23,JFK,SFO,Virgin America
3765,LGA,MKE,Southwest Airlines Co.
1539,EWR,BOS,United Air Lines Inc.
299,LGA,MCO,JetBlue Airways
2175,LGA,PBI,Delta Air Lines Inc.
3199,LGA,CLT,Envoy Air
305,EWR,FLL,JetBlue Airways
553,JFK,PBI,JetBlue Airways
1925,LGA,MIA,American Airlines Inc.
3202,JFK,IND,Envoy Air
887,EWR,IAH,United Air Lines Inc.
1959,JFK,MCO,Delta Air Lines Inc.
1643,EWR,DEN,United Air Lines Inc.
581,JFK,HOU,JetBlue Airways
1454,LGA,IAH,United Air Lines Inc.
4334,EWR,CMH,ExpressJet Airlines Inc.
653,EWR,LAX,United Air Lines Inc.
1111,JFK,RDU,JetBlue Airways
199,JFK,ORD,American Airlines Inc.
397,JFK,SFO,United Air Lines Inc.
2175,LGA,DCA,US Airways Inc.
1229,EWR,CLT,US Airways Inc.
1013,JFK,LGB,JetBlue Airways
709,JFK,SJU,JetBlue Airways
5736,LGA,IAD,ExpressJet Airlines Inc.
2599,JFK,BOS,Delta Air Lines Inc.
5207,LGA,BGR,ExpressJet Airlines Inc.
2243,JFK,MIA,American Airlines Inc.
1919,LGA,MSP,Delta Air Lines Inc.
95,JFK,LAX,Delta Air Lines Inc.
963,JFK,LAX,Delta Air Lines Inc.
1639,LGA,RSW,JetBlue Airways
987,JFK,MCO,JetBlue Airways
3809,EWR,GSO,ExpressJet Airlines Inc.
3374,JFK,RDU,Envoy Air
381,LGA,FLL,JetBlue Airways
884,LGA,DEN,Delta Air Lines Inc.
377,LGA,FLL,JetBlue Airways
1102,EWR,ORD,United Air Lines Inc.
4490,LGA,STL,Southwest Airlines Co.
2312,LGA,ATL,Delta Air Lines Inc.
1257,LGA,IAH,United Air Lines Inc.
235,JFK,SEA,American Airlines Inc.
939,JFK,BQN,JetBlue Airways
1935,LGA,TPA,Delta Air Lines Inc.
345,LGA,ORD,American Airlines Inc.
623,LGA,ATL,AirTran Airways Corporation
1729,JFK,LAS,Delta Air Lines Inc.
4631,EWR,JAX,ExpressJet Airlines Inc.
3531,LGA,RDU,Envoy Air
309,LGA,ORD,American Airlines Inc.
894,LGA,CLT,US Airways Inc.
883,LGA,DEN,United Air Lines Inc.
4333,EWR,TUL,ExpressJet Airlines Inc.
1004,EWR,LAX,United Air Lines Inc.
21,JFK,LAX,American Airlines Inc.
1295,JFK,AUS,JetBlue Airways
3357,LGA,ATL,Envoy Air
4105,JFK,IAD,Endeavor Air Inc.
42,JFK,SYR,JetBlue Airways
3492,JFK,DCA,Endeavor Air Inc.
507,LGA,DEN,Frontier Airlines Inc.
731,LGA,DTW,Delta Air Lines Inc.
4447,LGA,RDU,Envoy Air
2226,LGA,MDW,Southwest Airlines Co.
4348,EWR,MSP,ExpressJet Airlines Inc.
300,EWR,DFW,American Airlines Inc.
702,JFK,BUF,JetBlue Airways
115,LGA,MDW,Southwest Airlines Co.
553,EWR,RSW,JetBlue Airways
423,JFK,LAX,JetBlue Airways
341,JFK,SRQ,JetBlue Airways
2119,LGA,MSP,Delta Air Lines Inc.
31,JFK,SLC,Delta Air Lines Inc.
2139,LGA,MIA,Delta Air Lines Inc.
1615,EWR,AUS,United Air Lines Inc.
4702,EWR,GSO,ExpressJet Airlines Inc.
389,LGA,MCO,JetBlue Airways
3513,LGA,MKE,Endeavor Air Inc.
831,LGA,DTW,Delta Air Lines Inc.
918,JFK,BOS,JetBlue Airways
780,EWR,MSP,Delta Air Lines Inc.
1439,EWR,LAX,United Air Lines Inc.
695,JFK,AUS,American Airlines Inc.
717,LGA,DFW,American Airlines Inc.
3314,JFK,BOS,Endeavor Air Inc.
5172,EWR,DTW,ExpressJet Airlines Inc.
2131,LGA,DTW,Delta Air Lines Inc.
483,JFK,MCO,JetBlue Airways
327,LGA,ORD,American Airlines Inc.
3839,EWR,BNA,ExpressJet Airlines Inc.
1004,JFK,BOS,JetBlue Airways
635,LGA,ORD,United Air Lines Inc.
1243,EWR,BOS,United Air Lines Inc.
1178,EWR,BOS,JetBlue Airways
1437,LGA,CLE,United Air Lines Inc.
807,EWR,ATL,Delta Air Lines Inc.
4086,EWR,PWM,ExpressJet Airlines Inc.
4220,JFK,RDU,Endeavor Air Inc.
1156,LGA,DFW,American Airlines Inc.
720,EWR,CLT,US Airways Inc.
11,JFK,FLL,JetBlue Airways
1281,EWR,SFO,United Air Lines Inc.
1259,LGA,IAH,United Air Lines Inc.
193,EWR,SFO,Virgin America
353,LGA,ORD,American Airlines Inc.
117,JFK,LAX,American Airlines Inc.
544,LGA,ORD,United Air Lines Inc.
535,JFK,LAX,United Air Lines Inc.
4383,EWR,DTW,ExpressJet Airlines Inc.
2391,JFK,TPA,Delta Air Lines Inc.
4241,EWR,DCA,ExpressJet Airlines Inc.
349,LGA,ATL,AirTran Airways Corporation
4395,EWR,IND,ExpressJet Airlines Inc.
1063,JFK,AUS,JetBlue Airways
2343,EWR,ATL,Delta Air Lines Inc.
1873,EWR,DEN,Southwest Airlines Co.
4420,EWR,ORF,ExpressJet Airlines Inc.
3315,JFK,MSP,Endeavor Air Inc.
1593,EWR,SFO,United Air Lines Inc.
4093,EWR,ALB,ExpressJet Airlines Inc.
1175,JFK,LAX,United Air Lines Inc.
1164,JFK,BOS,Delta Air Lines Inc.
3713,LGA,XNA,Envoy Air
4377,EWR,JAX,ExpressJet Airlines Inc.
4382,EWR,DTW,ExpressJet Airlines Inc.
4255,JFK,BNA,Envoy Air
4321,EWR,MCI,ExpressJet Airlines Inc.
2327,EWR,MDW,Southwest Airlines Co.
2138,LGA,BOS,US Airways Inc.
3416,LGA,RDU,Envoy Air
1205,EWR,SFO,United Air Lines Inc.
914,LGA,DEN,Delta Air Lines Inc.
21,JFK,TPA,JetBlue Airways
173,JFK,SJC,JetBlue Airways
681,EWR,ORD,United Air Lines Inc.
1455,EWR,LAX,United Air Lines Inc.
461,LGA,PBI,JetBlue Airways
2815,JFK,CLE,Envoy Air
2039,LGA,CLT,US Airways Inc.
2331,LGA,DTW,Delta Air Lines Inc.
1576,JFK,SAN,Delta Air Lines Inc.
364,LGA,ORD,United Air Lines Inc.
2181,LGA,DCA,US Airways Inc.
1507,EWR,DFW,American Airlines Inc.
348,LGA,ATL,AirTran Airways Corporation
708,EWR,ORD,United Air Lines Inc.
1729,JFK,RSW,JetBlue Airways
4152,EWR,ATL,ExpressJet Airlines Inc.
4638,EWR,CVG,ExpressJet Airlines Inc.
1647,LGA,ATL,Delta Air Lines Inc.
63,JFK,TPA,JetBlue Airways
635,EWR,ORD,United Air Lines Inc.
2351,JFK,MIA,American Airlines Inc.
3386,JFK,DCA,Envoy Air
3,JFK,SJU,JetBlue Airways
1647,LGA,ATL,Delta Air Lines Inc.
257,JFK,LAS,American Airlines Inc.
625,JFK,HOU,JetBlue Airways
4601,LGA,BNA,Envoy Air
41,JFK,MCO,JetBlue Airways
369,LGA,PBI,JetBlue Airways
5286,LGA,BTV,ExpressJet Airlines Inc.
145,JFK,SAN,American Airlines Inc.
21,JFK,LAX,American Airlines Inc.
3824,EWR,IAD,ExpressJet Airlines Inc.
4567,EWR,MCI,ExpressJet Airlines Inc.
2098,LGA,MIA,Delta Air Lines Inc.
4667,EWR,MSP,ExpressJet Airlines Inc.
305,LGA,IAH,United Air Lines Inc.
53,JFK,PBI,JetBlue Airways
1259,LGA,IAH,United Air Lines Inc.
116,JFK,SYR,JetBlue Airways
1178,EWR,BOS,JetBlue Airways
372,LGA,STL,Southwest Airlines Co.
1057,JFK,CLT,US Airways Inc.
337,LGA,ORD,American Airlines Inc.
1183,JFK,MCO,JetBlue Airways
1499,JFK,MIA,American Airlines Inc.
4204,EWR,OKC,ExpressJet Airlines Inc.
5815,EWR,RIC,ExpressJet Airlines Inc.
4333,EWR,TUL,ExpressJet Airlines Inc.
143,JFK,RSW,JetBlue Airways
161,JFK,SMF,JetBlue Airways
575,JFK,EGE,American Airlines Inc.
4670,LGA,BNA,Envoy Air
2363,JFK,LAX,Delta Air Lines Inc.
2285,JFK,MCO,American Airlines Inc.
375,LGA,FLL,JetBlue Airways
673,EWR,ATL,Delta Air Lines Inc.
5711,JFK,IAD,ExpressJet Airlines Inc.
926,EWR,ATL,Delta Air Lines Inc.
4248,EWR,IND,ExpressJet Airlines Inc.
323,JFK,LAX,JetBlue Airways
391,LGA,MCO,JetBlue Airways
715,LGA,DFW,American Airlines Inc.
2480,EWR,BOS,JetBlue Airways
1798,EWR,ATL,Delta Air Lines Inc.
3,JFK,SJU,JetBlue Airways
4241,EWR,DCA,ExpressJet Airlines Inc.
3340,LGA,DTW,Envoy Air
1905,EWR,DFW,American Airlines Inc.
165,JFK,PDX,JetBlue Airways
371,LGA,ORD,American Airlines Inc.
83,JFK,MCO,JetBlue Airways
744,EWR,DFW,United Air Lines Inc.
422,JFK,LAX,Delta Air Lines Inc.
2391,JFK,TPA,Delta Air Lines Inc.
4349,EWR,ORF,ExpressJet Airlines Inc.
141,JFK,PBI,JetBlue Airways
3567,LGA,CLT,Envoy Air
323,JFK,LAX,JetBlue Airways
759,LGA,DFW,American Airlines Inc.
2514,JFK,MIA,Delta Air Lines Inc.
681,EWR,MIA,United Air Lines Inc.
1167,JFK,TPA,Delta Air Lines Inc.
807,EWR,ATL,Delta Air Lines Inc.
4255,EWR,CHS,ExpressJet Airlines Inc.
2591,JFK,SJU,Delta Air Lines Inc.
317,LGA,ORD,American Airlines Inc.
4679,EWR,JAX,ExpressJet Airlines Inc.
716,LGA,ATL,AirTran Airways Corporation
258,EWR,ORD,United Air Lines Inc.
1167,JFK,TPA,Delta Air Lines Inc.
727,JFK,BQN,JetBlue Airways
1903,LGA,SRQ,Delta Air Lines Inc.
4642,EWR,OMA,ExpressJet Airlines Inc.
2158,LGA,BOS,US Airways Inc.
139,JFK,RSW,JetBlue Airways
841,JFK,LAX,United Air Lines Inc.
1,JFK,LAX,American Airlines Inc.
71,JFK,FLL,JetBlue Airways
428,LGA,MKE,Southwest Airlines Co.
4093,EWR,CVG,ExpressJet Airlines Inc.
3778,LGA,IAD,Mesa Airlines Inc.
4085,EWR,OMA,ExpressJet Airlines Inc.
4691,EWR,DAY,ExpressJet Airlines Inc.
1035,EWR,HOU,Southwest Airlines Co.
35,EWR,DEN,Southwest Airlines Co.
797,JFK,LAX,United Air Lines Inc.
699,EWR,ORD,United Air Lines Inc.
264,LGA,DEN,Southwest Airlines Co.
1902,LGA,PBI,Delta Air Lines Inc.
497,EWR,SFO,United Air Lines Inc.
251,JFK,LAS,Virgin America
1647,LGA,ATL,Delta Air Lines Inc.
5211,LGA,SAV,ExpressJet Airlines Inc.
771,JFK,LAX,United Air Lines Inc.
1170,EWR,FLL,United Air Lines Inc.
4276,EWR,BDL,ExpressJet Airlines Inc.
2167,LGA,DCA,US Airways Inc.
359,LGA,ORD,American Airlines Inc.
2331,LGA,DTW,Delta Air Lines Inc.
247,EWR,ORD,United Air Lines Inc.
329,JFK,SJU,Delta Air Lines Inc.
251,JFK,LAS,Virgin America
1902,LGA,PBI,Delta Air Lines Inc.
357,LGA,ATL,AirTran Airways Corporation
2926,JFK,ORD,Endeavor Air Inc.
781,LGA,ATL,Delta Air Lines Inc.
472,EWR,FLL,United Air Lines Inc.
1647,LGA,ATL,Delta Air Lines Inc.
1107,LGA,DFW,American Airlines Inc.
602,JFK,PWM,JetBlue Airways
4118,EWR,DTW,ExpressJet Airlines Inc.
4181,EWR,MCI,ExpressJet Airlines Inc.
581,JFK,HOU,JetBlue Airways
454,LGA,ORD,United Air Lines Inc.
1935,LGA,TPA,Delta Air Lines Inc.
5826,EWR,PIT,ExpressJet Airlines Inc.
4669,LGA,ATL,Envoy Air
3052,JFK,TPA,Envoy Air
181,JFK,SAN,JetBlue Airways
4548,EWR,MCI,ExpressJet Airlines Inc.
2279,LGA,MIA,American Airlines Inc.
425,JFK,MCO,Delta Air Lines Inc.
485,EWR,DEN,United Air Lines Inc.
1983,EWR,AUS,Southwest Airlines Co.
4407,EWR,OMA,ExpressJet Airlines Inc.
3547,LGA,XNA,Envoy Air
1104,LGA,MDW,Southwest Airlines Co.
647,EWR,MCO,United Air Lines Inc.
1729,JFK,LAS,Delta Air Lines Inc.
341,JFK,SRQ,JetBlue Airways
1433,LGA,CLT,US Airways Inc.
221,EWR,SFO,United Air Lines Inc.
1744,LGA,IAH,United Air Lines Inc.
600,JFK,PWM,JetBlue Airways
1394,JFK,PDX,Delta Air Lines Inc.
2156,LGA,BOS,US Airways Inc.
1790,JFK,BOS,American Airlines Inc.
4628,EWR,STL,ExpressJet Airlines Inc.
251,JFK,LAS,Virgin America
4171,EWR,MSN,ExpressJet Airlines Inc.
1201,JFK,FLL,JetBlue Airways
3385,JFK,BOS,Endeavor Air Inc.
763,JFK,LAX,Delta Air Lines Inc.
84,JFK,BOS,American Airlines Inc.
4963,EWR,MSP,ExpressJet Airlines Inc.
2319,LGA,MSP,Delta Air Lines Inc.
3535,JFK,CMH,Envoy Air
642,JFK,SFO,United Air Lines Inc.
3546,LGA,MSP,Envoy Air
199,JFK,ORD,American Airlines Inc.
4278,EWR,CAE,ExpressJet Airlines Inc.
4348,EWR,MCI,ExpressJet Airlines Inc.
1183,EWR,RSW,United Air Lines Inc.
2138,LGA,BOS,US Airways Inc.
3525,LGA,RDU,Envoy Air
927,EWR,MCO,JetBlue Airways
329,LGA,ORD,American Airlines Inc.
4361,EWR,TYS,ExpressJet Airlines Inc.
4543,EWR,DSM,ExpressJet Airlines Inc.
1762,JFK,BOS,American Airlines Inc.
673,JFK,LAX,JetBlue Airways
2937,JFK,IAD,Endeavor Air Inc.
1565,JFK,SFO,Delta Air Lines Inc.
4169,EWR,IND,ExpressJet Airlines Inc.
1142,EWR,BOS,United Air Lines Inc.
269,JFK,SEA,American Airlines Inc.
1110,EWR,LAS,United Air Lines Inc.
2173,LGA,DCA,US Airways Inc.
3285,JFK,DTW,Endeavor Air Inc.
623,EWR,SAN,United Air Lines Inc.
5268,LGA,CLT,ExpressJet Airlines Inc.
4426,LGA,CMH,Envoy Air
345,LGA,ATL,AirTran Airways Corporation
5736,LGA,IAD,ExpressJet Airlines Inc.
1647,LGA,ATL,Delta Air Lines Inc.
4106,EWR,GSO,ExpressJet Airlines Inc.
326,EWR,ORD,United Air Lines Inc.
1593,EWR,MCO,United Air Lines Inc.
1663,EWR,SFO,United Air Lines Inc.
27,JFK,SFO,Virgin America
419,JFK,SEA,Delta Air Lines Inc.
3792,JFK,DCA,Envoy Air
29,JFK,SFO,Virgin America
1266,EWR,LAX,United Air Lines Inc.
1279,LGA,MEM,Delta Air Lines Inc.
1945,LGA,HOU,Southwest Airlines Co.
977,EWR,MIA,American Airlines Inc.
1070,EWR,SFO,United Air Lines Inc.
4495,EWR,SAV,ExpressJet Airlines Inc.
2181,LGA,MCO,Delta Air Lines Inc.
1665,EWR,LAX,United Air Lines Inc.
4370,EWR,CHS,ExpressJet Airlines Inc.
2195,LGA,DCA,US Airways Inc.
2751,LGA,CLT,Mesa Airlines Inc.
5698,LGA,IAD,ExpressJet Airlines Inc.
1416,EWR,IAH,United Air Lines Inc.
807,EWR,ATL,Delta Air Lines Inc.
2936,JFK,IAD,Endeavor Air Inc.
3944,JFK,BWI,Envoy Air
291,JFK,AUS,American Airlines Inc.
1171,LGA,FLL,JetBlue Airways
4186,EWR,BDL,ExpressJet Airlines Inc.
4662,EWR,RDU,ExpressJet Airlines Inc.
4019,JFK,RIC,Endeavor Air Inc.
507,EWR,BOS,United Air Lines Inc.
3395,JFK,DCA,Endeavor Air Inc.
1493,EWR,LAX,United Air Lines Inc.
3493,LGA,CLE,Envoy Air
802,EWR,CLT,US Airways Inc.
1485,LGA,MCO,Delta Air Lines Inc.
1605,EWR,LAS,United Air Lines Inc.
4633,EWR,BTV,ExpressJet Airlines Inc.
1273,JFK,CHS,JetBlue Airways
701,JFK,SJU,JetBlue Airways
1592,EWR,MCO,United Air Lines Inc.
2185,LGA,DCA,US Airways Inc.
254,LGA,IAH,United Air Lines Inc.
2377,LGA,MCO,Delta Air Lines Inc.
874,LGA,MIA,Delta Air Lines Inc.
1054,EWR,LAX,United Air Lines Inc.
2189,LGA,DCA,US Airways Inc.
1771,JFK,DTW,Delta Air Lines Inc.
731,LGA,DTW,Delta Air Lines Inc.
215,EWR,BOS,United Air Lines Inc.
2279,LGA,MIA,American Airlines Inc.
1109,LGA,TPA,Delta Air Lines Inc.
1701,JFK,FLL,JetBlue Airways
4033,LGA,TYS,Endeavor Air Inc.
1416,EWR,SNA,United Air Lines Inc.
707,LGA,DFW,American Airlines Inc.
402,JFK,BOS,Delta Air Lines Inc.
2319,LGA,MSP,Delta Air Lines Inc.
4333,EWR,TUL,ExpressJet Airlines Inc.
199,JFK,ORD,American Airlines Inc.
349,LGA,ATL,AirTran Airways Corporation
3489,LGA,RSW,Endeavor Air Inc.
2128,LGA,BOS,US Airways Inc.
1174,LGA,PBI,Delta Air Lines Inc.
1465,JFK,SFO,Delta Air Lines Inc.
4060,LGA,DAY,Endeavor Air Inc.
1113,EWR,CLT,US Airways Inc.
4300,EWR,RIC,ExpressJet Airlines Inc.
1467,LGA,MIA,American Airlines Inc.
2223,LGA,STL,American Airlines Inc.
5899,EWR,DCA,ExpressJet Airlines Inc.
3815,EWR,BNA,ExpressJet Airlines Inc.
1529,JFK,LAS,Delta Air Lines Inc.
15,EWR,HNL,United Air Lines Inc.
1599,LGA,MIA,American Airlines Inc.
213,JFK,LGB,JetBlue Airways
1075,LGA,MSY,Delta Air Lines Inc.
2154,LGA,BOS,US Airways Inc.
1444,JFK,CLT,US Airways Inc.
1435,LGA,TPA,Delta Air Lines Inc.
112,EWR,MSY,United Air Lines Inc.
4250,EWR,CMH,ExpressJet Airlines Inc.
1119,JFK,CLT,JetBlue Airways
1751,EWR,CLT,US Airways Inc.
429,EWR,MSY,United Air Lines Inc.
669,JFK,SJC,JetBlue Airways
2144,LGA,BOS,US Airways Inc.
4395,EWR,IND,ExpressJet Airlines Inc.
1305,JFK,IAD,JetBlue Airways
454,JFK,LAS,Delta Air Lines Inc.
1677,JFK,JAX,JetBlue Airways
353,LGA,CAK,AirTran Airways Corporation
671,JFK,LAX,JetBlue Airways
1053,EWR,CLE,United Air Lines Inc.
417,EWR,ORD,United Air Lines Inc.
271,LGA,FLL,JetBlue Airways
108,JFK,BUF,JetBlue Airways
4522,EWR,BNA,ExpressJet Airlines Inc.
345,LGA,ATL,AirTran Airways Corporation
27,JFK,SFO,Virgin America
1519,EWR,MCO,United Air Lines Inc.
2181,LGA,MCO,Delta Air Lines Inc.
291,JFK,AUS,American Airlines Inc.
3439,JFK,CVG,Endeavor Air Inc.
197,JFK,LAS,JetBlue Airways
3798,JFK,CLT,Endeavor Air Inc.
4,JFK,BUF,JetBlue Airways
791,LGA,DFW,American Airlines Inc.
399,JFK,LAX,Virgin America
3790,LGA,IAD,Mesa Airlines Inc.
3815,EWR,BNA,ExpressJet Airlines Inc.
3525,JFK,ORD,Endeavor Air Inc.
117,JFK,MSY,JetBlue Airways
4525,LGA,XNA,Envoy Air
2181,LGA,DCA,US Airways Inc.
1616,LGA,BNA,Southwest Airlines Co.
3525,LGA,RDU,Envoy Air
563,EWR,IAH,United Air Lines Inc.
3404,LGA,RDU,Envoy Air
5562,LGA,BGR,ExpressJet Airlines Inc.
5451,LGA,PIT,ExpressJet Airlines Inc.
615,JFK,JAX,JetBlue Airways
3363,JFK,RDU,Envoy Air
4390,EWR,MCI,ExpressJet Airlines Inc.
1639,LGA,IAH,United Air Lines Inc.
181,JFK,SAN,JetBlue Airways
5599,EWR,MSP,ExpressJet Airlines Inc.
161,EWR,LAX,Virgin America
2280,EWR,BOS,JetBlue Airways
4434,EWR,CLT,ExpressJet Airlines Inc.
281,EWR,SFO,United Air Lines Inc.
725,JFK,BQN,JetBlue Airways
4538,EWR,SDF,ExpressJet Airlines Inc.
3611,EWR,ORD,Envoy Air
5711,JFK,IAD,ExpressJet Airlines Inc.
2279,LGA,MIA,American Airlines Inc.
1139,EWR,ORD,United Air Lines Inc.
1875,LGA,TPA,Delta Air Lines Inc.
3374,JFK,RDU,Envoy Air
114,LGA,MDW,Southwest Airlines Co.
1902,LGA,PBI,Delta Air Lines Inc.
2042,EWR,ATL,Delta Air Lines Inc.
2331,LGA,DTW,Delta Air Lines Inc.
4540,LGA,DTW,Envoy Air
3748,EWR,ORD,Envoy Air
1919,LGA,MSP,Delta Air Lines Inc.
1903,LGA,SRQ,Delta Air Lines Inc.
2047,LGA,ATL,Delta Air Lines Inc.
2019,LGA,STL,American Airlines Inc.
545,LGA,MKE,Southwest Airlines Co.
2181,LGA,DCA,US Airways Inc.
4409,EWR,RIC,ExpressJet Airlines Inc.
4321,EWR,MCI,ExpressJet Airlines Inc.
6002,EWR,IND,ExpressJet Airlines Inc.
1002,JFK,BOS,JetBlue Airways
998,EWR,PHX,United Air Lines Inc.
623,LGA,ATL,AirTran Airways Corporation
997,EWR,LAX,United Air Lines Inc.
461,LGA,ATL,Delta Air Lines Inc.
179,JFK,SFO,American Airlines Inc.
4164,EWR,DTW,ExpressJet Airlines Inc.
3231,JFK,PIT,Envoy Air
2119,LGA,MSP,Delta Air Lines Inc.
525,JFK,TPA,JetBlue Airways
703,JFK,LAX,United Air Lines Inc.
583,JFK,MCO,JetBlue Airways
1854,LGA,FLL,Delta Air Lines Inc.
825,JFK,FLL,American Airlines Inc.
431,LGA,SRQ,JetBlue Airways
1769,JFK,MIA,American Airlines Inc.
399,JFK,LAX,Virgin America
87,JFK,LAX,Delta Air Lines Inc.
695,JFK,MCO,Delta Air Lines Inc.
1171,EWR,ORD,United Air Lines Inc.
3970,LGA,GRR,Endeavor Air Inc.
4430,EWR,DTW,ExpressJet Airlines Inc.
655,JFK,STT,American Airlines Inc.
23,JFK,LAX,JetBlue Airways
625,JFK,PHX,US Airways Inc.
3542,JFK,MSP,Endeavor Air Inc.
5592,LGA,MEM,ExpressJet Airlines Inc.
315,JFK,FLL,JetBlue Airways
1865,JFK,SFO,Delta Air Lines Inc.
1295,JFK,AUS,JetBlue Airways
4521,LGA,RDU,Envoy Air
5837,EWR,RIC,ExpressJet Airlines Inc.
83,JFK,MCO,JetBlue Airways
4445,EWR,IND,ExpressJet Airlines Inc.
1773,JFK,SLC,Delta Air Lines Inc.
4449,JFK,DCA,Envoy Air
2443,JFK,BOS,Delta Air Lines Inc.
894,LGA,CLT,US Airways Inc.
1284,EWR,SFO,United Air Lines Inc.
3267,EWR,PWM,ExpressJet Airlines Inc.
255,LGA,ORD,United Air Lines Inc.
404,EWR,MIA,United Air Lines Inc.
4654,LGA,ATL,Envoy Air
1171,LGA,FLL,JetBlue Airways
4380,EWR,MSP,ExpressJet Airlines Inc.
2602,JFK,BUF,JetBlue Airways
372,LGA,STL,Southwest Airlines Co.
3835,EWR,BNA,ExpressJet Airlines Inc.
547,EWR,PBI,JetBlue Airways
486,JFK,ROC,JetBlue Airways
561,LGA,DEN,United Air Lines Inc.
3386,JFK,DCA,Envoy Air
1136,EWR,CLT,US Airways Inc.
2052,EWR,CLT,US Airways Inc.
59,JFK,TPA,JetBlue Airways
1,JFK,FLL,JetBlue Airways
4202,EWR,STL,ExpressJet Airlines Inc.
4581,EWR,CMH,ExpressJet Airlines Inc.
985,JFK,BOS,Delta Air Lines Inc.
4370,EWR,CHS,ExpressJet Airlines Inc.
547,EWR,PBI,JetBlue Airways
993,LGA,MDW,Southwest Airlines Co.
1456,LGA,IAH,United Air Lines Inc.
703,JFK,SJU,JetBlue Airways
1295,JFK,AUS,JetBlue Airways
2131,LGA,DTW,Delta Air Lines Inc.
4131,EWR,RIC,ExpressJet Airlines Inc.
2480,EWR,BOS,JetBlue Airways
718,JFK,BOS,JetBlue Airways
249,EWR,MDW,Southwest Airlines Co.
301,JFK,FLL,JetBlue Airways
671,JFK,LAX,JetBlue Airways
1639,LGA,RSW,JetBlue Airways
1176,EWR,BOS,JetBlue Airways
3535,JFK,CMH,Envoy Air
5,EWR,SEA,Alaska Airlines Inc.
1143,EWR,PBI,United Air Lines Inc.
187,EWR,SFO,Virgin America
21,JFK,LAX,American Airlines Inc.
1705,LGA,MSY,Delta Air Lines Inc.
686,EWR,PHX,US Airways Inc.
2143,JFK,ATL,Delta Air Lines Inc.
681,EWR,RSW,United Air Lines Inc.
745,JFK,PSE,JetBlue Airways
2164,LGA,BOS,US Airways Inc.
4312,EWR,DCA,ExpressJet Airlines Inc.
6013,EWR,XNA,ExpressJet Airlines Inc.
505,EWR,FLL,JetBlue Airways
359,JFK,BUR,JetBlue Airways
669,JFK,SJC,JetBlue Airways
5840,EWR,GSP,ExpressJet Airlines Inc.
329,JFK,SJU,Delta Air Lines Inc.
1819,LGA,MSP,Delta Air Lines Inc.
3526,LGA,CMH,Envoy Air
2285,LGA,MCO,Delta Air Lines Inc.
2927,JFK,ORD,Endeavor Air Inc.
1221,EWR,DFW,United Air Lines Inc.
4431,LGA,RDU,Envoy Air
407,EWR,DEN,United Air Lines Inc.
343,LGA,DEN,United Air Lines Inc.
97,JFK,DEN,JetBlue Airways
3944,JFK,BWI,Envoy Air
759,LGA,DFW,American Airlines Inc.
1741,EWR,JAC,United Air Lines Inc.
1619,EWR,CLT,US Airways Inc.
4276,EWR,BDL,ExpressJet Airlines Inc.
1043,JFK,SEA,Delta Air Lines Inc.
402,JFK,BOS,Delta Air Lines Inc.
251,JFK,LAS,Virgin America
1690,EWR,MCO,United Air Lines Inc.
4335,EWR,CMH,ExpressJet Airlines Inc.
207,LGA,IAH,United Air Lines Inc.
1734,EWR,SAN,United Air Lines Inc.
2003,LGA,MIA,Delta Air Lines Inc.
337,LGA,ORD,American Airlines Inc.
371,LGA,ORD,American Airlines Inc.
1146,EWR,BOS,United Air Lines Inc.
1289,EWR,SJU,JetBlue Airways
4393,EWR,IND,ExpressJet Airlines Inc.
1573,LGA,MEM,Delta Air Lines Inc.
3393,JFK,DCA,Endeavor Air Inc.
795,JFK,AUS,JetBlue Airways
1703,EWR,BOS,United Air Lines Inc.
3437,JFK,MKE,Endeavor Air Inc.
2114,LGA,BOS,US Airways Inc.
698,EWR,TPA,United Air Lines Inc.
1593,EWR,MCO,United Air Lines Inc.
2370,LGA,PBI,Delta Air Lines Inc.
3852,EWR,DTW,ExpressJet Airlines Inc.
4212,EWR,RDU,ExpressJet Airlines Inc.
3538,JFK,MSP,Endeavor Air Inc.
1274,EWR,TPA,United Air Lines Inc.
1345,JFK,PHX,Delta Air Lines Inc.
4589,LGA,DTW,Envoy Air
1179,LGA,CLT,US Airways Inc.
87,JFK,SLC,Delta Air Lines Inc.
815,EWR,MDW,Southwest Airlines Co.
1599,LGA,MIA,American Airlines Inc.
1172,EWR,ORD,United Air Lines Inc.
743,LGA,DFW,American Airlines Inc.
923,LGA,MIA,Delta Air Lines Inc.
1141,JFK,MIA,American Airlines Inc.
3320,JFK,BUF,Endeavor Air Inc.
381,LGA,FLL,JetBlue Airways
698,EWR,TPA,United Air Lines Inc.
411,JFK,LAX,Virgin America
727,JFK,BQN,JetBlue Airways
185,JFK,LAX,American Airlines Inc.
4485,LGA,CMH,Envoy Air
2383,LGA,PWM,Delta Air Lines Inc.
4646,LGA,MSP,Envoy Air
3507,JFK,MSY,Endeavor Air Inc.
503,JFK,SAN,Delta Air Lines Inc.
301,LGA,ORD,American Airlines Inc.
3285,JFK,MSY,Endeavor Air Inc.
3325,JFK,DFW,Endeavor Air Inc.
1481,EWR,LAS,United Air Lines Inc.
483,EWR,MDW,Southwest Airlines Co.
4479,LGA,RDU,Envoy Air
1899,LGA,CLT,US Airways Inc.
420,JFK,LAX,Delta Air Lines Inc.
1113,EWR,CLT,US Airways Inc.
3694,EWR,ORD,Envoy Air
1734,JFK,BTV,JetBlue Airways
3325,JFK,DFW,Endeavor Air Inc.
1623,EWR,MCO,United Air Lines Inc.
237,EWR,DEN,United Air Lines Inc.
2177,LGA,DCA,US Airways Inc.
27,EWR,MCO,JetBlue Airways
456,JFK,PHX,US Airways Inc.
234,JFK,BTV,JetBlue Airways
2116,LGA,BOS,US Airways Inc.
236,EWR,DEN,United Air Lines Inc.
703,JFK,LAX,United Air Lines Inc.
87,JFK,ATL,Delta Air Lines Inc.
2047,LGA,ATL,Delta Air Lines Inc.
1935,LGA,TPA,Delta Air Lines Inc.
172,EWR,MIA,American Airlines Inc.
1480,EWR,SFO,United Air Lines Inc.
61,LGA,ATL,Delta Air Lines Inc.
3837,EWR,IND,ExpressJet Airlines Inc.
708,EWR,ORD,United Air Lines Inc.
2453,LGA,EYW,Delta Air Lines Inc.
359,LGA,ORD,American Airlines Inc.
337,LGA,ORD,American Airlines Inc.
125,JFK,FLL,JetBlue Airways
23,JFK,SFO,Virgin America
641,JFK,SFO,JetBlue Airways
119,JFK,MSY,JetBlue Airways
2019,LGA,MSP,Delta Air Lines Inc.
3052,EWR,MDW,Southwest Airlines Co.
1299,EWR,RSW,United Air Lines Inc.
4361,EWR,TYS,ExpressJet Airlines Inc.
127,EWR,MCO,JetBlue Airways
2602,JFK,BUF,JetBlue Airways
2002,JFK,BUF,JetBlue Airways
3300,JFK,DCA,Endeavor Air Inc.
2140,LGA,BOS,US Airways Inc.
21,JFK,TPA,JetBlue Airways
3407,LGA,CMH,Envoy Air
5164,EWR,MSP,ExpressJet Airlines Inc.
1200,EWR,SAN,United Air Lines Inc.
5601,LGA,CLT,ExpressJet Airlines Inc.
3591,LGA,RDU,Envoy Air
431,LGA,SRQ,JetBlue Airways
1043,JFK,SEA,Delta Air Lines Inc.
4352,EWR,CVG,ExpressJet Airlines Inc.
4348,EWR,MSP,ExpressJet Airlines Inc.
1431,EWR,CLT,US Airways Inc.
1284,EWR,SFO,United Air Lines Inc.
1375,JFK,SLC,Delta Air Lines Inc.
425,JFK,CLT,US Airways Inc.
164,EWR,IAH,United Air Lines Inc.
2280,JFK,FLL,Delta Air Lines Inc.
318,JFK,BOS,JetBlue Airways
193,EWR,SFO,Virgin America
901,JFK,FLL,JetBlue Airways
133,JFK,LAX,American Airlines Inc.
4540,LGA,DTW,Envoy Air
1761,LGA,PHL,US Airways Inc.
1565,JFK,SFO,Delta Air Lines Inc.
883,EWR,DFW,American Airlines Inc.
1707,LGA,MDW,Southwest Airlines Co.
1163,JFK,LAX,Delta Air Lines Inc.
3445,LGA,DSM,Endeavor Air Inc.
371,LGA,ORD,American Airlines Inc.
4117,EWR,DCA,ExpressJet Airlines Inc.
675,JFK,MSY,JetBlue Airways
4411,EWR,MEM,ExpressJet Airlines Inc.
2175,LGA,DCA,US Airways Inc.
2002,JFK,BUF,JetBlue Airways
4144,EWR,CHS,ExpressJet Airlines Inc.
2171,LGA,DCA,US Airways Inc.
4131,EWR,RIC,ExpressJet Airlines Inc.
161,JFK,SMF,JetBlue Airways
1523,EWR,PDX,United Air Lines Inc.
3769,EWR,CVG,Endeavor Air Inc.
1,JFK,LAX,American Airlines Inc.
4684,EWR,SDF,ExpressJet Airlines Inc.
1779,LGA,FLL,Delta Air Lines Inc.
917,JFK,ORD,JetBlue Airways
3546,LGA,MSP,Envoy Air
411,JFK,LAX,Virgin America
505,EWR,FLL,JetBlue Airways
4118,EWR,DTW,ExpressJet Airlines Inc.
85,JFK,FLL,JetBlue Airways
363,LGA,ORD,American Airlines Inc.
2963,LGA,MDW,Southwest Airlines Co.
4660,LGA,BNA,Envoy Air
3415,LGA,CVG,Endeavor Air Inc.
3357,LGA,ATL,Envoy Air
119,EWR,LAX,American Airlines Inc.
985,LGA,TPA,JetBlue Airways
361,LGA,ORD,American Airlines Inc.
4382,EWR,DTW,ExpressJet Airlines Inc.
5288,LGA,BUF,ExpressJet Airlines Inc.
3621,JFK,DCA,Envoy Air
2275,JFK,SJU,Delta Air Lines Inc.
4224,EWR,PWM,ExpressJet Airlines Inc.
4594,LGA,CLE,Envoy Air
4565,EWR,ALB,ExpressJet Airlines Inc.
165,JFK,PDX,JetBlue Airways
1729,JFK,RSW,JetBlue Airways
1895,EWR,MIA,American Airlines Inc.
905,JFK,ORD,JetBlue Airways
221,JFK,MIA,American Airlines Inc.
1284,EWR,SFO,United Air Lines Inc.
4163,EWR,IND,ExpressJet Airlines Inc.
15,JFK,FLL,JetBlue Airways
2131,LGA,DTW,Delta Air Lines Inc.
703,JFK,LAX,United Air Lines Inc.
677,JFK,LAX,JetBlue Airways
4596,EWR,STL,ExpressJet Airlines Inc.
1134,EWR,IAH,United Air Lines Inc.
4088,EWR,ALB,ExpressJet Airlines Inc.
1371,LGA,FLL,JetBlue Airways
593,EWR,MCO,United Air Lines Inc.
527,EWR,MCO,JetBlue Airways
426,JFK,LAX,Delta Air Lines Inc.
3879,EWR,CVG,Endeavor Air Inc.
433,EWR,PHX,US Airways Inc.
671,JFK,LAX,JetBlue Airways
4537,EWR,MEM,ExpressJet Airlines Inc.
4091,EWR,IND,ExpressJet Airlines Inc.
967,EWR,ATL,Delta Air Lines Inc.
837,LGA,DEN,Frontier Airlines Inc.
327,EWR,MCO,JetBlue Airways
1270,EWR,MCO,United Air Lines Inc.
1703,EWR,BOS,United Air Lines Inc.
6180,EWR,IAD,ExpressJet Airlines Inc.
527,EWR,MCO,JetBlue Airways
4333,EWR,TUL,ExpressJet Airlines Inc.
3795,EWR,ORD,Envoy Air
419,JFK,SEA,Delta Air Lines Inc.
4447,LGA,RDU,Envoy Air
743,LGA,DFW,American Airlines Inc.
1722,EWR,MCO,United Air Lines Inc.
485,EWR,ATL,Delta Air Lines Inc.
1635,JFK,SJU,American Airlines Inc.
3,JFK,SJU,JetBlue Airways
111,JFK,FLL,JetBlue Airways
3572,LGA,CLE,Envoy Air
3354,JFK,BOS,Endeavor Air Inc.
39,JFK,PBI,JetBlue Airways
363,LGA,ORD,American Airlines Inc.
1779,LGA,FLL,Delta Air Lines Inc.
3744,EWR,ORD,Envoy Air
3526,LGA,CMH,Envoy Air
15,JFK,SFO,JetBlue Airways
2181,LGA,MCO,Delta Air Lines Inc.
6069,EWR,BOS,ExpressJet Airlines Inc.
4204,EWR,OKC,ExpressJet Airlines Inc.
407,JFK,PHX,US Airways Inc.
237,EWR,AUS,United Air Lines Inc.
2446,LGA,FLL,Delta Air Lines Inc.
3349,LGA,MSP,Envoy Air
3464,EWR,MSP,Endeavor Air Inc.
183,JFK,MCO,JetBlue Airways
4233,EWR,BTV,ExpressJet Airlines Inc.
133,JFK,LAX,American Airlines Inc.
1244,EWR,SJU,United Air Lines Inc.
1696,EWR,LAX,United Air Lines Inc.
189,JFK,SAN,JetBlue Airways
3134,EWR,ORD,Envoy Air
341,LGA,ORD,American Airlines Inc.
706,JFK,AUS,Delta Air Lines Inc.
1785,LGA,PBI,Delta Air Lines Inc.
108,JFK,PWM,JetBlue Airways
3340,LGA,DTW,Envoy Air
3670,LGA,BNA,Envoy Air
3353,JFK,DTW,Endeavor Air Inc.
4869,LGA,RIC,ExpressJet Airlines Inc.
87,JFK,SLC,Delta Air Lines Inc.
317,EWR,SFO,United Air Lines Inc.
5123,EWR,ATL,ExpressJet Airlines Inc.
719,LGA,DFW,American Airlines Inc.
1597,EWR,EGE,United Air Lines Inc.
884,LGA,DEN,Delta Air Lines Inc.
1547,LGA,ATL,Delta Air Lines Inc.
887,EWR,RSW,United Air Lines Inc.
677,JFK,JAX,JetBlue Airways
3325,JFK,DFW,Endeavor Air Inc.
1601,EWR,FLL,United Air Lines Inc.
4525,LGA,XNA,Envoy Air
4662,LGA,ATL,Envoy Air
5736,LGA,IAD,ExpressJet Airlines Inc.
643,LGA,IAH,United Air Lines Inc.
115,JFK,MSY,JetBlue Airways
2363,JFK,LAX,Delta Air Lines Inc.
2167,LGA,DCA,US Airways Inc.
4361,EWR,TYS,ExpressJet Airlines Inc.
3611,JFK,PIT,Endeavor Air Inc.
199,JFK,ORD,American Airlines Inc.
329,JFK,SJU,Delta Air Lines Inc.
1813,JFK,MCO,American Airlines Inc.
3,JFK,LAX,American Airlines Inc.
3823,JFK,DCA,Envoy Air
4540,LGA,DTW,Envoy Air
1567,EWR,MSY,Southwest Airlines Co.
4060,LGA,DAY,Endeavor Air Inc.
153,JFK,PBI,JetBlue Airways
4471,LGA,RDU,Envoy Air
35,JFK,PBI,JetBlue Airways
403,JFK,SJU,JetBlue Airways
382,LGA,MDW,Southwest Airlines Co.
561,LGA,DEN,United Air Lines Inc.
834,LGA,PHL,US Airways Inc.
4533,EWR,BUF,ExpressJet Airlines Inc.
1525,EWR,IAH,United Air Lines Inc.
4326,EWR,CLT,ExpressJet Airlines Inc.
128,JFK,BTV,JetBlue Airways
695,JFK,MCO,Delta Air Lines Inc.
2165,LGA,DCA,US Airways Inc.
1581,EWR,SEA,United Air Lines Inc.
428,LGA,MKE,Southwest Airlines Co.
4413,LGA,XNA,Envoy Air
343,LGA,DEN,United Air Lines Inc.
4478,LGA,DTW,Envoy Air
803,JFK,SJU,JetBlue Airways
413,JFK,SJU,American Airlines Inc.
4403,JFK,RDU,Envoy Air
4172,JFK,CLE,Envoy Air
3660,LGA,BNA,Envoy Air
781,LGA,ATL,Delta Air Lines Inc.
2809,LGA,STL,Envoy Air
977,EWR,MIA,American Airlines Inc.
2142,EWR,ATL,Delta Air Lines Inc.
3459,JFK,BNA,Endeavor Air Inc.
117,JFK,MSY,JetBlue Airways
1707,LGA,MDW,Southwest Airlines Co.
1657,JFK,CLT,US Airways Inc.
883,EWR,DFW,American Airlines Inc.
2159,JFK,MCO,Delta Air Lines Inc.
4198,EWR,BNA,ExpressJet Airlines Inc.
1174,LGA,PBI,Delta Air Lines Inc.
1439,EWR,LAX,United Air Lines Inc.
5475,LGA,CLT,ExpressJet Airlines Inc.
2019,LGA,MSP,Delta Air Lines Inc.
252,EWR,IAH,United Air Lines Inc.
3728,EWR,ORD,Envoy Air
5682,EWR,MKE,ExpressJet Airlines Inc.
1167,JFK,TPA,Delta Air Lines Inc.
725,JFK,BQN,JetBlue Airways
4172,JFK,CLE,Envoy Air
195,JFK,PHX,US Airways Inc.
1439,EWR,LAX,United Air Lines Inc.
1437,JFK,BNA,Delta Air Lines Inc.
1030,JFK,LAX,United Air Lines Inc.
19,EWR,STL,Southwest Airlines Co.
4510,EWR,MKE,ExpressJet Airlines Inc.
1815,JFK,MCO,American Airlines Inc.
2161,LGA,DCA,US Airways Inc.
690,EWR,FLL,United Air Lines Inc.
1437,EWR,AUS,United Air Lines Inc.
1143,LGA,DFW,American Airlines Inc.
135,JFK,PHX,JetBlue Airways
1496,EWR,SNA,United Air Lines Inc.
4645,EWR,JAX,ExpressJet Airlines Inc.
4189,EWR,BNA,ExpressJet Airlines Inc.
483,EWR,MDW,Southwest Airlines Co.
4321,EWR,MCI,ExpressJet Airlines Inc.
244,EWR,BOS,United Air Lines Inc.
2154,LGA,BOS,US Airways Inc.
4441,EWR,IND,ExpressJet Airlines Inc.
4700,EWR,CLT,ExpressJet Airlines Inc.
1401,EWR,MIA,United Air Lines Inc.
4295,EWR,MCI,ExpressJet Airlines Inc.
837,LGA,DEN,Frontier Airlines Inc.
918,JFK,BOS,JetBlue Airways
2331,JFK,DTW,Delta Air Lines Inc.
2169,LGA,DCA,US Airways Inc.
3823,EWR,MSN,ExpressJet Airlines Inc.
2455,LGA,MCO,Delta Air Lines Inc.
703,JFK,LAX,United Air Lines Inc.
115,LGA,MDW,Southwest Airlines Co.
1729,JFK,LAS,Delta Air Lines Inc.
3384,LGA,CLT,Envoy Air
2331,LGA,DTW,Delta Air Lines Inc.
4662,LGA,ATL,Envoy Air
4495,EWR,SAV,ExpressJet Airlines Inc.
1141,JFK,MIA,American Airlines Inc.
5841,EWR,STL,ExpressJet Airlines Inc.
2493,JFK,MCO,American Airlines Inc.
985,LGA,TPA,JetBlue Airways
1816,JFK,SYR,JetBlue Airways
1959,JFK,MCO,Delta Air Lines Inc.
3981,JFK,MVY,Endeavor Air Inc.
1073,LGA,MIA,American Airlines Inc.
5268,LGA,CLT,ExpressJet Airlines Inc.
4672,EWR,STL,ExpressJet Airlines Inc.
2493,JFK,MCO,American Airlines Inc.
2134,LGA,BOS,US Airways Inc.
4019,JFK,RIC,Endeavor Air Inc.
1165,EWR,LAX,United Air Lines Inc.
269,JFK,SEA,American Airlines Inc.
305,EWR,FLL,JetBlue Airways
6177,EWR,IAD,ExpressJet Airlines Inc.
337,LGA,ORD,American Airlines Inc.
2580,EWR,BOS,JetBlue Airways
1223,EWR,DFW,American Airlines Inc.
2395,LGA,PBI,Delta Air Lines Inc.
4419,EWR,MSY,ExpressJet Airlines Inc.
1031,LGA,DTW,Delta Air Lines Inc.
488,EWR,HOU,Southwest Airlines Co.
3944,JFK,BWI,Envoy Air
262,EWR,DEN,Southwest Airlines Co.
2231,LGA,DTW,Delta Air Lines Inc.
398,JFK,LAX,United Air Lines Inc.
1097,JFK,MSY,Delta Air Lines Inc.
3354,JFK,DTW,Endeavor Air Inc.
4419,EWR,XNA,ExpressJet Airlines Inc.
2911,JFK,CVG,Endeavor Air Inc.
1279,LGA,PHL,US Airways Inc.
5909,EWR,CLT,ExpressJet Airlines Inc.
133,JFK,LAX,American Airlines Inc.
1592,EWR,MCO,United Air Lines Inc.
1707,EWR,TPA,United Air Lines Inc.
223,JFK,SFO,United Air Lines Inc.
3542,JFK,MSP,Endeavor Air Inc.
1627,EWR,PBI,United Air Lines Inc.
133,JFK,LAX,American Airlines Inc.
3832,EWR,STL,ExpressJet Airlines Inc.
1773,JFK,SLC,Delta Air Lines Inc.
2120,LGA,BOS,US Airways Inc.
2116,LGA,BOS,US Airways Inc.
251,JFK,LAS,Virgin America
1769,JFK,MIA,American Airlines Inc.
381,LGA,FLL,JetBlue Airways
303,JFK,SFO,United Air Lines Inc.
4100,EWR,MEM,ExpressJet Airlines Inc.
3540,JFK,MSP,Endeavor Air Inc.
4571,EWR,MKE,ExpressJet Airlines Inc.
791,LGA,DFW,American Airlines Inc.
2517,LGA,MIA,Delta Air Lines Inc.
745,JFK,PSE,JetBlue Airways
1627,EWR,PBI,United Air Lines Inc.
4117,EWR,ALB,ExpressJet Airlines Inc.
3494,EWR,MDW,Southwest Airlines Co.
1947,LGA,ATL,Delta Air Lines Inc.
1695,EWR,IAH,United Air Lines Inc.
559,LGA,IAH,United Air Lines Inc.
1072,EWR,SEA,United Air Lines Inc.
1935,LGA,TPA,Delta Air Lines Inc.
1720,LGA,MKE,Southwest Airlines Co.
35,JFK,PHX,US Airways Inc.
318,EWR,STL,Southwest Airlines Co.
329,LGA,ORD,American Airlines Inc.
2169,LGA,DCA,US Airways Inc.
1801,JFK,FLL,JetBlue Airways
2285,LGA,MCO,Delta Air Lines Inc.
404,LGA,MKE,Southwest Airlines Co.
1,JFK,SJU,Delta Air Lines Inc.
2939,JFK,PIT,Endeavor Air Inc.
1680,EWR,MIA,United Air Lines Inc.
1480,EWR,SFO,United Air Lines Inc.
1695,EWR,IAH,United Air Lines Inc.
1459,LGA,CLT,US Airways Inc.
1,JFK,FLL,JetBlue Airways
1639,EWR,RSW,United Air Lines Inc.
457,JFK,SLC,Delta Air Lines Inc.
1705,LGA,MSY,Delta Air Lines Inc.
797,JFK,LAX,United Air Lines Inc.
59,JFK,SFO,American Airlines Inc.
3281,LGA,CMH,Envoy Air
1841,EWR,DFW,American Airlines Inc.
1714,LGA,IAH,United Air Lines Inc.
1164,JFK,BOS,Delta Air Lines Inc.
985,LGA,TPA,JetBlue Airways
1473,LGA,MEM,Delta Air Lines Inc.
2195,LGA,DCA,US Airways Inc.
3216,JFK,ORF,Envoy Air
3310,JFK,MCI,Endeavor Air Inc.
3771,LGA,IAD,Mesa Airlines Inc.
2963,LGA,MDW,Southwest Airlines Co.
3363,JFK,RDU,Envoy Air
2179,LGA,DCA,US Airways Inc.
1097,LGA,DFW,American Airlines Inc.
1174,LGA,PBI,Delta Air Lines Inc.
1077,EWR,MIA,United Air Lines Inc.
702,JFK,BUF,JetBlue Airways
112,JFK,BUF,JetBlue Airways
915,JFK,SFO,JetBlue Airways
1634,JFK,BTV,JetBlue Airways
812,EWR,LAS,United Air Lines Inc.
4327,EWR,SAV,ExpressJet Airlines Inc.
4352,EWR,CVG,ExpressJet Airlines Inc.
2437,LGA,MIA,American Airlines Inc.
251,EWR,TPA,United Air Lines Inc.
1809,LGA,MKE,Southwest Airlines Co.
4662,EWR,RDU,ExpressJet Airlines Inc.
437,JFK,BOS,Delta Air Lines Inc.
5956,LGA,CLE,ExpressJet Airlines Inc.
4689,EWR,BNA,ExpressJet Airlines Inc.
400,JFK,CLT,US Airways Inc.
283,LGA,MKE,Southwest Airlines Co.
1018,EWR,IAH,United Air Lines Inc.
1205,EWR,SFO,United Air Lines Inc.
4532,EWR,CHS,ExpressJet Airlines Inc.
361,LGA,PBI,JetBlue Airways
3363,JFK,RDU,Envoy Air
1543,JFK,SEA,Delta Air Lines Inc.
318,JFK,BOS,JetBlue Airways
440,JFK,SEA,Delta Air Lines Inc.
4023,EWR,CVG,Endeavor Air Inc.
749,LGA,IAH,United Air Lines Inc.
3521,JFK,ORD,Endeavor Air Inc.
2815,JFK,CLE,Envoy Air
3320,JFK,BUF,Endeavor Air Inc.
743,LGA,DFW,American Airlines Inc.
1482,EWR,DEN,United Air Lines Inc.
2047,LGA,ATL,Delta Air Lines Inc.
1729,JFK,LAS,Delta Air Lines Inc.
79,JFK,MCO,JetBlue Airways
4684,EWR,SDF,ExpressJet Airlines Inc.
1942,EWR,ATL,Delta Air Lines Inc.
1511,EWR,RSW,JetBlue Airways
311,EWR,DEN,United Air Lines Inc.
3811,EWR,ALB,ExpressJet Airlines Inc.
3231,JFK,PIT,Envoy Air
408,JFK,PWM,JetBlue Airways
656,EWR,PHX,US Airways Inc.
553,JFK,PBI,JetBlue Airways
1899,LGA,CLT,US Airways Inc.
3652,EWR,STL,Southwest Airlines Co.
1225,EWR,PBI,United Air Lines Inc.
371,LGA,FLL,JetBlue Airways
15,EWR,SEA,Alaska Airlines Inc.
1018,JFK,BOS,JetBlue Airways
408,LGA,BNA,Southwest Airlines Co.
317,LGA,ORD,American Airlines Inc.
4425,JFK,DCA,Envoy Air
312,EWR,CLE,United Air Lines Inc.
315,JFK,SJU,Delta Air Lines Inc.
5048,LGA,RIC,ExpressJet Airlines Inc.
4695,EWR,RDU,ExpressJet Airlines Inc.
2297,LGA,MIA,American Airlines Inc.
217,JFK,LGB,JetBlue Airways
3507,JFK,MSY,Endeavor Air Inc.
509,EWR,FLL,JetBlue Airways
84,JFK,BOS,American Airlines Inc.
3839,EWR,BUF,ExpressJet Airlines Inc.
1192,EWR,SEA,United Air Lines Inc.
1685,LGA,MCO,Delta Air Lines Inc.
1163,JFK,LAX,Delta Air Lines Inc.
1444,JFK,CLT,US Airways Inc.
2169,LGA,DCA,US Airways Inc.
1433,LGA,CLT,US Airways Inc.
337,LGA,ORD,American Airlines Inc.
2191,LGA,DCA,US Airways Inc.
499,EWR,IAH,United Air Lines Inc.
1947,LGA,ATL,Delta Air Lines Inc.
2139,LGA,MIA,Delta Air Lines Inc.
197,LGA,STL,Southwest Airlines Co.
355,EWR,ATL,Delta Air Lines Inc.
4298,EWR,JAX,ExpressJet Airlines Inc.
1028,EWR,CLE,United Air Lines Inc.
605,EWR,FLL,JetBlue Airways
4642,EWR,OMA,ExpressJet Airlines Inc.
1526,EWR,LAX,United Air Lines Inc.
163,LGA,MKE,Southwest Airlines Co.
626,LGA,ATL,AirTran Airways Corporation
1592,EWR,MCO,United Air Lines Inc.
449,EWR,CLT,US Airways Inc.
1762,JFK,BOS,American Airlines Inc.
2185,LGA,DCA,US Airways Inc.
1519,EWR,SLC,Delta Air Lines Inc.
1157,EWR,MSP,Delta Air Lines Inc.
381,LGA,FLL,JetBlue Airways
165,EWR,BNA,Southwest Airlines Co.
1371,LGA,FLL,JetBlue Airways
929,JFK,RSW,JetBlue Airways
1166,EWR,TPA,United Air Lines Inc.
1262,EWR,ORD,United Air Lines Inc.
1098,EWR,IAH,United Air Lines Inc.
4532,EWR,CHS,ExpressJet Airlines Inc.
1879,LGA,FLL,Delta Air Lines Inc.
5956,LGA,CLE,ExpressJet Airlines Inc.
1171,LGA,FLL,JetBlue Airways
204,LGA,IAH,United Air Lines Inc.
1771,JFK,SEA,Delta Air Lines Inc.
1895,LGA,CLT,US Airways Inc.
4484,LGA,BNA,Envoy Air
1471,LGA,FLL,JetBlue Airways
2047,LGA,ATL,Delta Air Lines Inc.
1548,EWR,MSY,United Air Lines Inc.
3321,JFK,MSP,Endeavor Air Inc.
703,JFK,SJU,JetBlue Airways
5084,EWR,DTW,ExpressJet Airlines Inc.
120,JFK,LAX,Delta Air Lines Inc.
2139,LGA,MIA,Delta Air Lines Inc.
985,LGA,TPA,JetBlue Airways
1545,EWR,IAH,United Air Lines Inc.
926,EWR,ATL,Delta Air Lines Inc.
1585,LGA,MCO,Delta Air Lines Inc.
4388,EWR,JAX,ExpressJet Airlines Inc.
4711,EWR,STL,ExpressJet Airlines Inc.
3691,EWR,MSY,Southwest Airlines Co.
2181,LGA,DCA,US Airways Inc.
1902,LGA,PBI,Delta Air Lines Inc.
711,LGA,DFW,American Airlines Inc.
1295,JFK,AUS,JetBlue Airways
2391,JFK,TPA,Delta Air Lines Inc.
1639,LGA,RSW,JetBlue Airways
127,EWR,MCO,JetBlue Airways
4583,EWR,MHT,ExpressJet Airlines Inc.
2159,JFK,MCO,Delta Air Lines Inc.
345,LGA,ORD,American Airlines Inc.
1375,JFK,SLC,Delta Air Lines Inc.
2043,JFK,ATL,Delta Air Lines Inc.
4372,EWR,DCA,ExpressJet Airlines Inc.
917,JFK,ORD,JetBlue Airways
1485,EWR,LAS,United Air Lines Inc.
256,JFK,BOS,American Airlines Inc.
4984,EWR,DTW,ExpressJet Airlines Inc.
650,EWR,PHX,United Air Lines Inc.
407,EWR,DEN,United Air Lines Inc.
3830,EWR,BTV,ExpressJet Airlines Inc.
264,LGA,DEN,Southwest Airlines Co.
1529,JFK,LAS,Delta Air Lines Inc.
84,JFK,BOS,American Airlines Inc.
1925,LGA,MIA,American Airlines Inc.
1468,LGA,MDW,Southwest Airlines Co.
2520,EWR,MDW,Southwest Airlines Co.
1250,LGA,DEN,Southwest Airlines Co.
5091,LGA,PIT,ExpressJet Airlines Inc.
645,LGA,ATL,AirTran Airways Corporation
3795,EWR,ORD,Envoy Air
1200,EWR,LAX,United Air Lines Inc.
4141,EWR,MKE,ExpressJet Airlines Inc.
5378,LGA,PIT,ExpressJet Airlines Inc.
4422,EWR,PIT,ExpressJet Airlines Inc.
1638,EWR,PHX,Southwest Airlines Co.
145,JFK,PBI,JetBlue Airways
4127,JFK,IAD,Endeavor Air Inc.
119,JFK,MSY,JetBlue Airways
4700,EWR,CLT,ExpressJet Airlines Inc.
1117,LGA,TPA,JetBlue Airways
1460,EWR,SNA,United Air Lines Inc.
3737,EWR,ORD,Envoy Air
4555,LGA,CMH,Envoy Air
1121,LGA,ORD,United Air Lines Inc.
671,JFK,LAX,JetBlue Airways
2019,LGA,MSP,Delta Air Lines Inc.
1129,JFK,RSW,JetBlue Airways
1020,JFK,BOS,JetBlue Airways
305,EWR,FLL,JetBlue Airways
1765,JFK,SFO,Delta Air Lines Inc.
209,JFK,LGB,JetBlue Airways
3365,JFK,DCA,Envoy Air
1711,EWR,IAH,United Air Lines Inc.
4629,EWR,JAX,ExpressJet Airlines Inc.
4178,JFK,ROC,Endeavor Air Inc.
1174,LGA,PBI,Delta Air Lines Inc.
1787,EWR,DEN,Southwest Airlines Co.
1946,EWR,CLT,US Airways Inc.
418,JFK,BOS,JetBlue Airways
8,JFK,BUF,JetBlue Airways
2319,LGA,MSP,Delta Air Lines Inc.
2363,JFK,LAX,Delta Air Lines Inc.
1186,EWR,MIA,United Air Lines Inc.
3403,JFK,MCI,Endeavor Air Inc.
455,EWR,MIA,United Air Lines Inc.
2075,EWR,DFW,American Airlines Inc.
1078,EWR,SAT,United Air Lines Inc.
3538,JFK,MSP,Endeavor Air Inc.
732,EWR,MDW,Southwest Airlines Co.
925,JFK,TPA,JetBlue Airways
423,LGA,DEN,United Air Lines Inc.
686,EWR,PHX,US Airways Inc.
2019,LGA,STL,American Airlines Inc.
1629,EWR,MCO,United Air Lines Inc.
527,EWR,DFW,United Air Lines Inc.
2314,JFK,BOS,American Airlines Inc.
220,EWR,SFO,United Air Lines Inc.
1203,EWR,CLT,US Airways Inc.
635,LGA,ORD,United Air Lines Inc.
179,JFK,SFO,American Airlines Inc.
195,LGA,STL,Southwest Airlines Co.
4396,EWR,MSY,ExpressJet Airlines Inc.
251,JFK,LAS,Virgin America
1459,LGA,CLT,US Airways Inc.
1004,EWR,LAX,United Air Lines Inc.
312,EWR,SAN,United Air Lines Inc.
4518,LGA,RDU,Envoy Air
799,JFK,SFO,United Air Lines Inc.
7,EWR,SEA,Alaska Airlines Inc.
552,EWR,SEA,United Air Lines Inc.
1700,EWR,SFO,United Air Lines Inc.
4059,LGA,DAY,Endeavor Air Inc.
461,LGA,ATL,Delta Air Lines Inc.
4667,EWR,MSP,ExpressJet Airlines Inc.
1177,EWR,ORD,United Air Lines Inc.
646,EWR,PBI,United Air Lines Inc.
2163,LGA,DCA,US Airways Inc.
485,EWR,ATL,Delta Air Lines Inc.
1816,JFK,SYR,JetBlue Airways
3216,JFK,ORF,Envoy Air
4628,EWR,STL,ExpressJet Airlines Inc.
975,LGA,PIT,Delta Air Lines Inc.
1212,EWR,SFO,United Air Lines Inc.
3525,JFK,ORD,Endeavor Air Inc.
5562,LGA,BGR,ExpressJet Airlines Inc.
5914,EWR,MHT,ExpressJet Airlines Inc.
1193,LGA,DFW,American Airlines Inc.
3983,JFK,RIC,Endeavor Air Inc.
399,JFK,LAX,Virgin America
1700,EWR,SFO,United Air Lines Inc.
1474,LGA,DEN,United Air Lines Inc.
759,LGA,DFW,American Airlines Inc.
1373,JFK,CHS,JetBlue Airways
963,JFK,LAX,Delta Air Lines Inc.
1381,EWR,DFW,American Airlines Inc.
1935,LGA,TPA,Delta Air Lines Inc.
1548,EWR,BOS,United Air Lines Inc.
1439,EWR,LAX,United Air Lines Inc.
4323,JFK,ORF,Envoy Air
454,EWR,FLL,United Air Lines Inc.
3075,JFK,CVG,Envoy Air
181,JFK,LAX,American Airlines Inc.
1307,JFK,IAD,JetBlue Airways
802,EWR,CLT,US Airways Inc.
1081,EWR,CLT,US Airways Inc.
251,EWR,IAH,United Air Lines Inc.
211,JFK,IAH,American Airlines Inc.
832,EWR,TPA,United Air Lines Inc.
535,JFK,LAX,United Air Lines Inc.
601,JFK,FLL,JetBlue Airways
3825,JFK,BOS,Endeavor Air Inc.
303,JFK,SFO,United Air Lines Inc.
2183,LGA,DCA,US Airways Inc.
4163,EWR,IND,ExpressJet Airlines Inc.
5463,LGA,BNA,ExpressJet Airlines Inc.
2245,EWR,MSP,Delta Air Lines Inc.
4323,JFK,ORF,Envoy Air
4424,EWR,RDU,ExpressJet Airlines Inc.
6049,EWR,IAD,ExpressJet Airlines Inc.
2088,LGA,CLT,US Airways Inc.
677,JFK,JAX,JetBlue Airways
244,EWR,BOS,United Air Lines Inc.
4553,LGA,CLE,Envoy Air
19,JFK,PHX,US Airways Inc.
1269,EWR,PBI,United Air Lines Inc.
4694,EWR,MKE,ExpressJet Airlines Inc.
3267,EWR,ORD,Envoy Air
1131,LGA,DTW,Delta Air Lines Inc.
486,JFK,ROC,JetBlue Airways
1665,LGA,CLT,US Airways Inc.
263,JFK,SEA,JetBlue Airways
1884,EWR,MDW,Southwest Airlines Co.
4577,LGA,CLT,Envoy Air
894,LGA,CLT,US Airways Inc.
402,JFK,BOS,Delta Air Lines Inc.
2243,JFK,MIA,American Airlines Inc.
4709,EWR,STL,ExpressJet Airlines Inc.
623,JFK,LAX,JetBlue Airways
1865,JFK,SFO,Delta Air Lines Inc.
1663,EWR,SFO,United Air Lines Inc.
4918,LGA,RIC,ExpressJet Airlines Inc.
5714,JFK,IAD,ExpressJet Airlines Inc.
996,EWR,SFO,United Air Lines Inc.
3351,LGA,DTW,Envoy Air
348,LGA,ATL,AirTran Airways Corporation
847,LGA,ATL,Delta Air Lines Inc.
4645,EWR,GSO,ExpressJet Airlines Inc.
601,JFK,FLL,JetBlue Airways
2193,LGA,DCA,US Airways Inc.
1747,LGA,ATL,Delta Air Lines Inc.
327,EWR,MCO,JetBlue Airways
161,EWR,DEN,Southwest Airlines Co.
1585,LGA,MCO,Delta Air Lines Inc.
5054,EWR,MSP,ExpressJet Airlines Inc.
151,JFK,MCO,JetBlue Airways
4533,EWR,BUF,ExpressJet Airlines Inc.
56,JFK,BTV,JetBlue Airways
3501,LGA,RDU,Envoy Air
404,LGA,CLE,United Air Lines Inc.
715,LGA,DFW,American Airlines Inc.
2099,LGA,MIA,American Airlines Inc.
708,EWR,ORD,United Air Lines Inc.
815,EWR,HOU,Southwest Airlines Co.
3351,LGA,DTW,Envoy Air
1183,EWR,RSW,United Air Lines Inc.
485,LGA,CAK,AirTran Airways Corporation
1696,EWR,STL,Southwest Airlines Co.
2174,JFK,SLC,Delta Air Lines Inc.
2602,JFK,BUF,JetBlue Airways
316,EWR,TPA,United Air Lines Inc.
1346,LGA,ATL,AirTran Airways Corporation
4099,EWR,STL,ExpressJet Airlines Inc.
415,JFK,LAX,Virgin America
4409,EWR,ROC,ExpressJet Airlines Inc.
1273,EWR,TPA,United Air Lines Inc.
4370,EWR,CHS,ExpressJet Airlines Inc.
463,EWR,BNA,Southwest Airlines Co.
4333,JFK,PIT,Envoy Air
1078,EWR,SAT,United Air Lines Inc.
2131,LGA,DTW,Delta Air Lines Inc.
313,LGA,ORD,American Airlines Inc.
1415,JFK,SLC,Delta Air Lines Inc.
1409,EWR,LAS,United Air Lines Inc.
4172,EWR,SDF,ExpressJet Airlines Inc.
2099,LGA,MIA,American Airlines Inc.
269,JFK,SFO,Delta Air Lines Inc.
4059,LGA,DAY,Endeavor Air Inc.
3433,JFK,PIT,Endeavor Air Inc.
3493,LGA,CLE,Envoy Air
4576,LGA,CLT,Envoy Air
703,JFK,SJU,JetBlue Airways
1773,JFK,SLC,Delta Air Lines Inc.
3621,JFK,DCA,Envoy Air
3302,EWR,MSP,Endeavor Air Inc.
1747,LGA,ATL,Delta Air Lines Inc.
408,JFK,PWM,JetBlue Airways
85,JFK,SFO,American Airlines Inc.
424,EWR,SAT,United Air Lines Inc.
3363,JFK,RDU,Envoy Air
2285,JFK,MCO,American Airlines Inc.
1715,LGA,MSY,Delta Air Lines Inc.
1433,EWR,CLT,US Airways Inc.
775,EWR,ORD,United Air Lines Inc.
1103,JFK,RDU,JetBlue Airways
3459,JFK,BNA,Endeavor Air Inc.
3658,LGA,ATL,Envoy Air
1020,JFK,BOS,JetBlue Airways
3521,JFK,ORD,Endeavor Air Inc.
1959,JFK,MCO,Delta Air Lines Inc.
1018,JFK,BOS,JetBlue Airways
1808,LGA,HOU,Southwest Airlines Co.
2917,JFK,DTW,Endeavor Air Inc.
1899,LGA,CLT,US Airways Inc.
1947,LGA,ATL,Delta Air Lines Inc.
4122,EWR,SDF,ExpressJet Airlines Inc.
3493,LGA,CLE,Envoy Air
5804,EWR,OMA,ExpressJet Airlines Inc.
547,EWR,LAX,United Air Lines Inc.
1691,EWR,DFW,American Airlines Inc.
3670,LGA,BNA,Envoy Air
3823,JFK,DCA,Envoy Air
3400,JFK,MKE,Endeavor Air Inc.
1715,LGA,MSY,Delta Air Lines Inc.
1099,JFK,MSY,Delta Air Lines Inc.
432,JFK,SFO,Delta Air Lines Inc.
5909,EWR,CLT,ExpressJet Airlines Inc.
3305,LGA,RDU,Envoy Air
5736,LGA,IAD,ExpressJet Airlines Inc.
575,EWR,ATL,Delta Air Lines Inc.
4150,EWR,CVG,ExpressJet Airlines Inc.
459,LGA,DEN,Southwest Airlines Co.
1429,LGA,CLT,US Airways Inc.
1873,EWR,DEN,Southwest Airlines Co.
2267,LGA,MIA,American Airlines Inc.
1592,EWR,MCO,United Air Lines Inc.
2128,LGA,BOS,US Airways Inc.
4224,EWR,PWM,ExpressJet Airlines Inc.
3532,LGA,XNA,Envoy Air
482,EWR,FLL,United Air Lines Inc.
1119,JFK,CLT,JetBlue Airways
371,LGA,ORD,American Airlines Inc.
161,EWR,LAX,Virgin America
4175,EWR,AVL,ExpressJet Airlines Inc.
878,LGA,DEN,Southwest Airlines Co.
863,JFK,LAX,Delta Air Lines Inc.
4333,JFK,PIT,Envoy Air
760,LGA,BNA,Southwest Airlines Co.
3,JFK,LAX,American Airlines Inc.
171,JFK,SMF,JetBlue Airways
985,JFK,BOS,Delta Air Lines Inc.
325,JFK,TPA,JetBlue Airways
3546,LGA,MSP,Envoy Air
4600,EWR,MEM,ExpressJet Airlines Inc.
257,JFK,SFO,United Air Lines Inc.
423,JFK,LAX,Delta Air Lines Inc.
688,EWR,MSY,Southwest Airlines Co.
132,EWR,SNA,United Air Lines Inc.
2046,LGA,MDW,Southwest Airlines Co.
985,JFK,BOS,Delta Air Lines Inc.
1247,LGA,ATL,Delta Air Lines Inc.
307,LGA,ORD,American Airlines Inc.
4658,LGA,ATL,Envoy Air
503,EWR,FLL,JetBlue Airways
775,JFK,MSY,JetBlue Airways
687,EWR,CLT,US Airways Inc.
134,LGA,BNA,Southwest Airlines Co.
1010,JFK,BOS,JetBlue Airways
5026,EWR,DTW,ExpressJet Airlines Inc.
3846,JFK,ORF,Endeavor Air Inc.
1903,LGA,SRQ,Delta Air Lines Inc.
745,LGA,DFW,American Airlines Inc.
5693,LGA,IAD,ExpressJet Airlines Inc.
799,EWR,FLL,United Air Lines Inc.
1715,LGA,MSY,Delta Air Lines Inc.
419,LGA,DEN,Frontier Airlines Inc.
4695,EWR,MHT,ExpressJet Airlines Inc.
2144,LGA,BOS,US Airways Inc.
15,JFK,FLL,JetBlue Airways
6177,EWR,IAD,ExpressJet Airlines Inc.
2602,LGA,MDW,Southwest Airlines Co.
4669,LGA,ATL,Envoy Air
535,JFK,LAX,United Air Lines Inc.
5,EWR,SEA,Alaska Airlines Inc.
1528,EWR,MCO,United Air Lines Inc.
4646,LGA,MSP,Envoy Air
4519,EWR,BWI,ExpressJet Airlines Inc.
83,JFK,MIA,Delta Air Lines Inc.
1078,EWR,MCO,United Air Lines Inc.
503,EWR,FLL,JetBlue Airways
329,LGA,ORD,American Airlines Inc.
561,LGA,DEN,United Air Lines Inc.
74,JFK,BTV,JetBlue Airways
401,EWR,ATL,Delta Air Lines Inc.
4361,EWR,TYS,ExpressJet Airlines Inc.
373,JFK,CLT,US Airways Inc.
951,JFK,ATL,Delta Air Lines Inc.
22,JFK,SYR,JetBlue Airways
4990,LGA,MCI,ExpressJet Airlines Inc.
181,LGA,DTW,Delta Air Lines Inc.
1942,EWR,ATL,Delta Air Lines Inc.
914,LGA,DEN,Delta Air Lines Inc.
4146,JFK,CMH,Envoy Air
4383,EWR,PWM,ExpressJet Airlines Inc.
1751,EWR,CLT,US Airways Inc.
1175,JFK,LAX,United Air Lines Inc.
660,EWR,FLL,United Air Lines Inc.
85,JFK,FLL,JetBlue Airways
331,LGA,ORD,American Airlines Inc.
355,EWR,MCO,United Air Lines Inc.
201,JFK,FLL,JetBlue Airways
1701,EWR,FLL,United Air Lines Inc.
2183,LGA,DCA,US Airways Inc.
1734,JFK,BTV,JetBlue Airways
771,LGA,ATL,AirTran Airways Corporation
1714,LGA,IAH,United Air Lines Inc.
1143,LGA,DFW,American Airlines Inc.
1263,JFK,LAS,American Airlines Inc.
4388,EWR,JAX,ExpressJet Airlines Inc.
1473,LGA,MEM,Delta Air Lines Inc.
678,EWR,PHX,US Airways Inc.
443,JFK,MIA,American Airlines Inc.
1629,JFK,LAS,Delta Air Lines Inc.
1787,JFK,TPA,American Airlines Inc.
1416,EWR,IAH,United Air Lines Inc.
3621,JFK,DCA,Envoy Air
4714,EWR,CLT,ExpressJet Airlines Inc.
664,EWR,DEN,United Air Lines Inc.
701,JFK,SJU,JetBlue Airways
5311,LGA,BGR,ExpressJet Airlines Inc.
1053,JFK,PIT,JetBlue Airways
3387,JFK,RDU,Endeavor Air Inc.
5827,EWR,RIC,ExpressJet Airlines Inc.
2437,LGA,MIA,American Airlines Inc.
5736,LGA,IAD,ExpressJet Airlines Inc.
3579,LGA,IAD,Endeavor Air Inc.
600,JFK,PWM,JetBlue Airways
477,JFK,LAX,Delta Air Lines Inc.
1186,EWR,MIA,United Air Lines Inc.
1037,EWR,BOS,United Air Lines Inc.
1847,LGA,ATL,Delta Air Lines Inc.
4051,JFK,BWI,Endeavor Air Inc.
1109,LGA,TPA,Delta Air Lines Inc.
1002,JFK,BOS,JetBlue Airways
1638,EWR,CLE,United Air Lines Inc.
292,EWR,MDW,Southwest Airlines Co.
172,EWR,MIA,American Airlines Inc.
614,EWR,FLL,United Air Lines Inc.
2042,EWR,ATL,Delta Air Lines Inc.
3523,JFK,ORD,Endeavor Air Inc.
4175,EWR,AVL,ExpressJet Airlines Inc.
1282,EWR,MIA,United Air Lines Inc.
2043,JFK,ATL,Delta Air Lines Inc.
2175,LGA,DCA,US Airways Inc.
1,JFK,LAX,American Airlines Inc.
775,JFK,MSY,JetBlue Airways
643,EWR,ORD,United Air Lines Inc.
274,EWR,LAX,United Air Lines Inc.
4104,EWR,CHS,ExpressJet Airlines Inc.
4269,EWR,CHS,ExpressJet Airlines Inc.
348,LGA,ATL,AirTran Airways Corporation
2914,JFK,DCA,Endeavor Air Inc.
1967,JFK,SFO,Delta Air Lines Inc.
1714,LGA,IAH,United Air Lines Inc.
3395,JFK,DCA,Endeavor Air Inc.
408,JFK,PWM,JetBlue Airways
35,JFK,PBI,JetBlue Airways
1719,EWR,CLE,United Air Lines Inc.
301,LGA,ORD,American Airlines Inc.
654,EWR,DFW,United Air Lines Inc.
1109,EWR,MCO,United Air Lines Inc.
1508,JFK,RSW,Delta Air Lines Inc.
2189,LGA,DCA,US Airways Inc.
1425,EWR,BOS,United Air Lines Inc.
1554,EWR,FLL,United Air Lines Inc.
309,LGA,ORD,American Airlines Inc.
804,JFK,PIT,Delta Air Lines Inc.
1506,EWR,IAH,United Air Lines Inc.
3493,LGA,SRQ,Endeavor Air Inc.
1711,EWR,IAH,United Air Lines Inc.
1734,EWR,ORD,United Air Lines Inc.
1170,EWR,FLL,United Air Lines Inc.
305,EWR,ORD,United Air Lines Inc.
2173,LGA,DCA,US Airways Inc.
4473,EWR,ROC,ExpressJet Airlines Inc.
1516,JFK,SYR,JetBlue Airways
4361,EWR,TYS,ExpressJet Airlines Inc.
3359,JFK,RDU,Envoy Air
553,JFK,PBI,JetBlue Airways
1153,EWR,MDW,Southwest Airlines Co.
4991,LGA,MCI,ExpressJet Airlines Inc.
5796,EWR,CLT,ExpressJet Airlines Inc.
1083,JFK,MCO,JetBlue Airways
1265,EWR,PHX,United Air Lines Inc.
1672,EWR,IAH,United Air Lines Inc.
712,JFK,LAX,United Air Lines Inc.
2054,LGA,CLT,US Airways Inc.
317,LGA,ORD,American Airlines Inc.
493,LGA,STL,Southwest Airlines Co.
4702,EWR,GSO,ExpressJet Airlines Inc.
87,JFK,SLC,JetBlue Airways
5387,LGA,PIT,ExpressJet Airlines Inc.
4419,EWR,MCI,ExpressJet Airlines Inc.
1245,EWR,SEA,United Air Lines Inc.
1185,JFK,RDU,JetBlue Airways
3718,EWR,ORD,Envoy Air
1677,JFK,JAX,JetBlue Airways
31,JFK,SFO,Delta Air Lines Inc.
4667,EWR,MSP,ExpressJet Airlines Inc.
2190,JFK,MIA,Delta Air Lines Inc.
3202,JFK,IND,Envoy Air
2279,LGA,MIA,American Airlines Inc.
3230,JFK,DCA,Envoy Air
354,LGA,ORD,United Air Lines Inc.
1292,EWR,FLL,United Air Lines Inc.
1734,EWR,ORD,United Air Lines Inc.
4176,EWR,GRR,ExpressJet Airlines Inc.
1635,EWR,BOS,United Air Lines Inc.
197,JFK,LAS,JetBlue Airways
688,EWR,PHX,US Airways Inc.
1124,EWR,EGE,United Air Lines Inc.
4357,JFK,ORF,Endeavor Air Inc.
1445,LGA,CLT,US Airways Inc.
4411,EWR,MEM,ExpressJet Airlines Inc.
3815,EWR,ROC,ExpressJet Airlines Inc.
2088,LGA,CLT,US Airways Inc.
163,JFK,SRQ,JetBlue Airways
3,JFK,LAX,American Airlines Inc.
5804,EWR,OMA,ExpressJet Airlines Inc.
234,EWR,MCO,United Air Lines Inc.
4517,LGA,CRW,Envoy Air
325,LGA,ORD,American Airlines Inc.
1529,JFK,LAS,Delta Air Lines Inc.
4696,EWR,MHT,ExpressJet Airlines Inc.
337,LGA,ORD,American Airlines Inc.
3748,EWR,ORD,Envoy Air
16,EWR,HOU,Southwest Airlines Co.
7,EWR,SEA,Alaska Airlines Inc.
172,LGA,MKE,Southwest Airlines Co.
803,JFK,SJU,JetBlue Airways
477,JFK,JAX,JetBlue Airways
689,LGA,ORD,United Air Lines Inc.
376,LGA,IAH,United Air Lines Inc.
506,EWR,DEN,United Air Lines Inc.
2302,JFK,BUF,JetBlue Airways
2279,LGA,MIA,American Airlines Inc.
167,JFK,OAK,JetBlue Airways
4361,EWR,TYS,ExpressJet Airlines Inc.
1371,LGA,FLL,JetBlue Airways
1762,JFK,BOS,American Airlines Inc.
1819,LGA,MSP,Delta Air Lines Inc.
604,EWR,PHX,US Airways Inc.
3443,JFK,MCI,Endeavor Air Inc.
272,JFK,SFO,United Air Lines Inc.
4201,EWR,DAY,ExpressJet Airlines Inc.
4100,EWR,MEM,ExpressJet Airlines Inc.
3815,JFK,BOS,Endeavor Air Inc.
1043,JFK,SEA,Delta Air Lines Inc.
249,EWR,TPA,United Air Lines Inc.
2048,EWR,STL,Southwest Airlines Co.
3483,JFK,BOS,Endeavor Air Inc.
993,EWR,IAH,United Air Lines Inc.
779,LGA,MIA,American Airlines Inc.
217,JFK,LGB,JetBlue Airways
4584,LGA,CLT,Envoy Air
1711,LGA,CLT,US Airways Inc.
1473,LGA,MEM,Delta Air Lines Inc.
322,LGA,CLE,United Air Lines Inc.
85,JFK,FLL,JetBlue Airways
881,LGA,MDW,Southwest Airlines Co.
3689,LGA,DTW,Envoy Air
393,EWR,TPA,United Air Lines Inc.
22,JFK,SYR,JetBlue Airways
3608,JFK,PHL,Endeavor Air Inc.
2949,JFK,BNA,Envoy Air
4297,EWR,DTW,ExpressJet Airlines Inc.
1010,JFK,BOS,JetBlue Airways
2158,LGA,MDW,Southwest Airlines Co.
4181,EWR,MCI,ExpressJet Airlines Inc.
3070,EWR,MDW,Southwest Airlines Co.
457,EWR,PHX,United Air Lines Inc.
871,EWR,MDW,Southwest Airlines Co.
3864,JFK,PHL,Endeavor Air Inc.
1709,LGA,MIA,American Airlines Inc.
1081,EWR,CLT,US Airways Inc.
5716,JFK,IAD,ExpressJet Airlines Inc.
874,LGA,MIA,Delta Air Lines Inc.
1692,EWR,SAN,United Air Lines Inc.
2183,LGA,DCA,US Airways Inc.
1473,LGA,MEM,Delta Air Lines Inc.
1481,EWR,PHX,United Air Lines Inc.
4122,EWR,SDF,ExpressJet Airlines Inc.
753,LGA,DFW,American Airlines Inc.
883,JFK,MCO,JetBlue Airways
2602,JFK,BUF,JetBlue Airways
1854,LGA,FLL,Delta Air Lines Inc.
3771,LGA,IAD,Mesa Airlines Inc.
1508,JFK,RSW,Delta Air Lines Inc.
341,LGA,ORD,American Airlines Inc.
347,LGA,ATL,AirTran Airways Corporation
3312,EWR,MSP,Endeavor Air Inc.
1464,EWR,CLE,United Air Lines Inc.
3315,JFK,MSP,Endeavor Air Inc.
1073,LGA,MIA,American Airlines Inc.
807,EWR,ATL,Delta Air Lines Inc.
331,LGA,ORD,United Air Lines Inc.
1459,JFK,SAT,Delta Air Lines Inc.
4687,EWR,CVG,ExpressJet Airlines Inc.
1147,LGA,ATL,Delta Air Lines Inc.
3,JFK,LAX,American Airlines Inc.
1496,EWR,SNA,United Air Lines Inc.
4086,EWR,GRR,ExpressJet Airlines Inc.
1518,EWR,DTW,Delta Air Lines Inc.
4950,EWR,ATL,ExpressJet Airlines Inc.
1605,EWR,LAS,United Air Lines Inc.
2395,LGA,PBI,Delta Air Lines Inc.
1855,LGA,CLT,US Airways Inc.
4333,EWR,TUL,ExpressJet Airlines Inc.
401,EWR,ATL,Delta Air Lines Inc.
3540,JFK,MSP,Endeavor Air Inc.
27,JFK,SFO,Virgin America
2279,LGA,MIA,American Airlines Inc.
4175,EWR,AVL,ExpressJet Airlines Inc.
623,LGA,ATL,AirTran Airways Corporation
459,EWR,FLL,United Air Lines Inc.
1069,JFK,AUS,JetBlue Airways
2949,JFK,BNA,Envoy Air
451,EWR,LAS,United Air Lines Inc.
185,JFK,SAN,JetBlue Airways
11,JFK,SFO,Virgin America
5806,EWR,OMA,ExpressJet Airlines Inc.
4348,EWR,MSP,ExpressJet Airlines Inc.
1002,JFK,BOS,JetBlue Airways
4577,LGA,CLT,Envoy Air
2043,JFK,ATL,Delta Air Lines Inc.
3872,EWR,MDW,Southwest Airlines Co.
39,JFK,PBI,JetBlue Airways
3599,LGA,MSP,Envoy Air
4178,JFK,ROC,Endeavor Air Inc.
2680,EWR,BOS,JetBlue Airways
927,EWR,MCO,JetBlue Airways
1346,LGA,ATL,AirTran Airways Corporation
181,LGA,DTW,Delta Air Lines Inc.
1049,EWR,BOS,United Air Lines Inc.
347,JFK,SRQ,JetBlue Airways
715,LGA,DFW,American Airlines Inc.
891,LGA,IAH,United Air Lines Inc.
535,JFK,LAX,United Air Lines Inc.
181,LGA,DTW,Delta Air Lines Inc.
971,LGA,FLL,JetBlue Airways
373,JFK,CLT,US Airways Inc.
435,JFK,SFO,Delta Air Lines Inc.
213,JFK,LGB,JetBlue Airways
143,JFK,PBI,JetBlue Airways
703,JFK,SJU,JetBlue Airways
1,JFK,LAX,American Airlines Inc.
6012,LGA,IAD,ExpressJet Airlines Inc.
1445,LGA,CLT,US Airways Inc.
3369,JFK,MSY,Endeavor Air Inc.
677,JFK,LAX,JetBlue Airways
530,LGA,MDW,Southwest Airlines Co.
1358,EWR,ATL,Delta Air Lines Inc.
1554,EWR,LAX,United Air Lines Inc.
2231,LGA,DTW,Delta Air Lines Inc.
1947,LGA,ATL,Delta Air Lines Inc.
1016,JFK,BOS,JetBlue Airways
222,EWR,SNA,United Air Lines Inc.
1665,EWR,LAX,United Air Lines Inc.
4255,JFK,BNA,Envoy Air
4949,LGA,GSO,ExpressJet Airlines Inc.
308,JFK,PWM,JetBlue Airways
4660,LGA,BNA,Envoy Air
4983,LGA,GSO,ExpressJet Airlines Inc.
11,JFK,FLL,JetBlue Airways
3565,LGA,CLT,Envoy Air
128,JFK,BTV,JetBlue Airways
485,EWR,ATL,Delta Air Lines Inc.
802,EWR,CLT,US Airways Inc.
1672,EWR,MCO,United Air Lines Inc.
4640,EWR,DAY,ExpressJet Airlines Inc.
4447,LGA,RDU,Envoy Air
611,JFK,LAS,JetBlue Airways
4104,EWR,CHS,ExpressJet Airlines Inc.
2041,JFK,MIA,American Airlines Inc.
1201,JFK,FLL,JetBlue Airways
3325,JFK,DFW,Endeavor Air Inc.
600,JFK,PWM,JetBlue Airways
376,LGA,BNA,Southwest Airlines Co.
413,JFK,SJU,American Airlines Inc.
1162,EWR,BOS,United Air Lines Inc.
173,JFK,SJC,JetBlue Airways
4655,LGA,BNA,Envoy Air
687,EWR,CLT,US Airways Inc.
1815,JFK,MCO,American Airlines Inc.
4333,JFK,PIT,Envoy Air
1271,LGA,FLL,JetBlue Airways
1895,EWR,MIA,American Airlines Inc.
2497,LGA,DEN,Southwest Airlines Co.
411,JFK,LAX,Virgin America
305,LGA,ORD,American Airlines Inc.
3669,LGA,ATL,Envoy Air
415,JFK,SFO,JetBlue Airways
1273,JFK,CHS,JetBlue Airways
1199,EWR,BOS,United Air Lines Inc.
1161,EWR,SAN,United Air Lines Inc.
4612,EWR,MSP,ExpressJet Airlines Inc.
4670,LGA,BNA,Envoy Air
1695,LGA,TPA,Delta Air Lines Inc.
3825,EWR,CMH,ExpressJet Airlines Inc.
3795,EWR,CVG,Endeavor Air Inc.
65,JFK,TPA,JetBlue Airways
4137,EWR,ATL,ExpressJet Airlines Inc.
112,JFK,BUF,JetBlue Airways
1030,EWR,ORD,United Air Lines Inc.
395,EWR,FLL,United Air Lines Inc.
1989,EWR,CLT,US Airways Inc.
518,JFK,BOS,JetBlue Airways
2395,LGA,PBI,Delta Air Lines Inc.
2912,JFK,DCA,Endeavor Air Inc.
915,JFK,ORD,JetBlue Airways
1167,JFK,TPA,Delta Air Lines Inc.
57,JFK,PBI,JetBlue Airways
35,JFK,PBI,JetBlue Airways
1604,EWR,ORD,United Air Lines Inc.
1444,JFK,CLT,US Airways Inc.
269,JFK,SFO,Delta Air Lines Inc.
1061,JFK,AUS,JetBlue Airways
225,EWR,ORD,United Air Lines Inc.
700,EWR,IAH,United Air Lines Inc.
6,JFK,SLC,Delta Air Lines Inc.
485,EWR,ATL,Delta Air Lines Inc.
1575,EWR,ORD,United Air Lines Inc.
702,JFK,BUF,JetBlue Airways
1131,LGA,DTW,Delta Air Lines Inc.
2249,EWR,AUS,Southwest Airlines Co.
4413,LGA,XNA,Envoy Air
4352,EWR,CVG,ExpressJet Airlines Inc.
3359,JFK,RDU,Envoy Air
706,JFK,AUS,Delta Air Lines Inc.
11,JFK,SFO,Virgin America
1625,EWR,DEN,United Air Lines Inc.
516,EWR,LAS,United Air Lines Inc.
1223,EWR,DFW,American Airlines Inc.
3613,JFK,ROC,Endeavor Air Inc.
1816,JFK,SYR,JetBlue Airways
3357,LGA,ATL,Envoy Air
1605,EWR,BOS,United Air Lines Inc.
1711,EWR,IAH,United Air Lines Inc.
411,JFK,LAX,Virgin America
5712,JFK,IAD,ExpressJet Airlines Inc.
173,JFK,SJC,JetBlue Airways
1547,LGA,ATL,Delta Air Lines Inc.
1491,JFK,LAX,United Air Lines Inc.
4278,EWR,BOS,ExpressJet Airlines Inc.
1565,JFK,SFO,Delta Air Lines Inc.
5621,JFK,BHM,ExpressJet Airlines Inc.
1043,EWR,PHX,United Air Lines Inc.
4577,LGA,CLT,Envoy Air
1357,JFK,SJU,American Airlines Inc.
4519,EWR,AVL,ExpressJet Airlines Inc.
5769,LGA,IAD,ExpressJet Airlines Inc.
15,JFK,PHX,US Airways Inc.
5091,LGA,PIT,ExpressJet Airlines Inc.
346,LGA,ATL,AirTran Airways Corporation
3315,JFK,MSP,Endeavor Air Inc.
4412,EWR,BUF,ExpressJet Airlines Inc.
1039,JFK,FLL,American Airlines Inc.
1141,JFK,MIA,American Airlines Inc.
208,JFK,PWM,JetBlue Airways
63,JFK,TPA,JetBlue Airways
1773,JFK,SLC,Delta Air Lines Inc.
311,EWR,DEN,United Air Lines Inc.
731,LGA,DTW,Delta Air Lines Inc.
1141,EWR,SFO,United Air Lines Inc.
133,JFK,LAX,American Airlines Inc.
1154,EWR,TPA,United Air Lines Inc.
472,JFK,LAX,Delta Air Lines Inc.
1227,EWR,PHX,United Air Lines Inc.
4191,EWR,BNA,ExpressJet Airlines Inc.
538,EWR,MCO,United Air Lines Inc.
4087,EWR,ATL,ExpressJet Airlines Inc.
1529,JFK,LAS,Delta Air Lines Inc.
1401,EWR,MIA,United Air Lines Inc.
3550,LGA,ATL,Envoy Air
4650,LGA,ATL,Envoy Air
753,LGA,DFW,American Airlines Inc.
4152,EWR,ATL,ExpressJet Airlines Inc.
831,LGA,DTW,Delta Air Lines Inc.
847,LGA,ATL,Delta Air Lines Inc.
4233,EWR,GSO,ExpressJet Airlines Inc.
4284,EWR,ROC,ExpressJet Airlines Inc.
225,JFK,TPA,JetBlue Airways
3728,EWR,ORD,Envoy Air
257,JFK,LAS,American Airlines Inc.
27,JFK,TPA,JetBlue Airways
4580,EWR,MKE,ExpressJet Airlines Inc.
1,JFK,LAX,American Airlines Inc.
4536,EWR,CVG,ExpressJet Airlines Inc.
1430,LGA,ORD,United Air Lines Inc.
691,LGA,ORD,United Air Lines Inc.
354,LGA,CAK,AirTran Airways Corporation
1703,EWR,BOS,United Air Lines Inc.
165,EWR,LAX,Virgin America
4191,EWR,BNA,ExpressJet Airlines Inc.
1275,JFK,CHS,JetBlue Airways
3384,LGA,CLT,Envoy Air
5147,LGA,CLE,ExpressJet Airlines Inc.
1701,JFK,FLL,JetBlue Airways
1639,LGA,RSW,JetBlue Airways
5813,EWR,RIC,ExpressJet Airlines Inc.
3675,LGA,BNA,Envoy Air
1982,LGA,MIA,Delta Air Lines Inc.
703,JFK,SJU,JetBlue Airways
4100,EWR,MEM,ExpressJet Airlines Inc.
21,JFK,TPA,JetBlue Airways
4027,EWR,CVG,Endeavor Air Inc.
427,LGA,MDW,Southwest Airlines Co.
3,JFK,LAX,American Airlines Inc.
1178,EWR,IAH,United Air Lines Inc.
3615,JFK,IND,Endeavor Air Inc.
87,JFK,SLC,JetBlue Airways
19,JFK,LAX,American Airlines Inc.
642,JFK,SFO,United Air Lines Inc.
1708,EWR,SJU,United Air Lines Inc.
1473,LGA,MEM,Delta Air Lines Inc.
263,JFK,SEA,JetBlue Airways
4415,LGA,RDU,Envoy Air
731,LGA,DFW,American Airlines Inc.
3819,EWR,CVG,ExpressJet Airlines Inc.
2380,EWR,BOS,JetBlue Airways
4220,JFK,RDU,Endeavor Air Inc.
485,EWR,ATL,Delta Air Lines Inc.
253,EWR,ORD,United Air Lines Inc.
4540,LGA,DTW,Envoy Air
15,JFK,FLL,JetBlue Airways
1195,LGA,ORD,United Air Lines Inc.
561,LGA,PBI,JetBlue Airways
523,JFK,LAX,JetBlue Airways
4638,EWR,CVG,ExpressJet Airlines Inc.
1701,EWR,FLL,United Air Lines Inc.
683,JFK,MCO,JetBlue Airways
4580,EWR,MKE,ExpressJet Airlines Inc.
887,EWR,ANC,United Air Lines Inc.
465,LGA,MKE,Southwest Airlines Co.
4113,EWR,CLT,ExpressJet Airlines Inc.
1465,JFK,SFO,Delta Air Lines Inc.
1712,EWR,IAH,United Air Lines Inc.
1685,LGA,MCO,Delta Air Lines Inc.
1813,JFK,MCO,American Airlines Inc.
283,LGA,MKE,Southwest Airlines Co.
5664,EWR,MSY,ExpressJet Airlines Inc.
553,EWR,RSW,JetBlue Airways
350,LGA,ATL,AirTran Airways Corporation
503,JFK,SAN,Delta Air Lines Inc.
6181,EWR,SDF,ExpressJet Airlines Inc.
1666,EWR,SFO,United Air Lines Inc.
5814,EWR,CLT,ExpressJet Airlines Inc.
522,EWR,BDL,United Air Lines Inc.
1271,JFK,FLL,Delta Air Lines Inc.
643,JFK,SFO,JetBlue Airways
3531,LGA,RDU,Envoy Air
4104,EWR,BNA,ExpressJet Airlines Inc.
1425,EWR,FLL,United Air Lines Inc.
1163,EWR,BOS,United Air Lines Inc.
731,LGA,DTW,Delta Air Lines Inc.
311,EWR,DEN,United Air Lines Inc.
4191,EWR,BNA,ExpressJet Airlines Inc.
2128,LGA,BOS,US Airways Inc.
177,JFK,SFO,American Airlines Inc.
4351,EWR,JAX,ExpressJet Airlines Inc.
2144,LGA,BOS,US Airways Inc.
2391,JFK,TPA,Delta Air Lines Inc.
4092,EWR,DAY,ExpressJet Airlines Inc.
497,EWR,PBI,United Air Lines Inc.
3849,EWR,CVG,ExpressJet Airlines Inc.
1899,LGA,CLT,US Airways Inc.
6,JFK,SLC,Delta Air Lines Inc.
3538,JFK,MSP,Endeavor Air Inc.
5181,EWR,ATL,ExpressJet Airlines Inc.
1911,LGA,PHL,US Airways Inc.
1543,LGA,CLT,US Airways Inc.
119,EWR,LAX,American Airlines Inc.
655,JFK,STT,American Airlines Inc.
769,JFK,SFO,United Air Lines Inc.
1639,LGA,RSW,JetBlue Airways
3817,EWR,JAX,ExpressJet Airlines Inc.
3876,LGA,GSP,Endeavor Air Inc.
352,EWR,LAS,United Air Lines Inc.
3340,LGA,DTW,Envoy Air
1752,LGA,DEN,Southwest Airlines Co.
3331,JFK,RDU,Endeavor Air Inc.
831,LGA,DTW,Delta Air Lines Inc.
4179,EWR,BTV,ExpressJet Airlines Inc.
3267,EWR,ORD,Envoy Air
1731,LGA,MDW,Southwest Airlines Co.
1016,JFK,BOS,JetBlue Airways
91,JFK,OAK,JetBlue Airways
1205,EWR,MIA,American Airlines Inc.
86,JFK,ROC,JetBlue Airways
449,EWR,CLT,US Airways Inc.
2226,LGA,MDW,Southwest Airlines Co.
2114,LGA,BOS,US Airways Inc.
623,JFK,PHX,US Airways Inc.
4532,EWR,CHS,ExpressJet Airlines Inc.
3089,LGA,MDW,Southwest Airlines Co.
329,LGA,ORD,American Airlines Inc.
269,JFK,SEA,American Airlines Inc.
4213,LGA,RIC,Endeavor Air Inc.
381,LGA,FLL,JetBlue Airways
3349,LGA,MSP,Envoy Air
4119,EWR,RIC,ExpressJet Airlines Inc.
701,JFK,SJU,JetBlue Airways
947,LGA,ATL,Delta Air Lines Inc.
19,JFK,LAX,American Airlines Inc.
97,JFK,DEN,JetBlue Airways
1485,LGA,MCO,Delta Air Lines Inc.
1131,LGA,DTW,Delta Air Lines Inc.
4478,LGA,DTW,Envoy Air
623,LGA,ATL,AirTran Airways Corporation
1733,LGA,CLT,US Airways Inc.
1787,JFK,TPA,American Airlines Inc.
4051,JFK,BWI,Endeavor Air Inc.
3704,EWR,ORD,Envoy Air
553,EWR,RSW,JetBlue Airways
363,LGA,ORD,American Airlines Inc.
737,EWR,IAH,United Air Lines Inc.
4518,LGA,RDU,Envoy Air
1819,LGA,MSP,Delta Air Lines Inc.
4424,EWR,RDU,ExpressJet Airlines Inc.
2173,LGA,DCA,US Airways Inc.
4589,LGA,DTW,Envoy Air
3398,JFK,CVG,Endeavor Air Inc.
1177,EWR,ORD,United Air Lines Inc.
61,LGA,ATL,Delta Air Lines Inc.
4312,EWR,DCA,ExpressJet Airlines Inc.
435,JFK,SFO,Delta Air Lines Inc.
803,JFK,SJU,JetBlue Airways
1211,JFK,LAS,JetBlue Airways
1623,EWR,MIA,American Airlines Inc.
1321,EWR,MSP,Delta Air Lines Inc.
4434,EWR,CLT,ExpressJet Airlines Inc.
383,LGA,FLL,JetBlue Airways
4373,EWR,DCA,ExpressJet Airlines Inc.
2163,LGA,DCA,US Airways Inc.
3689,LGA,DTW,Envoy Air
583,EWR,PHX,United Air Lines Inc.
1909,LGA,PHL,US Airways Inc.
4219,EWR,SYR,ExpressJet Airlines Inc.
29,JFK,TPA,JetBlue Airways
3853,EWR,BNA,ExpressJet Airlines Inc.
83,JFK,FLL,Delta Air Lines Inc.
2187,LGA,DCA,US Airways Inc.
1626,EWR,SAN,United Air Lines Inc.
1357,JFK,SJU,American Airlines Inc.
4241,EWR,MHT,ExpressJet Airlines Inc.
2603,LGA,BNA,Southwest Airlines Co.
2130,LGA,BOS,US Airways Inc.
4294,EWR,SAV,ExpressJet Airlines Inc.
2139,LGA,MIA,Delta Air Lines Inc.
4658,LGA,ATL,Envoy Air
5500,LGA,DTW,ExpressJet Airlines Inc.
991,JFK,PBI,JetBlue Airways
453,EWR,BOS,United Air Lines Inc.
5670,EWR,BWI,ExpressJet Airlines Inc.
4573,LGA,DTW,Envoy Air
1202,JFK,BUF,JetBlue Airways
5483,LGA,MEM,ExpressJet Airlines Inc.
3231,JFK,PIT,Envoy Air
804,JFK,PIT,Delta Air Lines Inc.
173,JFK,SJC,JetBlue Airways
706,JFK,AUS,Delta Air Lines Inc.
1,JFK,FLL,JetBlue Airways
5486,LGA,PIT,ExpressJet Airlines Inc.
3368,JFK,RDU,Endeavor Air Inc.
4640,EWR,DAY,ExpressJet Airlines Inc.
4120,EWR,BUF,ExpressJet Airlines Inc.
717,EWR,HOU,Southwest Airlines Co.
1703,EWR,BOS,United Air Lines Inc.
4292,EWR,GSP,ExpressJet Airlines Inc.
5299,LGA,MEM,ExpressJet Airlines Inc.
647,JFK,MIA,American Airlines Inc.
423,JFK,LAX,Delta Air Lines Inc.
71,JFK,SLC,JetBlue Airways
3932,EWR,CVG,Endeavor Air Inc.
237,EWR,SFO,United Air Lines Inc.
841,JFK,LAX,United Air Lines Inc.
2480,EWR,BOS,JetBlue Airways
643,EWR,ORD,United Air Lines Inc.
518,EWR,MDW,Southwest Airlines Co.
1275,JFK,SLC,Delta Air Lines Inc.
3573,LGA,CMH,Envoy Air
4642,EWR,OMA,ExpressJet Airlines Inc.
685,LGA,ORD,United Air Lines Inc.
781,LGA,ATL,Delta Air Lines Inc.
79,JFK,MCO,JetBlue Airways
4510,EWR,MKE,ExpressJet Airlines Inc.
2247,LGA,ATL,Delta Air Lines Inc.
1164,JFK,BOS,Delta Air Lines Inc.
835,LGA,DEN,Frontier Airlines Inc.
3847,EWR,BDL,ExpressJet Airlines Inc.
1289,EWR,HOU,Southwest Airlines Co.
108,JFK,PWM,JetBlue Airways
509,EWR,AUS,United Air Lines Inc.
91,JFK,LAS,Delta Air Lines Inc.
360,EWR,FLL,United Air Lines Inc.
1242,EWR,DFW,United Air Lines Inc.
732,EWR,LAS,United Air Lines Inc.
3792,JFK,DCA,Envoy Air
505,EWR,FLL,JetBlue Airways
1069,JFK,AUS,JetBlue Airways
4347,EWR,ORF,ExpressJet Airlines Inc.
5486,LGA,PIT,ExpressJet Airlines Inc.
1273,JFK,CHS,JetBlue Airways
4381,EWR,DTW,ExpressJet Airlines Inc.
752,JFK,CLT,US Airways Inc.
3,JFK,LAX,American Airlines Inc.
535,JFK,LAX,United Air Lines Inc.
1743,JFK,ATL,Delta Air Lines Inc.
543,EWR,PBI,JetBlue Airways
695,JFK,MCO,Delta Air Lines Inc.
4969,LGA,RDU,ExpressJet Airlines Inc.
2053,JFK,CLT,US Airways Inc.
4333,EWR,TUL,ExpressJet Airlines Inc.
985,LGA,TPA,JetBlue Airways
1626,EWR,SAN,United Air Lines Inc.
530,LGA,MDW,Southwest Airlines Co.
1601,JFK,FLL,JetBlue Airways
1004,JFK,BOS,JetBlue Airways
104,JFK,BUF,JetBlue Airways
1064,EWR,PDX,United Air Lines Inc.
4661,LGA,BNA,Envoy Air
377,LGA,FLL,JetBlue Airways
4333,EWR,TUL,ExpressJet Airlines Inc.
2900,JFK,BNA,Endeavor Air Inc.
2140,LGA,BOS,US Airways Inc.
801,JFK,FLL,JetBlue Airways
5209,LGA,CHS,ExpressJet Airlines Inc.
4241,EWR,DCA,ExpressJet Airlines Inc.
3404,LGA,RDU,Envoy Air
1241,EWR,TPA,United Air Lines Inc.
3411,LGA,RDU,Envoy Air
1771,JFK,SEA,Delta Air Lines Inc.
1959,JFK,MCO,Delta Air Lines Inc.
4204,EWR,OKC,ExpressJet Airlines Inc.
505,EWR,FLL,JetBlue Airways
226,EWR,DEN,Southwest Airlines Co.
2159,JFK,MCO,Delta Air Lines Inc.
691,LGA,ORD,United Air Lines Inc.
413,JFK,MIA,Delta Air Lines Inc.
644,EWR,MDW,Southwest Airlines Co.
4120,EWR,SAV,ExpressJet Airlines Inc.
2189,LGA,DCA,US Airways Inc.
1164,JFK,BOS,Delta Air Lines Inc.
1493,LGA,DEN,United Air Lines Inc.
4329,EWR,ATL,ExpressJet Airlines Inc.
8,JFK,PWM,JetBlue Airways
301,JFK,FLL,JetBlue Airways
315,JFK,FLL,JetBlue Airways
4424,EWR,RDU,ExpressJet Airlines Inc.
193,EWR,SFO,Virgin America
4104,EWR,CVG,ExpressJet Airlines Inc.
1626,EWR,SAN,United Air Lines Inc.
4950,EWR,ATL,ExpressJet Airlines Inc.
3603,LGA,DTW,Envoy Air
63,JFK,SEA,JetBlue Airways
4119,EWR,RIC,ExpressJet Airlines Inc.
601,JFK,FLL,JetBlue Airways
327,LGA,ORD,American Airlines Inc.
773,LGA,DFW,American Airlines Inc.
1833,JFK,PBI,JetBlue Airways
1077,EWR,MIA,United Air Lines Inc.
1771,JFK,SEA,Delta Air Lines Inc.
1443,JFK,CLT,US Airways Inc.
2231,LGA,DTW,Delta Air Lines Inc.
5716,JFK,IAD,ExpressJet Airlines Inc.
281,EWR,SFO,United Air Lines Inc.
2319,LGA,MSP,Delta Air Lines Inc.
2319,LGA,MSP,Delta Air Lines Inc.
2183,LGA,DCA,US Airways Inc.
415,JFK,LAX,Virgin America
89,JFK,SAN,JetBlue Airways
5258,LGA,MHT,ExpressJet Airlines Inc.
363,LGA,ORD,American Airlines Inc.
1708,EWR,SJU,United Air Lines Inc.
3044,JFK,BWI,Envoy Air
3839,EWR,BNA,ExpressJet Airlines Inc.
1307,JFK,IAD,JetBlue Airways
364,EWR,MIA,United Air Lines Inc.
401,EWR,ATL,Delta Air Lines Inc.
4127,JFK,IAD,Endeavor Air Inc.
1819,LGA,MSP,Delta Air Lines Inc.
247,EWR,TPA,United Air Lines Inc.
915,JFK,SFO,JetBlue Airways
209,JFK,LGB,JetBlue Airways
353,LGA,CAK,AirTran Airways Corporation
77,JFK,FLL,JetBlue Airways
1491,LGA,CLT,US Airways Inc.
2219,LGA,MSP,Delta Air Lines Inc.
2126,LGA,TPA,Delta Air Lines Inc.
647,JFK,MIA,American Airlines Inc.
11,JFK,FLL,JetBlue Airways
3281,LGA,CMH,Envoy Air
1618,EWR,TPA,United Air Lines Inc.
3658,LGA,ATL,Envoy Air
424,EWR,SAT,United Air Lines Inc.
4605,LGA,RDU,Envoy Air
6120,LGA,CLE,ExpressJet Airlines Inc.
1461,EWR,IAH,United Air Lines Inc.
119,EWR,LAX,American Airlines Inc.
507,LGA,DEN,Frontier Airlines Inc.
1481,EWR,SJU,United Air Lines Inc.
71,JFK,SLC,JetBlue Airways
4326,EWR,CLT,ExpressJet Airlines Inc.
36,JFK,ROC,JetBlue Airways
2042,EWR,ATL,Delta Air Lines Inc.
1157,EWR,MSP,Delta Air Lines Inc.
3326,LGA,CVG,Endeavor Air Inc.
4115,JFK,IAD,Endeavor Air Inc.
4893,EWR,DTW,ExpressJet Airlines Inc.
4210,EWR,BTV,ExpressJet Airlines Inc.
755,EWR,LAX,United Air Lines Inc.
5909,EWR,CLT,ExpressJet Airlines Inc.
4322,EWR,ROC,ExpressJet Airlines Inc.
472,JFK,LAX,Delta Air Lines Inc.
702,JFK,BUF,JetBlue Airways
4948,LGA,PWM,ExpressJet Airlines Inc.
1179,EWR,TPA,United Air Lines Inc.
197,JFK,LAS,JetBlue Airways
4104,EWR,BNA,ExpressJet Airlines Inc.
212,EWR,FLL,United Air Lines Inc.
2183,LGA,DCA,US Airways Inc.
4471,EWR,CLT,ExpressJet Airlines Inc.
1175,LGA,MIA,American Airlines Inc.
3199,LGA,CLT,Envoy Air
3395,JFK,DCA,Endeavor Air Inc.
5386,EWR,MSP,ExpressJet Airlines Inc.
3310,JFK,MCI,Endeavor Air Inc.
656,EWR,PHX,US Airways Inc.
5769,LGA,IAD,ExpressJet Airlines Inc.
3839,EWR,MDW,Southwest Airlines Co.
197,JFK,LAS,JetBlue Airways
1831,JFK,CLT,US Airways Inc.
693,LGA,ORD,United Air Lines Inc.
623,LGA,ATL,AirTran Airways Corporation
2187,LGA,DCA,US Airways Inc.
5311,LGA,BGR,ExpressJet Airlines Inc.
4553,LGA,CLE,Envoy Air
83,JFK,FLL,Delta Air Lines Inc.
3783,JFK,CMH,Envoy Air
4223,EWR,MKE,ExpressJet Airlines Inc.
2285,LGA,MCO,Delta Air Lines Inc.
1171,LGA,FLL,JetBlue Airways
1677,LGA,CLT,US Airways Inc.
3817,EWR,JAX,ExpressJet Airlines Inc.
4577,EWR,BDL,ExpressJet Airlines Inc.
153,JFK,PBI,JetBlue Airways
34,JFK,BTV,JetBlue Airways
59,JFK,SFO,American Airlines Inc.
2928,JFK,ORD,Endeavor Air Inc.
331,LGA,ORD,United Air Lines Inc.
456,EWR,FLL,United Air Lines Inc.
209,JFK,LGB,JetBlue Airways
711,LGA,DFW,American Airlines Inc.
485,EWR,ATL,Delta Air Lines Inc.
397,JFK,SFO,United Air Lines Inc.
3837,EWR,IND,ExpressJet Airlines Inc.
472,JFK,LAX,Delta Air Lines Inc.
4478,LGA,DTW,Envoy Air
645,JFK,SFO,JetBlue Airways
918,JFK,BOS,JetBlue Airways
1284,EWR,SFO,United Air Lines Inc.
1779,LGA,FLL,Delta Air Lines Inc.
4686,EWR,MCI,ExpressJet Airlines Inc.
3416,LGA,RDU,Envoy Air
505,EWR,FLL,JetBlue Airways
695,JFK,MCO,Delta Air Lines Inc.
2098,LGA,MIA,Delta Air Lines Inc.
4166,EWR,GSP,ExpressJet Airlines Inc.
1229,EWR,CLT,US Airways Inc.
171,JFK,SMF,JetBlue Airways
3525,JFK,ORD,Endeavor Air Inc.
213,JFK,LGB,JetBlue Airways
677,JFK,JAX,JetBlue Airways
4495,EWR,SAV,ExpressJet Airlines Inc.
1607,LGA,PHL,US Airways Inc.
3,JFK,SJU,JetBlue Airways
3762,EWR,CVG,Endeavor Air Inc.
2181,LGA,DCA,US Airways Inc.
3670,LGA,ATL,Envoy Air
1357,JFK,SJU,American Airlines Inc.
1299,EWR,RSW,United Air Lines Inc.
2407,JFK,MCO,Delta Air Lines Inc.
4413,LGA,XNA,Envoy Air
743,LGA,DFW,American Airlines Inc.
197,JFK,LAS,JetBlue Airways
1467,LGA,MIA,American Airlines Inc.
1039,JFK,FLL,American Airlines Inc.
2023,EWR,CLT,US Airways Inc.
1885,LGA,MCO,Delta Air Lines Inc.
508,EWR,IAH,United Air Lines Inc.
381,LGA,FLL,JetBlue Airways
3393,JFK,DCA,Endeavor Air Inc.
930,LGA,FLL,Delta Air Lines Inc.
2140,LGA,BOS,US Airways Inc.
4940,LGA,CHS,ExpressJet Airlines Inc.
1274,EWR,SJU,United Air Lines Inc.
371,LGA,ORD,American Airlines Inc.
3829,EWR,BNA,ExpressJet Airlines Inc.
3829,EWR,STL,ExpressJet Airlines Inc.
4711,EWR,STL,ExpressJet Airlines Inc.
625,JFK,PHX,US Airways Inc.
4963,EWR,MSP,ExpressJet Airlines Inc.
4187,EWR,BNA,ExpressJet Airlines Inc.
1903,LGA,SRQ,Delta Air Lines Inc.
19,EWR,STL,Southwest Airlines Co.
1025,LGA,IAH,United Air Lines Inc.
1462,EWR,SFO,United Air Lines Inc.
242,EWR,SFO,United Air Lines Inc.
4294,EWR,SAV,ExpressJet Airlines Inc.
1835,EWR,DEN,Southwest Airlines Co.
2454,JFK,DEN,Delta Air Lines Inc.
553,JFK,PBI,JetBlue Airways
65,JFK,DFW,American Airlines Inc.
525,EWR,MCO,JetBlue Airways
1627,EWR,PBI,United Air Lines Inc.
3267,EWR,PWM,ExpressJet Airlines Inc.
1708,EWR,SJU,United Air Lines Inc.
519,LGA,MDW,Southwest Airlines Co.
645,LGA,ATL,AirTran Airways Corporation
2680,EWR,BOS,JetBlue Airways
3669,LGA,ATL,Envoy Air
3482,EWR,HOU,Southwest Airlines Co.
303,JFK,SFO,United Air Lines Inc.
2055,LGA,PHL,US Airways Inc.
97,JFK,DEN,JetBlue Airways
1771,JFK,DTW,Delta Air Lines Inc.
3842,EWR,MHT,ExpressJet Airlines Inc.
1982,LGA,MIA,Delta Air Lines Inc.
1909,LGA,PHL,US Airways Inc.
4191,EWR,BNA,ExpressJet Airlines Inc.
3386,JFK,DCA,Envoy Air
303,LGA,ORD,American Airlines Inc.
2917,JFK,DTW,Endeavor Air Inc.
5714,JFK,IAD,ExpressJet Airlines Inc.
1819,LGA,MSP,Delta Air Lines Inc.
4131,EWR,RIC,ExpressJet Airlines Inc.
1496,EWR,SNA,United Air Lines Inc.
1509,EWR,CLT,US Airways Inc.
2267,LGA,MIA,American Airlines Inc.
841,JFK,LAX,United Air Lines Inc.
1509,EWR,CLT,US Airways Inc.
4596,EWR,STL,ExpressJet Airlines Inc.
2950,JFK,BWI,Endeavor Air Inc.
341,LGA,ORD,American Airlines Inc.
891,LGA,IAH,United Air Lines Inc.
1185,JFK,RDU,JetBlue Airways
4135,EWR,CLT,ExpressJet Airlines Inc.
985,JFK,BOS,Delta Air Lines Inc.
791,LGA,DFW,American Airlines Inc.
3528,LGA,JAX,Endeavor Air Inc.
3823,JFK,DCA,Envoy Air
905,JFK,ORD,JetBlue Airways
2167,LGA,DCA,US Airways Inc.
486,JFK,ROC,JetBlue Airways
1739,LGA,PHL,US Airways Inc.
1599,LGA,MIA,American Airlines Inc.
1643,JFK,SEA,Delta Air Lines Inc.
529,EWR,STL,Southwest Airlines Co.
1547,LGA,ATL,Delta Air Lines Inc.
3653,JFK,ORF,Endeavor Air Inc.
561,LGA,PBI,JetBlue Airways
2169,LGA,DCA,US Airways Inc.
619,JFK,JAX,JetBlue Airways
1099,JFK,MSY,Delta Air Lines Inc.
1623,EWR,MIA,American Airlines Inc.
575,JFK,MSY,JetBlue Airways
4300,EWR,RIC,ExpressJet Airlines Inc.
83,JFK,SEA,JetBlue Airways
245,EWR,DEN,United Air Lines Inc.
2223,LGA,STL,American Airlines Inc.
673,JFK,LAX,JetBlue Airways
4411,EWR,MEM,ExpressJet Airlines Inc.
4447,LGA,RDU,Envoy Air
404,LGA,MKE,Southwest Airlines Co.
331,LGA,ORD,United Air Lines Inc.
1721,EWR,LAX,United Air Lines Inc.
525,LGA,IAH,United Air Lines Inc.
3730,EWR,ORD,Envoy Air
3823,JFK,DCA,Envoy Air
1386,JFK,ROC,JetBlue Airways
1431,EWR,CLT,US Airways Inc.
4517,LGA,CRW,Envoy Air
4687,EWR,CVG,ExpressJet Airlines Inc.
1108,EWR,IAH,United Air Lines Inc.
2285,LGA,MCO,Delta Air Lines Inc.
1790,JFK,BOS,American Airlines Inc.
5769,LGA,IAD,ExpressJet Airlines Inc.
1720,LGA,MKE,Southwest Airlines Co.
55,JFK,PSP,Virgin America
1231,LGA,DTW,Delta Air Lines Inc.
573,EWR,SNA,United Air Lines Inc.
443,JFK,LAX,United Air Lines Inc.
914,LGA,DEN,Delta Air Lines Inc.
5288,LGA,MHT,ExpressJet Airlines Inc.
711,JFK,LAS,JetBlue Airways
2187,LGA,DCA,US Airways Inc.
1156,LGA,DFW,American Airlines Inc.
3388,LGA,CMH,Envoy Air
2247,LGA,ATL,Delta Air Lines Inc.
203,EWR,ORD,United Air Lines Inc.
695,JFK,MCO,Delta Air Lines Inc.
350,LGA,ATL,AirTran Airways Corporation
1459,LGA,CLT,US Airways Inc.
213,JFK,LGB,JetBlue Airways
83,JFK,MCO,JetBlue Airways
5817,EWR,MEM,ExpressJet Airlines Inc.
3472,JFK,DTW,Endeavor Air Inc.
4133,EWR,PVD,ExpressJet Airlines Inc.
4137,EWR,ATL,ExpressJet Airlines Inc.
525,EWR,MCO,JetBlue Airways
4660,LGA,BNA,Envoy Air
543,JFK,MIA,American Airlines Inc.
1854,LGA,FLL,Delta Air Lines Inc.
2187,LGA,DCA,US Airways Inc.
3353,JFK,DTW,Endeavor Air Inc.
1,JFK,SJU,Delta Air Lines Inc.
1576,JFK,SAN,Delta Air Lines Inc.
1290,EWR,CLE,United Air Lines Inc.
701,JFK,SJU,JetBlue Airways
1643,EWR,DEN,United Air Lines Inc.
181,LGA,DTW,Delta Air Lines Inc.
1239,EWR,IAH,United Air Lines Inc.
1174,EWR,BOS,JetBlue Airways
1266,EWR,LAX,United Air Lines Inc.
1073,LGA,MIA,American Airlines Inc.
1164,JFK,BOS,Delta Air Lines Inc.
399,JFK,LAX,Virgin America
236,EWR,TPA,United Air Lines Inc.
5705,LGA,IAD,ExpressJet Airlines Inc.
343,LGA,ORD,American Airlines Inc.
4704,EWR,CHS,ExpressJet Airlines Inc.
2943,JFK,RIC,Endeavor Air Inc.
1163,EWR,BOS,United Air Lines Inc.
177,JFK,SFO,American Airlines Inc.
1779,LGA,FLL,Delta Air Lines Inc.
4245,JFK,CHS,Endeavor Air Inc.
4679,EWR,JAX,ExpressJet Airlines Inc.
5025,LGA,BTV,ExpressJet Airlines Inc.
1435,LGA,TPA,Delta Air Lines Inc.
1714,LGA,IAH,United Air Lines Inc.
553,EWR,RSW,JetBlue Airways
1925,LGA,MIA,American Airlines Inc.
561,EWR,BOS,United Air Lines Inc.
269,JFK,SFO,Delta Air Lines Inc.
4952,LGA,CLT,ExpressJet Airlines Inc.
2095,EWR,CLT,US Airways Inc.
2180,EWR,BOS,JetBlue Airways
5711,JFK,IAD,ExpressJet Airlines Inc.
4091,JFK,BWI,Endeavor Air Inc.
183,JFK,SEA,Delta Air Lines Inc.
1020,JFK,BOS,JetBlue Airways
213,JFK,LGB,JetBlue Airways
1982,LGA,MIA,Delta Air Lines Inc.
1935,LGA,TPA,Delta Air Lines Inc.
3,JFK,SJU,JetBlue Airways
1703,EWR,BOS,United Air Lines Inc.
3270,EWR,CAE,ExpressJet Airlines Inc.
3850,EWR,DAY,ExpressJet Airlines Inc.
4328,EWR,MSY,ExpressJet Airlines Inc.
703,JFK,LAX,United Air Lines Inc.
4401,LGA,DTW,Envoy Air
4019,JFK,RIC,Endeavor Air Inc.
1152,EWR,PDX,United Air Lines Inc.
4130,EWR,RIC,ExpressJet Airlines Inc.
183,JFK,SEA,Delta Air Lines Inc.
4667,EWR,MSP,ExpressJet Airlines Inc.
3754,JFK,IAD,Endeavor Air Inc.
627,LGA,ORD,United Air Lines Inc.
1617,EWR,FLL,United Air Lines Inc.
2949,JFK,BNA,Envoy Air
4993,LGA,PIT,ExpressJet Airlines Inc.
419,LGA,DEN,Frontier Airlines Inc.
2885,LGA,CLT,Mesa Airlines Inc.
4572,EWR,GSP,ExpressJet Airlines Inc.
1407,JFK,IAD,JetBlue Airways
779,LGA,MIA,American Airlines Inc.
4013,JFK,PHL,Endeavor Air Inc.
3329,JFK,PIT,Endeavor Air Inc.
185,JFK,LAX,American Airlines Inc.
3370,JFK,DCA,Envoy Air
997,EWR,LAX,United Air Lines Inc.
3318,JFK,BUF,Endeavor Air Inc.
449,EWR,CLT,US Airways Inc.
4381,EWR,DTW,ExpressJet Airlines Inc.
283,JFK,MCO,JetBlue Airways
4662,EWR,RDU,ExpressJet Airlines Inc.
575,JFK,EGE,American Airlines Inc.
183,EWR,SFO,Virgin America
3644,LGA,ATL,Envoy Air
2917,JFK,DTW,Endeavor Air Inc.
537,EWR,TPA,JetBlue Airways
5811,EWR,JAX,ExpressJet Airlines Inc.
1787,JFK,TPA,American Airlines Inc.
4087,EWR,IND,ExpressJet Airlines Inc.
4579,LGA,CLT,Envoy Air
1685,LGA,MCO,Delta Air Lines Inc.
3,JFK,LAX,American Airlines Inc.
4143,EWR,BNA,ExpressJet Airlines Inc.
4560,EWR,DCA,ExpressJet Airlines Inc.
1757,JFK,TPA,American Airlines Inc.
401,EWR,BOS,United Air Lines Inc.
4309,JFK,IND,Envoy Air
327,LGA,ORD,American Airlines Inc.
825,JFK,FLL,American Airlines Inc.
316,JFK,SYR,JetBlue Airways
1708,EWR,SJU,United Air Lines Inc.
1740,EWR,SFO,United Air Lines Inc.
841,JFK,LAX,United Air Lines Inc.
179,JFK,SFO,American Airlines Inc.
1982,LGA,MIA,Delta Air Lines Inc.
1473,LGA,MEM,Delta Air Lines Inc.
153,JFK,MCO,JetBlue Airways
867,JFK,BOS,Delta Air Lines Inc.
331,LGA,ORD,United Air Lines Inc.
5827,EWR,RIC,ExpressJet Airlines Inc.
4269,EWR,IAD,ExpressJet Airlines Inc.
250,EWR,LAX,United Air Lines Inc.
1505,JFK,ABQ,JetBlue Airways
2279,LGA,MIA,American Airlines Inc.
1033,EWR,DFW,American Airlines Inc.
337,LGA,ORD,American Airlines Inc.
891,EWR,HOU,Southwest Airlines Co.
835,LGA,DEN,Frontier Airlines Inc.
3399,EWR,MSP,Endeavor Air Inc.
16,EWR,HOU,Southwest Airlines Co.
1028,EWR,MCO,United Air Lines Inc.
120,JFK,LAX,Delta Air Lines Inc.
432,JFK,SFO,Delta Air Lines Inc.
447,EWR,PHX,United Air Lines Inc.
1231,LGA,DTW,Delta Air Lines Inc.
4582,LGA,CLT,Envoy Air
3416,LGA,RDU,Envoy Air
3,JFK,LAX,American Airlines Inc.
561,LGA,DEN,United Air Lines Inc.
1473,LGA,MEM,Delta Air Lines Inc.
87,JFK,ATL,Delta Air Lines Inc.
1090,LGA,DEN,Southwest Airlines Co.
1837,LGA,MIA,American Airlines Inc.
2922,JFK,MSP,Endeavor Air Inc.
4099,EWR,STL,ExpressJet Airlines Inc.
1429,JFK,LAS,Delta Air Lines Inc.
1816,JFK,SYR,JetBlue Airways
3,JFK,SJU,JetBlue Airways
418,EWR,SFO,United Air Lines Inc.
1919,LGA,MSP,Delta Air Lines Inc.
885,JFK,RDU,JetBlue Airways
1545,EWR,IAH,United Air Lines Inc.
219,JFK,CLT,JetBlue Airways
32,JFK,ROC,JetBlue Airways
3650,JFK,CMH,Endeavor Air Inc.
1815,LGA,CLT,US Airways Inc.
523,JFK,LAX,JetBlue Airways
161,EWR,LAX,Virgin America
1519,EWR,MCO,United Air Lines Inc.
145,JFK,SAN,American Airlines Inc.
161,EWR,LAX,Virgin America
1147,LGA,ATL,Delta Air Lines Inc.
2915,JFK,DFW,Endeavor Air Inc.
4696,EWR,MHT,ExpressJet Airlines Inc.
745,LGA,DFW,American Airlines Inc.
985,JFK,BOS,Delta Air Lines Inc.
671,JFK,LAX,JetBlue Airways
2142,LGA,BOS,US Airways Inc.
3341,EWR,DTW,Endeavor Air Inc.
1174,LGA,PBI,Delta Air Lines Inc.
4140,EWR,ATL,ExpressJet Airlines Inc.
925,JFK,TPA,JetBlue Airways
478,EWR,MCO,United Air Lines Inc.
4131,EWR,RIC,ExpressJet Airlines Inc.
4106,EWR,BNA,ExpressJet Airlines Inc.
543,EWR,PBI,JetBlue Airways
3361,JFK,RDU,Envoy Air
2148,LGA,BOS,US Airways Inc.
1289,LGA,PHL,US Airways Inc.
389,JFK,SFO,United Air Lines Inc.
3705,LGA,BUF,Endeavor Air Inc.
2651,LGA,CLT,Mesa Airlines Inc.
2159,JFK,MCO,Delta Air Lines Inc.
4352,EWR,CVG,ExpressJet Airlines Inc.
89,JFK,SAN,JetBlue Airways
1605,EWR,LAS,United Air Lines Inc.
3521,JFK,ORD,Endeavor Air Inc.
1841,EWR,DFW,American Airlines Inc.
4170,EWR,GRR,ExpressJet Airlines Inc.
4537,EWR,MEM,ExpressJet Airlines Inc.
745,LGA,DEN,United Air Lines Inc.
421,EWR,SFO,United Air Lines Inc.
807,EWR,ATL,Delta Air Lines Inc.
4131,EWR,RIC,ExpressJet Airlines Inc.
294,EWR,CLE,United Air Lines Inc.
153,JFK,PBI,JetBlue Airways
281,JFK,HOU,JetBlue Airways
456,EWR,FLL,United Air Lines Inc.
3052,JFK,TPA,Envoy Air
309,LGA,ORD,American Airlines Inc.
4404,JFK,RDU,Envoy Air
4553,LGA,CLE,Envoy Air
135,JFK,RSW,JetBlue Airways
581,JFK,HOU,JetBlue Airways
2603,LGA,BNA,Southwest Airlines Co.
2131,LGA,DTW,Delta Air Lines Inc.
4105,JFK,IAD,Endeavor Air Inc.
177,JFK,SFO,American Airlines Inc.
1061,JFK,AUS,JetBlue Airways
1959,JFK,MCO,Delta Air Lines Inc.
2247,LGA,ATL,Delta Air Lines Inc.
461,LGA,PBI,JetBlue Airways
1547,LGA,ATL,Delta Air Lines Inc.
1415,JFK,SLC,Delta Air Lines Inc.
4106,EWR,GSO,ExpressJet Airlines Inc.
5445,EWR,DTW,ExpressJet Airlines Inc.
866,EWR,LAS,United Air Lines Inc.
2702,JFK,BUF,JetBlue Airways
161,EWR,LAX,Virgin America
389,LGA,MCO,JetBlue Airways
4349,EWR,DAY,ExpressJet Airlines Inc.
1517,LGA,BNA,Southwest Airlines Co.
385,EWR,IAH,United Air Lines Inc.
535,JFK,LAX,United Air Lines Inc.
4105,JFK,CHS,Endeavor Air Inc.
135,JFK,PHX,JetBlue Airways
4277,JFK,ORF,Endeavor Air Inc.
1611,EWR,IAH,United Air Lines Inc.
1837,LGA,MIA,American Airlines Inc.
2142,LGA,BOS,US Airways Inc.
3400,JFK,MKE,Endeavor Air Inc.
1174,EWR,BOS,JetBlue Airways
421,EWR,MDW,Southwest Airlines Co.
1875,LGA,TPA,Delta Air Lines Inc.
1639,LGA,RSW,JetBlue Airways
1188,EWR,SAN,United Air Lines Inc.
1585,LGA,MCO,Delta Air Lines Inc.
1773,JFK,LAS,Delta Air Lines Inc.
2357,JFK,SAN,Delta Air Lines Inc.
2625,LGA,MDW,Southwest Airlines Co.
545,EWR,PBI,JetBlue Airways
1341,LGA,BNA,Southwest Airlines Co.
251,JFK,LAS,Virgin America
884,LGA,DEN,Delta Air Lines Inc.
4943,LGA,RDU,ExpressJet Airlines Inc.
177,JFK,SFO,American Airlines Inc.
63,JFK,SEA,JetBlue Airways
343,LGA,ORD,American Airlines Inc.
3567,LGA,CLT,Envoy Air
2120,LGA,BOS,US Airways Inc.
1516,JFK,SYR,JetBlue Airways
5736,LGA,IAD,ExpressJet Airlines Inc.
795,JFK,AUS,JetBlue Airways
5386,EWR,MSP,ExpressJet Airlines Inc.
493,LGA,STL,Southwest Airlines Co.
1177,EWR,ORD,United Air Lines Inc.
124,LGA,MDW,Southwest Airlines Co.
1281,EWR,SFO,United Air Lines Inc.
407,EWR,TPA,United Air Lines Inc.
4204,EWR,OKC,ExpressJet Airlines Inc.
181,LGA,DTW,Delta Air Lines Inc.
317,LGA,ORD,American Airlines Inc.
3805,EWR,SAV,ExpressJet Airlines Inc.
1167,JFK,TPA,Delta Air Lines Inc.
935,EWR,ATL,Delta Air Lines Inc.
5109,LGA,CHS,ExpressJet Airlines Inc.
1707,EWR,TPA,United Air Lines Inc.
337,LGA,ORD,American Airlines Inc.
901,JFK,FLL,JetBlue Airways
1879,LGA,MIA,American Airlines Inc.
4336,EWR,ATL,ExpressJet Airlines Inc.
1623,EWR,MIA,American Airlines Inc.
1174,LGA,PBI,Delta Air Lines Inc.
3713,LGA,XNA,Envoy Air
915,JFK,SFO,JetBlue Airways
200,EWR,MSY,Southwest Airlines Co.
1519,EWR,STT,United Air Lines Inc.
1492,EWR,ORD,United Air Lines Inc.
1218,EWR,DFW,United Air Lines Inc.
2142,EWR,ATL,Delta Air Lines Inc.
3669,LGA,ATL,Envoy Air
3531,LGA,RDU,Envoy Air
5144,LGA,TVC,ExpressJet Airlines Inc.
3411,LGA,RDU,Envoy Air
2247,LGA,ATL,Delta Air Lines Inc.
2099,LGA,MIA,American Airlines Inc.
2044,LGA,MIA,Delta Air Lines Inc.
4388,EWR,JAX,ExpressJet Airlines Inc.
1185,EWR,SLC,Delta Air Lines Inc.
1160,EWR,BOS,United Air Lines Inc.
4264,EWR,IAD,ExpressJet Airlines Inc.
3370,JFK,DCA,Envoy Air
301,LGA,ORD,American Airlines Inc.
3466,LGA,RDU,Envoy Air
4131,EWR,RIC,ExpressJet Airlines Inc.
707,EWR,DEN,United Air Lines Inc.
1011,EWR,HOU,Southwest Airlines Co.
759,LGA,DFW,American Airlines Inc.
442,JFK,SEA,Delta Air Lines Inc.
4298,EWR,SAV,ExpressJet Airlines Inc.
1454,EWR,FLL,United Air Lines Inc.
802,EWR,CLT,US Airways Inc.
483,JFK,MCO,JetBlue Airways
1415,JFK,SLC,Delta Air Lines Inc.
673,JFK,LAX,JetBlue Airways
1765,JFK,SFO,Delta Air Lines Inc.
2156,LGA,BOS,US Airways Inc.
857,JFK,SAN,Delta Air Lines Inc.
179,JFK,SFO,American Airlines Inc.
1227,EWR,PHX,United Air Lines Inc.
3135,LGA,MKE,Southwest Airlines Co.
288,EWR,DFW,United Air Lines Inc.
5714,JFK,IAD,ExpressJet Airlines Inc.
1629,LGA,PHL,US Airways Inc.
4667,EWR,MSP,ExpressJet Airlines Inc.
2167,LGA,DCA,US Airways Inc.
706,JFK,AUS,Delta Air Lines Inc.
1277,LGA,CLT,US Airways Inc.
741,EWR,ORD,United Air Lines Inc.
947,LGA,ATL,Delta Air Lines Inc.
1444,EWR,ORD,United Air Lines Inc.
1409,EWR,LAS,United Air Lines Inc.
4372,EWR,DCA,ExpressJet Airlines Inc.
187,EWR,SFO,Virgin America
5693,LGA,IAD,ExpressJet Airlines Inc.
701,JFK,SJU,JetBlue Airways
471,EWR,SFO,United Air Lines Inc.
83,JFK,FLL,Delta Air Lines Inc.
1485,LGA,MCO,Delta Air Lines Inc.
2488,EWR,DFW,American Airlines Inc.
185,JFK,LAX,American Airlines Inc.
3368,JFK,PIT,Endeavor Air Inc.
83,JFK,MCO,JetBlue Airways
3843,EWR,BTV,ExpressJet Airlines Inc.
3840,EWR,MEM,ExpressJet Airlines Inc.
183,JFK,SEA,Delta Air Lines Inc.
4403,JFK,RDU,Envoy Air
884,LGA,DEN,Delta Air Lines Inc.
403,JFK,SJU,JetBlue Airways
371,LGA,ORD,American Airlines Inc.
3809,EWR,GSO,ExpressJet Airlines Inc.
2395,LGA,PBI,Delta Air Lines Inc.
4558,LGA,CLE,Envoy Air
404,LGA,CLE,United Air Lines Inc.
4441,EWR,IND,ExpressJet Airlines Inc.
604,EWR,PHX,US Airways Inc.
4171,EWR,MSN,ExpressJet Airlines Inc.
3815,EWR,ORF,ExpressJet Airlines Inc.
807,EWR,ATL,Delta Air Lines Inc.
4687,EWR,CVG,ExpressJet Airlines Inc.
5837,EWR,RIC,ExpressJet Airlines Inc.
3521,JFK,ORD,Endeavor Air Inc.
413,JFK,LAX,Virgin America
4674,EWR,DCA,ExpressJet Airlines Inc.
1747,LGA,ATL,Delta Air Lines Inc.
4172,JFK,CLE,Envoy Air
2043,JFK,ATL,Delta Air Lines Inc.
1982,LGA,MIA,Delta Air Lines Inc.
3819,EWR,SDF,ExpressJet Airlines Inc.
1685,LGA,MCO,Delta Air Lines Inc.
316,JFK,SYR,JetBlue Airways
450,EWR,LAX,United Air Lines Inc.
4060,LGA,DAY,Endeavor Air Inc.
4543,EWR,DSM,ExpressJet Airlines Inc.
59,JFK,SFO,American Airlines Inc.
2680,EWR,BOS,JetBlue Airways
413,JFK,SJU,American Airlines Inc.
5819,EWR,MHT,ExpressJet Airlines Inc.
3841,JFK,PHL,Endeavor Air Inc.
4316,EWR,RIC,ExpressJet Airlines Inc.
629,JFK,HOU,JetBlue Airways
261,EWR,FLL,United Air Lines Inc.
3370,JFK,DCA,Envoy Air
544,LGA,ORD,United Air Lines Inc.
604,EWR,PHX,US Airways Inc.
1071,EWR,BQN,United Air Lines Inc.
543,EWR,PBI,JetBlue Airways
3567,LGA,CLT,Envoy Air
3556,LGA,DTW,Envoy Air
3611,JFK,PIT,Endeavor Air Inc.
1247,LGA,ATL,Delta Air Lines Inc.
313,LGA,ORD,American Airlines Inc.
117,JFK,LAX,American Airlines Inc.
677,JFK,MIA,American Airlines Inc.
423,JFK,LAX,JetBlue Airways
431,EWR,RSW,United Air Lines Inc.
2443,JFK,BOS,Delta Air Lines Inc.
4485,LGA,CMH,Envoy Air
4281,EWR,BTV,ExpressJet Airlines Inc.
4569,LGA,RDU,Envoy Air
12,JFK,SYR,JetBlue Airways
939,JFK,BQN,JetBlue Airways
135,JFK,PHX,JetBlue Airways
863,JFK,LAX,Delta Air Lines Inc.
311,EWR,DEN,United Air Lines Inc.
2606,LGA,STL,Southwest Airlines Co.
193,EWR,SFO,Virgin America
308,JFK,PWM,JetBlue Airways
4051,JFK,BWI,Endeavor Air Inc.
5,EWR,FLL,JetBlue Airways
3591,LGA,RDU,Envoy Air
5904,EWR,BTV,ExpressJet Airlines Inc.
3493,LGA,CLE,Envoy Air
1075,EWR,SNA,United Air Lines Inc.
2167,LGA,DCA,US Airways Inc.
2243,JFK,MIA,American Airlines Inc.
1543,LGA,CLT,US Airways Inc.
863,JFK,LAX,Delta Air Lines Inc.
137,JFK,RSW,JetBlue Airways
3872,EWR,MDW,Southwest Airlines Co.
17,JFK,LAX,Delta Air Lines Inc.
1819,LGA,MSP,Delta Air Lines Inc.
3376,JFK,RDU,Endeavor Air Inc.
1989,EWR,CLT,US Airways Inc.
2702,JFK,BUF,JetBlue Airways
655,JFK,STT,American Airlines Inc.
329,LGA,ORD,American Airlines Inc.
5711,JFK,IAD,ExpressJet Airlines Inc.
4115,JFK,IAD,Endeavor Air Inc.
687,LGA,ORD,United Air Lines Inc.
104,JFK,BUF,JetBlue Airways
4179,EWR,BTV,ExpressJet Airlines Inc.
505,EWR,FLL,JetBlue Airways
303,JFK,SFO,United Air Lines Inc.
119,EWR,LAX,American Airlines Inc.
843,JFK,ATL,Delta Air Lines Inc.
3604,EWR,ORD,Envoy Air
3547,LGA,XNA,Envoy Air
863,JFK,LAX,Delta Air Lines Inc.
331,LGA,ORD,United Air Lines Inc.
3881,EWR,CVG,Endeavor Air Inc.
718,JFK,BOS,JetBlue Airways
1,JFK,FLL,JetBlue Airways
207,LGA,IAH,United Air Lines Inc.
500,EWR,PHX,Southwest Airlines Co.
4297,EWR,DTW,ExpressJet Airlines Inc.
1529,JFK,LAS,Delta Air Lines Inc.
4204,EWR,OKC,ExpressJet Airlines Inc.
3340,LGA,DTW,Envoy Air
4411,EWR,MEM,ExpressJet Airlines Inc.
527,EWR,DFW,United Air Lines Inc.
347,JFK,SFO,United Air Lines Inc.
1611,LGA,MIA,American Airlines Inc.
418,JFK,BOS,JetBlue Airways
695,JFK,MCO,Delta Air Lines Inc.
3465,JFK,BOS,Endeavor Air Inc.
30,JFK,ROC,JetBlue Airways
5293,LGA,ORF,ExpressJet Airlines Inc.
130,JFK,BUF,JetBlue Airways
65,JFK,ABQ,JetBlue Airways
2167,LGA,DCA,US Airways Inc.
781,LGA,ATL,Delta Air Lines Inc.
709,EWR,DFW,United Air Lines Inc.
440,JFK,SEA,Delta Air Lines Inc.
1611,LGA,MIA,American Airlines Inc.
501,JFK,FLL,JetBlue Airways
1697,JFK,MIA,American Airlines Inc.
4700,EWR,CLT,ExpressJet Airlines Inc.
1973,EWR,CLT,US Airways Inc.
212,EWR,PBI,United Air Lines Inc.
4323,EWR,IAD,ExpressJet Airlines Inc.
947,LGA,ATL,Delta Air Lines Inc.
675,EWR,CLT,US Airways Inc.
483,EWR,MDW,Southwest Airlines Co.
3828,EWR,ATL,ExpressJet Airlines Inc.
1373,JFK,CHS,JetBlue Airways
3805,EWR,DTW,ExpressJet Airlines Inc.
1247,LGA,ATL,Delta Air Lines Inc.
1275,JFK,CHS,JetBlue Airways
727,JFK,BQN,JetBlue Airways
1373,JFK,CHS,JetBlue Airways
1289,EWR,HOU,Southwest Airlines Co.
402,JFK,BOS,Delta Air Lines Inc.
4146,JFK,CMH,Envoy Air
500,JFK,LAS,Delta Air Lines Inc.
2247,LGA,ATL,Delta Air Lines Inc.
841,JFK,LAX,United Air Lines Inc.
1656,EWR,PBI,United Air Lines Inc.
3678,EWR,ORD,Envoy Air
5373,LGA,GSO,ExpressJet Airlines Inc.
580,JFK,SFO,United Air Lines Inc.
377,LGA,FLL,JetBlue Airways
5705,LGA,IAD,ExpressJet Airlines Inc.
442,JFK,SEA,Delta Air Lines Inc.
383,JFK,MCO,JetBlue Airways
2422,JFK,SJU,Delta Air Lines Inc.
4596,EWR,STL,ExpressJet Airlines Inc.
4599,LGA,MSP,Envoy Air
3489,LGA,RSW,Endeavor Air Inc.
1307,JFK,IAD,JetBlue Airways
573,EWR,TPA,JetBlue Airways
4393,EWR,IND,ExpressJet Airlines Inc.
2193,LGA,DCA,US Airways Inc.
4963,EWR,MSP,ExpressJet Airlines Inc.
1855,LGA,STL,American Airlines Inc.
1473,LGA,MEM,Delta Air Lines Inc.
161,EWR,LAX,Virgin America
1,JFK,SJU,Delta Air Lines Inc.
3493,LGA,CLE,Envoy Air
2065,JFK,FLL,Delta Air Lines Inc.
512,JFK,SFO,United Air Lines Inc.
381,LGA,CLE,United Air Lines Inc.
1171,EWR,ORD,United Air Lines Inc.
4352,EWR,CVG,ExpressJet Airlines Inc.
3439,JFK,CVG,Endeavor Air Inc.
763,LGA,DFW,American Airlines Inc.
361,LGA,PBI,JetBlue Airways
3550,LGA,ATL,Envoy Air
1711,LGA,CLT,US Airways Inc.
5977,EWR,RDU,ExpressJet Airlines Inc.
181,LGA,DTW,Delta Air Lines Inc.
4233,EWR,BTV,ExpressJet Airlines Inc.
3828,EWR,ATL,ExpressJet Airlines Inc.
564,LGA,DEN,Southwest Airlines Co.
1273,JFK,CHS,JetBlue Airways
1605,EWR,LAS,United Air Lines Inc.
695,LGA,ORD,United Air Lines Inc.
3792,JFK,DCA,Envoy Air
926,EWR,ATL,Delta Air Lines Inc.
1443,EWR,PBI,JetBlue Airways
1104,LGA,MDW,Southwest Airlines Co.
115,JFK,MSY,JetBlue Airways
305,EWR,FLL,JetBlue Airways
71,JFK,SLC,JetBlue Airways
87,JFK,SLC,Delta Air Lines Inc.
5048,LGA,RIC,ExpressJet Airlines Inc.
581,JFK,HOU,JetBlue Airways
4533,EWR,BUF,ExpressJet Airlines Inc.
983,LGA,TPA,JetBlue Airways
1131,LGA,DTW,Delta Air Lines Inc.
3320,JFK,BUF,Endeavor Air Inc.
1635,EWR,PHX,United Air Lines Inc.
29,JFK,SFO,Virgin America
642,JFK,SFO,United Air Lines Inc.
523,EWR,BOS,United Air Lines Inc.
316,JFK,SYR,JetBlue Airways
2219,LGA,MSP,Delta Air Lines Inc.
75,JFK,TPA,JetBlue Airways
66,JFK,BUF,JetBlue Airways
318,JFK,BOS,JetBlue Airways
703,JFK,SJU,JetBlue Airways
4583,EWR,PWM,ExpressJet Airlines Inc.
715,LGA,DFW,American Airlines Inc.
1637,EWR,HOU,Southwest Airlines Co.
2140,LGA,BOS,US Airways Inc.
108,JFK,BUF,JetBlue Airways
3450,JFK,JAX,Endeavor Air Inc.
104,JFK,BUF,JetBlue Airways
1693,LGA,ATL,AirTran Airways Corporation
2949,JFK,BNA,Envoy Air
2183,LGA,DCA,US Airways Inc.
1331,JFK,DEN,Delta Air Lines Inc.
1714,LGA,IAH,United Air Lines Inc.
361,LGA,ORD,American Airlines Inc.
1175,LGA,MIA,American Airlines Inc.
1,LGA,MDW,Southwest Airlines Co.
547,EWR,PBI,JetBlue Airways
2163,LGA,DCA,US Airways Inc.
507,LGA,DEN,Frontier Airlines Inc.
685,LGA,ORD,United Air Lines Inc.
1171,LGA,FLL,JetBlue Airways
4661,LGA,BNA,Envoy Air
2181,LGA,DCA,US Airways Inc.
2927,JFK,ORD,Endeavor Air Inc.
4299,EWR,DCA,ExpressJet Airlines Inc.
251,JFK,LAS,Virgin America
793,EWR,MCO,United Air Lines Inc.
369,LGA,PBI,JetBlue Airways
3556,LGA,DTW,Envoy Air
1601,LGA,RSW,JetBlue Airways
258,LGA,ORD,United Air Lines Inc.
5711,JFK,IAD,ExpressJet Airlines Inc.
4518,LGA,RDU,Envoy Air
389,LGA,MCO,JetBlue Airways
373,EWR,PBI,United Air Lines Inc.
1435,EWR,CLT,US Airways Inc.
1071,EWR,BQN,United Air Lines Inc.
4092,EWR,DAY,ExpressJet Airlines Inc.
3525,JFK,ORD,Endeavor Air Inc.
199,JFK,LAS,JetBlue Airways
3565,LGA,CLT,Envoy Air
4445,EWR,IND,ExpressJet Airlines Inc.
3365,JFK,DCA,Envoy Air
1327,LGA,PBI,American Airlines Inc.
1006,JFK,BOS,JetBlue Airways
399,LGA,MCO,JetBlue Airways
2345,JFK,BOS,Delta Air Lines Inc.
5769,LGA,IAD,ExpressJet Airlines Inc.
1480,EWR,SFO,United Air Lines Inc.
1109,LGA,TPA,Delta Air Lines Inc.
763,JFK,LAX,Delta Air Lines Inc.
501,EWR,MCO,United Air Lines Inc.
3359,JFK,RDU,Envoy Air
3325,JFK,DFW,Endeavor Air Inc.
4060,LGA,DAY,Endeavor Air Inc.
403,JFK,SJU,JetBlue Airways
1001,EWR,ORD,United Air Lines Inc.
1177,EWR,ORD,United Air Lines Inc.
2219,LGA,MSP,Delta Air Lines Inc.
625,JFK,PHX,US Airways Inc.
3433,JFK,PIT,Endeavor Air Inc.
3819,EWR,GSP,ExpressJet Airlines Inc.
2190,JFK,MIA,Delta Air Lines Inc.
1,JFK,LAX,American Airlines Inc.
4425,JFK,DCA,Envoy Air
1854,LGA,FLL,Delta Air Lines Inc.
4535,EWR,MSP,ExpressJet Airlines Inc.
2144,LGA,BOS,US Airways Inc.
359,LGA,ORD,American Airlines Inc.
2065,JFK,FLL,Delta Air Lines Inc.
544,LGA,ORD,United Air Lines Inc.
1186,EWR,MIA,United Air Lines Inc.
698,LGA,IAH,United Air Lines Inc.
1006,JFK,BOS,Delta Air Lines Inc.
1116,EWR,BOS,United Air Lines Inc.
4404,JFK,RDU,Envoy Air
371,LGA,FLL,JetBlue Airways
4422,EWR,PIT,ExpressJet Airlines Inc.
2480,EWR,BOS,JetBlue Airways
1128,LGA,IAH,United Air Lines Inc.
2002,JFK,DTW,Delta Air Lines Inc.
3521,JFK,ORD,Endeavor Air Inc.
1692,EWR,SAN,United Air Lines Inc.
3521,JFK,ORD,Endeavor Air Inc.
217,JFK,LGB,JetBlue Airways
1483,EWR,PHX,United Air Lines Inc.
3535,JFK,CMH,Envoy Air
218,LGA,MKE,Southwest Airlines Co.
1047,LGA,ATL,Delta Air Lines Inc.
4533,EWR,BUF,ExpressJet Airlines Inc.
4511,EWR,ROC,ExpressJet Airlines Inc.
5797,EWR,RIC,ExpressJet Airlines Inc.
1,JFK,FLL,JetBlue Airways
1401,EWR,MIA,United Air Lines Inc.
4633,EWR,BTV,ExpressJet Airlines Inc.
1161,LGA,PBI,JetBlue Airways
1000,EWR,MIA,United Air Lines Inc.
1357,JFK,SJU,American Airlines Inc.
566,EWR,IAH,United Air Lines Inc.
773,LGA,DFW,American Airlines Inc.
553,JFK,PBI,JetBlue Airways
184,EWR,MDW,Southwest Airlines Co.
1714,LGA,IAH,United Air Lines Inc.
505,EWR,FLL,JetBlue Airways
1772,JFK,CLT,US Airways Inc.
4227,EWR,MSY,ExpressJet Airlines Inc.
3823,JFK,DCA,Envoy Air
691,LGA,ORD,United Air Lines Inc.
3795,EWR,ORD,Envoy Air
939,JFK,BQN,JetBlue Airways
773,LGA,DFW,American Airlines Inc.
5810,EWR,CLT,ExpressJet Airlines Inc.
4155,EWR,BDL,ExpressJet Airlines Inc.
629,JFK,PHX,US Airways Inc.
1498,LGA,ORD,United Air Lines Inc.
4532,EWR,CHS,ExpressJet Airlines Inc.
4364,EWR,MCI,ExpressJet Airlines Inc.
1785,LGA,MCO,Delta Air Lines Inc.
425,JFK,TPA,JetBlue Airways
487,JFK,CLT,US Airways Inc.
1216,EWR,SJU,United Air Lines Inc.
2319,LGA,MSP,Delta Air Lines Inc.
1979,JFK,CLT,US Airways Inc.
1663,EWR,SFO,United Air Lines Inc.
1685,LGA,MCO,Delta Air Lines Inc.
3216,JFK,ORF,Envoy Air
802,EWR,CLT,US Airways Inc.
3844,EWR,BUF,ExpressJet Airlines Inc.
1115,EWR,TPA,United Air Lines Inc.
4576,LGA,CLT,Envoy Air
71,JFK,SLC,JetBlue Airways
1387,JFK,DEN,Delta Air Lines Inc.
837,LGA,DEN,Frontier Airlines Inc.
2751,LGA,CLT,Mesa Airlines Inc.
83,JFK,SEA,JetBlue Airways
4418,JFK,DCA,Envoy Air
1734,EWR,ORD,United Air Lines Inc.
4175,EWR,AVL,ExpressJet Airlines Inc.
1773,JFK,SLC,Delta Air Lines Inc.
327,EWR,MCO,JetBlue Airways
3696,LGA,MKE,Southwest Airlines Co.
507,LGA,DEN,Frontier Airlines Inc.
3792,JFK,DCA,Envoy Air
874,LGA,MIA,Delta Air Lines Inc.
1073,LGA,MIA,American Airlines Inc.
319,LGA,ORD,American Airlines Inc.
4161,EWR,CLT,ExpressJet Airlines Inc.
1705,EWR,IAH,United Air Lines Inc.
3565,LGA,CLT,Envoy Air
2043,JFK,ATL,Delta Air Lines Inc.
4364,EWR,MCI,ExpressJet Airlines Inc.
1779,LGA,FLL,Delta Air Lines Inc.
4131,EWR,RIC,ExpressJet Airlines Inc.
2173,LGA,DCA,US Airways Inc.
2179,LGA,DCA,US Airways Inc.
4900,EWR,DTW,ExpressJet Airlines Inc.
791,LGA,DFW,American Airlines Inc.
3567,LGA,CLT,Envoy Air
1925,LGA,MIA,American Airlines Inc.
1152,EWR,PDX,United Air Lines Inc.
3365,JFK,DCA,Envoy Air
874,LGA,MIA,Delta Air Lines Inc.
161,EWR,LAX,Virgin America
1554,EWR,BOS,United Air Lines Inc.
3074,LGA,DEN,Southwest Airlines Co.
3826,LGA,AVL,Endeavor Air Inc.
4175,EWR,AVL,ExpressJet Airlines Inc.
1853,EWR,DFW,American Airlines Inc.
1531,EWR,DEN,United Air Lines Inc.
5769,LGA,IAD,ExpressJet Airlines Inc.
1456,LGA,IAH,United Air Lines Inc.
524,EWR,LAX,United Air Lines Inc.
5276,LGA,CHS,ExpressJet Airlines Inc.
863,JFK,LAX,Delta Air Lines Inc.
299,LGA,MCO,JetBlue Airways
2876,LGA,STL,Envoy Air
1889,JFK,SEA,Delta Air Lines Inc.
4255,JFK,BNA,Envoy Air
1710,EWR,MDW,Southwest Airlines Co.
5824,EWR,ORF,ExpressJet Airlines Inc.
407,JFK,LAX,Virgin America
1429,JFK,LAS,Delta Air Lines Inc.
4576,LGA,CLT,Envoy Air
715,JFK,SJU,JetBlue Airways
3591,LGA,RDU,Envoy Air
505,EWR,FLL,JetBlue Airways
523,EWR,MCO,JetBlue Airways
4267,EWR,SAV,ExpressJet Airlines Inc.
3230,JFK,DCA,Envoy Air
257,JFK,SFO,United Air Lines Inc.
1466,EWR,ATL,United Air Lines Inc.
1531,EWR,CLE,United Air Lines Inc.
343,LGA,DEN,United Air Lines Inc.
1275,JFK,SLC,Delta Air Lines Inc.
2071,LGA,CLT,US Airways Inc.
23,JFK,SFO,Virgin America
4373,EWR,DCA,ExpressJet Airlines Inc.
225,JFK,TPA,JetBlue Airways
2280,JFK,FLL,Delta Air Lines Inc.
655,JFK,STT,American Airlines Inc.
1277,LGA,CLT,US Airways Inc.
4140,EWR,ATL,ExpressJet Airlines Inc.
2267,LGA,MIA,American Airlines Inc.
3365,JFK,DCA,Envoy Air
681,EWR,ORD,United Air Lines Inc.
3367,JFK,CVG,Endeavor Air Inc.
1765,JFK,SFO,Delta Air Lines Inc.
281,EWR,PDX,United Air Lines Inc.
179,JFK,SFO,American Airlines Inc.
5711,JFK,IAD,ExpressJet Airlines Inc.
4404,JFK,RDU,Envoy Air
179,JFK,SFO,American Airlines Inc.
1143,LGA,DFW,American Airlines Inc.
4306,EWR,GSO,ExpressJet Airlines Inc.
4453,EWR,MCI,ExpressJet Airlines Inc.
3433,JFK,DCA,Envoy Air
2183,LGA,DCA,US Airways Inc.
4583,EWR,PWM,ExpressJet Airlines Inc.
140,EWR,PHX,US Airways Inc.
1403,JFK,SJU,JetBlue Airways
573,EWR,TPA,JetBlue Airways
215,EWR,SJU,JetBlue Airways
1061,JFK,AUS,JetBlue Airways
4622,LGA,BNA,Envoy Air
5091,LGA,PIT,ExpressJet Airlines Inc.
4122,EWR,SDF,ExpressJet Airlines Inc.
4459,EWR,GSO,ExpressJet Airlines Inc.
1016,JFK,BOS,JetBlue Airways
602,JFK,PWM,JetBlue Airways
4255,EWR,CHS,ExpressJet Airlines Inc.
327,LGA,ORD,American Airlines Inc.
2493,JFK,MCO,American Airlines Inc.
1121,LGA,DFW,American Airlines Inc.
921,EWR,IAH,United Air Lines Inc.
3567,LGA,CLT,Envoy Air
4534,EWR,MKE,ExpressJet Airlines Inc.
4326,EWR,CLT,ExpressJet Airlines Inc.
443,JFK,SEA,Delta Air Lines Inc.
5810,EWR,DTW,ExpressJet Airlines Inc.
1039,JFK,FLL,American Airlines Inc.
1959,JFK,MCO,Delta Air Lines Inc.
431,LGA,SRQ,JetBlue Airways
15,JFK,SFO,JetBlue Airways
1322,JFK,SFO,Delta Air Lines Inc.
4517,EWR,MSP,ExpressJet Airlines Inc.
145,JFK,MIA,American Airlines Inc.
914,LGA,DEN,Delta Air Lines Inc.
226,EWR,IAH,United Air Lines Inc.
1416,EWR,MCO,United Air Lines Inc.
3765,EWR,ORD,Envoy Air
1174,LGA,PBI,Delta Air Lines Inc.
4573,LGA,DTW,Envoy Air
140,EWR,PHX,US Airways Inc.
4416,EWR,BNA,ExpressJet Airlines Inc.
2303,LGA,PBI,Delta Air Lines Inc.
3599,LGA,MSP,Envoy Air
4321,EWR,MCI,ExpressJet Airlines Inc.
1029,JFK,SJU,American Airlines Inc.
2219,LGA,MSP,Delta Air Lines Inc.
587,EWR,LAS,United Air Lines Inc.
505,EWR,FLL,JetBlue Airways
1865,JFK,SFO,Delta Air Lines Inc.
1605,EWR,LAS,United Air Lines Inc.
3709,EWR,ORD,Envoy Air
1685,LGA,MCO,Delta Air Lines Inc.
3325,JFK,DFW,Endeavor Air Inc.
2173,LGA,DCA,US Airways Inc.
1381,EWR,DFW,American Airlines Inc.
894,LGA,CLT,US Airways Inc.
3822,EWR,IAD,ExpressJet Airlines Inc.
509,LGA,DEN,United Air Lines Inc.
883,EWR,DFW,American Airlines Inc.
4447,LGA,RDU,Envoy Air
4172,JFK,CLE,Envoy Air
4252,EWR,MKE,ExpressJet Airlines Inc.
1256,LGA,MIA,American Airlines Inc.
345,LGA,ORD,American Airlines Inc.
618,JFK,PWM,JetBlue Airways
353,LGA,CAK,AirTran Airways Corporation
3384,LGA,CLT,Envoy Air
2138,LGA,BOS,US Airways Inc.
4146,JFK,CMH,Envoy Air
3305,LGA,RDU,Envoy Air
731,LGA,DTW,Delta Air Lines Inc.
1565,JFK,SFO,Delta Air Lines Inc.
791,EWR,PHX,United Air Lines Inc.
3216,JFK,ORF,Envoy Air
835,LGA,DEN,Frontier Airlines Inc.
1416,EWR,FLL,United Air Lines Inc.
3202,JFK,IND,Envoy Air
1592,EWR,MCO,United Air Lines Inc.
339,EWR,FLL,United Air Lines Inc.
215,EWR,BOS,United Air Lines Inc.
4099,EWR,STL,ExpressJet Airlines Inc.
4687,EWR,CVG,ExpressJet Airlines Inc.
3712,JFK,BWI,Endeavor Air Inc.
431,JFK,SFO,Delta Air Lines Inc.
2099,LGA,MIA,American Airlines Inc.
4511,EWR,ROC,ExpressJet Airlines Inc.
2190,JFK,MIA,Delta Air Lines Inc.
2245,EWR,MSP,Delta Air Lines Inc.
507,LGA,DEN,Frontier Airlines Inc.
505,EWR,FLL,JetBlue Airways
4571,EWR,MKE,ExpressJet Airlines Inc.
4019,JFK,RIC,Endeavor Air Inc.
5711,JFK,IAD,ExpressJet Airlines Inc.
618,JFK,PWM,JetBlue Airways
5038,LGA,BHM,ExpressJet Airlines Inc.
3567,LGA,CLT,Envoy Air
4235,EWR,MCI,ExpressJet Airlines Inc.
985,JFK,BOS,Delta Air Lines Inc.
5,EWR,FLL,JetBlue Airways
685,LGA,ATL,AirTran Airways Corporation
4536,EWR,CVG,ExpressJet Airlines Inc.
825,JFK,FLL,American Airlines Inc.
1465,JFK,SFO,Delta Air Lines Inc.
4422,EWR,PIT,ExpressJet Airlines Inc.
15,EWR,HNL,United Air Lines Inc.
4518,LGA,RDU,Envoy Air
3305,LGA,RDU,Envoy Air
881,JFK,DFW,American Airlines Inc.
2134,LGA,BOS,US Airways Inc.
40,LGA,HOU,Southwest Airlines Co.
4333,JFK,PIT,Envoy Air
435,EWR,SAN,United Air Lines Inc.
5109,LGA,CHS,ExpressJet Airlines Inc.
1473,LGA,MEM,Delta Air Lines Inc.
706,JFK,AUS,Delta Air Lines Inc.
172,EWR,MIA,American Airlines Inc.
301,LGA,ORD,American Airlines Inc.
1712,EWR,IAH,United Air Lines Inc.
3486,LGA,BNA,Envoy Air
802,EWR,CLT,US Airways Inc.
6054,EWR,IAD,ExpressJet Airlines Inc.
3230,JFK,DCA,Envoy Air
393,LGA,MCO,JetBlue Airways
3635,JFK,BWI,Endeavor Air Inc.
300,EWR,DFW,American Airlines Inc.
4572,EWR,GSP,ExpressJet Airlines Inc.
4705,EWR,ATL,ExpressJet Airlines Inc.
1492,EWR,ORD,United Air Lines Inc.
1461,EWR,IAH,United Air Lines Inc.
327,LGA,ORD,American Airlines Inc.
4382,EWR,DTW,ExpressJet Airlines Inc.
172,EWR,MIA,American Airlines Inc.
29,JFK,TPA,JetBlue Airways
2180,EWR,BOS,JetBlue Airways
3134,EWR,ORD,Envoy Air
235,LGA,ORD,United Air Lines Inc.
305,EWR,MIA,United Air Lines Inc.
431,LGA,SRQ,JetBlue Airways
4429,LGA,CMH,Envoy Air
1473,LGA,MEM,Delta Air Lines Inc.
2183,LGA,DCA,US Airways Inc.
1321,EWR,MSP,Delta Air Lines Inc.
2079,LGA,FLL,Delta Air Lines Inc.
1166,EWR,IAH,United Air Lines Inc.
1289,EWR,LAS,United Air Lines Inc.
985,LGA,TPA,JetBlue Airways
753,LGA,DFW,American Airlines Inc.
1273,JFK,CHS,JetBlue Airways
499,LGA,MCO,JetBlue Airways
3572,LGA,CLE,Envoy Air
4507,LGA,RDU,Envoy Air
4553,LGA,CLE,Envoy Air
435,JFK,SFO,Delta Air Lines Inc.
258,EWR,MCO,United Air Lines Inc.
3475,EWR,DTW,Endeavor Air Inc.
321,LGA,ORD,American Airlines Inc.
2370,LGA,PBI,Delta Air Lines Inc.
4357,JFK,ORF,Endeavor Air Inc.
59,JFK,TPA,JetBlue Airways
719,LGA,DFW,American Airlines Inc.
4065,LGA,SDF,Endeavor Air Inc.
4205,JFK,BWI,Endeavor Air Inc.
4246,EWR,DTW,ExpressJet Airlines Inc.
137,LGA,STL,Southwest Airlines Co.
3726,LGA,ROC,Endeavor Air Inc.
4701,EWR,BTV,ExpressJet Airlines Inc.
292,EWR,IAH,United Air Lines Inc.
3795,EWR,CVG,Endeavor Air Inc.
3486,LGA,BNA,Envoy Air
303,JFK,SFO,United Air Lines Inc.
3818,EWR,TYS,ExpressJet Airlines Inc.
353,LGA,CAK,AirTran Airways Corporation
35,JFK,PBI,JetBlue Airways
3526,LGA,CMH,Envoy Air
1542,LGA,CLE,United Air Lines Inc.
1580,EWR,LAS,United Air Lines Inc.
4565,EWR,BOS,ExpressJet Airlines Inc.
1635,JFK,SJU,American Airlines Inc.
683,JFK,MCO,JetBlue Airways
346,LGA,ATL,AirTran Airways Corporation
66,JFK,BUF,JetBlue Airways
3531,LGA,RDU,Envoy Air
2181,LGA,DCA,US Airways Inc.
1626,EWR,SAN,United Air Lines Inc.
1004,JFK,BOS,JetBlue Airways
3849,EWR,CVG,ExpressJet Airlines Inc.
2181,LGA,MCO,Delta Air Lines Inc.
1365,EWR,DTW,Delta Air Lines Inc.
29,JFK,SFO,Virgin America
1185,JFK,RDU,JetBlue Airways
85,JFK,SFO,American Airlines Inc.
1277,LGA,CLT,US Airways Inc.
5806,EWR,OMA,ExpressJet Airlines Inc.
874,LGA,MIA,Delta Air Lines Inc.
3508,LGA,JAX,Endeavor Air Inc.
2351,JFK,MIA,American Airlines Inc.
5048,LGA,RIC,ExpressJet Airlines Inc.
1816,JFK,SYR,JetBlue Airways
1635,JFK,SJU,American Airlines Inc.
581,JFK,HOU,JetBlue Airways
1269,EWR,PBI,United Air Lines Inc.
2142,LGA,BOS,US Airways Inc.
197,LGA,STL,Southwest Airlines Co.
1109,LGA,TPA,Delta Air Lines Inc.
1161,LGA,PBI,JetBlue Airways
3641,EWR,BWI,Southwest Airlines Co.
413,JFK,SJU,American Airlines Inc.
291,EWR,AUS,United Air Lines Inc.
671,JFK,LAX,JetBlue Airways
1103,JFK,SJU,JetBlue Airways
715,LGA,DFW,American Airlines Inc.
1602,EWR,CLE,United Air Lines Inc.
4113,EWR,IND,ExpressJet Airlines Inc.
1485,LGA,MCO,Delta Air Lines Inc.
1191,JFK,ACK,JetBlue Airways
951,JFK,ATL,Delta Air Lines Inc.
4567,EWR,MCI,ExpressJet Airlines Inc.
517,EWR,MCO,JetBlue Airways
1618,EWR,TPA,United Air Lines Inc.
53,JFK,PBI,JetBlue Airways
2363,JFK,LAX,Delta Air Lines Inc.
410,EWR,BOS,United Air Lines Inc.
354,LGA,CAK,AirTran Airways Corporation
863,JFK,LAX,Delta Air Lines Inc.
4135,JFK,BWI,Endeavor Air Inc.
2047,LGA,ATL,Delta Air Lines Inc.
1185,EWR,SLC,Delta Air Lines Inc.
402,JFK,BOS,Delta Air Lines Inc.
45,JFK,LAS,American Airlines Inc.
4381,EWR,DTW,ExpressJet Airlines Inc.
3267,EWR,ORF,ExpressJet Airlines Inc.
229,JFK,RSW,JetBlue Airways
4705,EWR,ATL,ExpressJet Airlines Inc.
1456,LGA,IAH,United Air Lines Inc.
97,JFK,DEN,JetBlue Airways
1387,JFK,DEN,Delta Air Lines Inc.
830,EWR,MIA,United Air Lines Inc.
2918,JFK,IND,Endeavor Air Inc.
3040,EWR,HOU,Southwest Airlines Co.
269,JFK,SEA,American Airlines Inc.
1185,JFK,RDU,JetBlue Airways
345,LGA,ATL,AirTran Airways Corporation
5711,JFK,IAD,ExpressJet Airlines Inc.
4348,EWR,MSP,ExpressJet Airlines Inc.
1109,EWR,MCO,United Air Lines Inc.
1838,JFK,BOS,American Airlines Inc.
104,JFK,BUF,JetBlue Airways
1601,EWR,FLL,United Air Lines Inc.
51,JFK,HNL,Hawaiian Airlines Inc.
305,EWR,FLL,JetBlue Airways
347,JFK,SJU,Delta Air Lines Inc.
1110,EWR,LAS,United Air Lines Inc.
19,EWR,STL,Southwest Airlines Co.
306,EWR,PBI,United Air Lines Inc.
1295,JFK,AUS,JetBlue Airways
2459,JFK,MCO,Delta Air Lines Inc.
711,JFK,LAS,JetBlue Airways
874,LGA,MIA,Delta Air Lines Inc.
29,JFK,TPA,JetBlue Airways
575,JFK,EGE,American Airlines Inc.
3944,JFK,BWI,Envoy Air
798,EWR,ORD,United Air Lines Inc.
394,EWR,SFO,United Air Lines Inc.
5841,EWR,STL,ExpressJet Airlines Inc.
3697,EWR,ORD,Envoy Air
3833,EWR,CVG,ExpressJet Airlines Inc.
104,JFK,BUF,JetBlue Airways
4255,EWR,CHS,ExpressJet Airlines Inc.
1174,LGA,PBI,Delta Air Lines Inc.
5454,EWR,DTW,ExpressJet Airlines Inc.
963,JFK,LAX,Delta Air Lines Inc.
193,EWR,SFO,Virgin America
1113,LGA,STL,Southwest Airlines Co.
4701,EWR,BTV,ExpressJet Airlines Inc.
1321,EWR,MSP,Delta Air Lines Inc.
199,JFK,LAS,JetBlue Airways
2267,LGA,MIA,American Airlines Inc.
3301,LGA,RDU,Envoy Air
1935,LGA,TPA,Delta Air Lines Inc.
2488,EWR,DFW,American Airlines Inc.
499,LGA,MCO,JetBlue Airways
705,JFK,SJU,JetBlue Airways
3798,JFK,CLT,Endeavor Air Inc.
1200,EWR,SAN,United Air Lines Inc.
206,EWR,SFO,United Air Lines Inc.
4596,EWR,STL,ExpressJet Airlines Inc.
181,LGA,DTW,Delta Air Lines Inc.
4033,LGA,TYS,Endeavor Air Inc.
3375,JFK,SAT,Endeavor Air Inc.
361,LGA,PBI,JetBlue Airways
3452,JFK,BOS,Endeavor Air Inc.
4065,LGA,SDF,Endeavor Air Inc.
629,JFK,PHX,US Airways Inc.
5594,LGA,GSO,ExpressJet Airlines Inc.
1703,EWR,BOS,United Air Lines Inc.
3823,JFK,DCA,Envoy Air
32,JFK,ROC,JetBlue Airways
1030,LGA,STL,American Airlines Inc.
3325,JFK,DFW,Endeavor Air Inc.
5959,LGA,CLE,ExpressJet Airlines Inc.
3805,EWR,BNA,ExpressJet Airlines Inc.
32,JFK,ROC,JetBlue Airways
545,EWR,PBI,JetBlue Airways
717,JFK,SJU,JetBlue Airways
2098,LGA,MIA,Delta Air Lines Inc.
4588,LGA,MSP,Envoy Air
707,LGA,DFW,American Airlines Inc.
1593,EWR,MCO,United Air Lines Inc.
4245,JFK,CHS,Endeavor Air Inc.
1618,EWR,TPA,United Air Lines Inc.
343,LGA,ORD,American Airlines Inc.
5325,LGA,CHO,ExpressJet Airlines Inc.
3521,JFK,ORD,Endeavor Air Inc.
44,JFK,BTV,JetBlue Airways
214,EWR,BOS,United Air Lines Inc.
161,JFK,SEA,Delta Air Lines Inc.
1223,EWR,DFW,American Airlines Inc.
2158,LGA,BOS,US Airways Inc.
5841,EWR,STL,ExpressJet Airlines Inc.
565,JFK,DFW,American Airlines Inc.
1139,LGA,DFW,American Airlines Inc.
739,LGA,DFW,American Airlines Inc.
4322,EWR,MKE,ExpressJet Airlines Inc.
1466,EWR,SAN,United Air Lines Inc.
2079,LGA,FLL,Delta Air Lines Inc.
1729,JFK,LAS,Delta Air Lines Inc.
1228,EWR,SAN,United Air Lines Inc.
4348,EWR,MSP,ExpressJet Airlines Inc.
2075,EWR,DFW,American Airlines Inc.
1248,EWR,BOS,United Air Lines Inc.
3230,JFK,DCA,Envoy Air
1271,JFK,FLL,Delta Air Lines Inc.
807,EWR,ATL,Delta Air Lines Inc.
3365,JFK,DCA,Envoy Air
257,JFK,LAS,American Airlines Inc.
3432,JFK,DCA,Endeavor Air Inc.
4687,EWR,CVG,ExpressJet Airlines Inc.
359,JFK,BUR,JetBlue Airways
5736,LGA,IAD,ExpressJet Airlines Inc.
1902,LGA,PBI,Delta Air Lines Inc.
548,LGA,ORD,United Air Lines Inc.
83,JFK,FLL,Delta Air Lines Inc.
1591,EWR,IAH,United Air Lines Inc.
3660,LGA,BNA,Envoy Air
379,EWR,SAN,United Air Lines Inc.
17,JFK,LAX,Delta Air Lines Inc.
3675,LGA,BNA,Envoy Air
3318,JFK,BUF,Endeavor Air Inc.
5091,LGA,PIT,ExpressJet Airlines Inc.
3355,LGA,BNA,Envoy Air
3392,JFK,RDU,Endeavor Air Inc.
2156,LGA,BOS,US Airways Inc.
2267,LGA,MIA,American Airlines Inc.
221,JFK,MIA,American Airlines Inc.
927,EWR,MCO,JetBlue Airways
472,JFK,LAX,Delta Air Lines Inc.
56,JFK,BTV,JetBlue Airways
1289,EWR,BOS,United Air Lines Inc.
1585,EWR,CLE,United Air Lines Inc.
2041,JFK,MIA,American Airlines Inc.
1071,EWR,BQN,United Air Lines Inc.
201,JFK,FLL,JetBlue Airways
3868,JFK,ORF,Endeavor Air Inc.
3393,JFK,DCA,Endeavor Air Inc.
4426,LGA,CMH,Envoy Air
2169,LGA,DCA,US Airways Inc.
987,EWR,LAS,United Air Lines Inc.
1205,JFK,PDX,JetBlue Airways
4322,EWR,MKE,ExpressJet Airlines Inc.
354,LGA,CAK,AirTran Airways Corporation
504,EWR,MDW,Southwest Airlines Co.
343,LGA,ORD,American Airlines Inc.
1461,EWR,ATL,Delta Air Lines Inc.
4229,EWR,BUF,ExpressJet Airlines Inc.
1619,LGA,MSP,Delta Air Lines Inc.
171,JFK,SMF,JetBlue Airways
1751,EWR,PHX,Southwest Airlines Co.
345,LGA,ATL,AirTran Airways Corporation
133,JFK,LAX,American Airlines Inc.
4589,LGA,DTW,Envoy Air
1452,EWR,FLL,United Air Lines Inc.
706,EWR,LAS,United Air Lines Inc.
1416,EWR,LAX,United Air Lines Inc.
1161,EWR,SAN,United Air Lines Inc.
1687,EWR,IAH,United Air Lines Inc.
3567,LGA,CLT,Envoy Air
766,JFK,SFO,United Air Lines Inc.
744,EWR,DFW,United Air Lines Inc.
5242,LGA,GSO,ExpressJet Airlines Inc.
1431,EWR,CLT,US Airways Inc.
3314,JFK,JAX,Endeavor Air Inc.
1119,JFK,CLT,JetBlue Airways
4521,LGA,RDU,Envoy Air
552,EWR,SEA,United Air Lines Inc.
541,EWR,CLE,United Air Lines Inc.
1493,EWR,LAX,United Air Lines Inc.
715,JFK,SJU,JetBlue Airways
677,JFK,MIA,American Airlines Inc.
418,JFK,BOS,JetBlue Airways
1061,JFK,AUS,JetBlue Airways
3230,JFK,DCA,Envoy Air
915,JFK,SFO,JetBlue Airways
4118,EWR,DTW,ExpressJet Airlines Inc.
2169,LGA,DCA,US Airways Inc.
485,EWR,DEN,United Air Lines Inc.
268,EWR,LAS,United Air Lines Inc.
219,JFK,CLT,JetBlue Airways
5897,EWR,ORF,ExpressJet Airlines Inc.
1415,JFK,SLC,Delta Air Lines Inc.
345,LGA,ORD,American Airlines Inc.
1619,LGA,MSP,Delta Air Lines Inc.
755,EWR,LAX,United Air Lines Inc.
245,JFK,PHX,Delta Air Lines Inc.
215,EWR,SJU,JetBlue Airways
331,LGA,ORD,United Air Lines Inc.
1271,LGA,FLL,JetBlue Airways
3281,LGA,CMH,Envoy Air
5085,EWR,DTW,ExpressJet Airlines Inc.
315,JFK,SJU,Delta Air Lines Inc.
75,EWR,PHX,US Airways Inc.
308,JFK,PWM,JetBlue Airways
112,JFK,BUF,JetBlue Airways
3384,LGA,CLT,Envoy Air
341,LGA,ORD,American Airlines Inc.
2261,EWR,PHX,Southwest Airlines Co.
2603,LGA,BNA,Southwest Airlines Co.
36,JFK,ROC,JetBlue Airways
5797,EWR,RIC,ExpressJet Airlines Inc.
371,LGA,ORD,American Airlines Inc.
133,JFK,RSW,JetBlue Airways
305,LGA,ORD,American Airlines Inc.
681,EWR,PHX,US Airways Inc.
759,LGA,DFW,American Airlines Inc.
1999,EWR,MIA,American Airlines Inc.
3407,LGA,CMH,Envoy Air
3691,JFK,CHS,Endeavor Air Inc.
1705,LGA,MSY,Delta Air Lines Inc.
543,JFK,MIA,American Airlines Inc.
885,JFK,RDU,JetBlue Airways
3216,JFK,ORF,Envoy Air
2213,EWR,MDW,Southwest Airlines Co.
3386,JFK,DCA,Envoy Air
681,LGA,ORD,United Air Lines Inc.
1454,LGA,IAH,United Air Lines Inc.
1175,LGA,MIA,American Airlines Inc.
4,JFK,BUF,JetBlue Airways
1587,EWR,RSW,United Air Lines Inc.
1027,EWR,TPA,United Air Lines Inc.
3493,LGA,CLE,Envoy Air
4334,EWR,CMH,ExpressJet Airlines Inc.
354,EWR,CLE,United Air Lines Inc.
4187,EWR,BNA,ExpressJet Airlines Inc.
4705,EWR,ATL,ExpressJet Airlines Inc.
248,EWR,MIA,United Air Lines Inc.
2075,EWR,DFW,American Airlines Inc.
675,EWR,CLT,US Airways Inc.
2019,LGA,MSP,Delta Air Lines Inc.
3849,EWR,CVG,ExpressJet Airlines Inc.
375,EWR,SEA,United Air Lines Inc.
739,LGA,DFW,American Airlines Inc.
51,JFK,HNL,Hawaiian Airlines Inc.
4247,EWR,JAX,ExpressJet Airlines Inc.
502,EWR,ATL,Delta Air Lines Inc.
4445,EWR,IND,ExpressJet Airlines Inc.
199,JFK,LAS,JetBlue Airways
1111,LGA,DFW,American Airlines Inc.
1163,JFK,LAX,Delta Air Lines Inc.
2247,LGA,ATL,Delta Air Lines Inc.
2116,LGA,BOS,US Airways Inc.
573,EWR,TPA,JetBlue Airways
349,LGA,ATL,AirTran Airways Corporation
509,LGA,DEN,United Air Lines Inc.
3603,LGA,DTW,Envoy Air
1276,EWR,AUS,United Air Lines Inc.
873,JFK,BOS,Delta Air Lines Inc.
677,JFK,LAX,JetBlue Airways
443,JFK,MIA,American Airlines Inc.
4601,LGA,RDU,Envoy Air
4420,EWR,ORF,ExpressJet Airlines Inc.
775,EWR,ORD,United Air Lines Inc.
1465,JFK,SFO,Delta Air Lines Inc.
325,LGA,ORD,American Airlines Inc.
1023,LGA,ORD,United Air Lines Inc.
4714,EWR,CLT,ExpressJet Airlines Inc.
4108,EWR,RDU,ExpressJet Airlines Inc.
33,JFK,LAX,American Airlines Inc.
4552,EWR,GSO,ExpressJet Airlines Inc.
1481,EWR,PHX,United Air Lines Inc.
1681,LGA,IAH,United Air Lines Inc.
1902,LGA,PBI,Delta Air Lines Inc.
1247,LGA,ATL,Delta Air Lines Inc.
331,LGA,ORD,American Airlines Inc.
4202,EWR,STL,ExpressJet Airlines Inc.
601,JFK,FLL,JetBlue Airways
227,EWR,MCO,JetBlue Airways
130,JFK,BUF,JetBlue Airways
2493,JFK,MCO,American Airlines Inc.
587,LGA,DEN,United Air Lines Inc.
620,LGA,ATL,AirTran Airways Corporation
2179,LGA,DCA,US Airways Inc.
301,LGA,ORD,American Airlines Inc.
331,EWR,PDX,United Air Lines Inc.
4255,JFK,BNA,Envoy Air
3916,JFK,ROC,Endeavor Air Inc.
587,EWR,LAS,United Air Lines Inc.
1479,EWR,LAX,United Air Lines Inc.
3525,LGA,SYR,Endeavor Air Inc.
954,LGA,FLL,Delta Air Lines Inc.
400,EWR,LAX,United Air Lines Inc.
359,JFK,BUR,JetBlue Airways
363,LGA,ORD,American Airlines Inc.
105,JFK,ORD,JetBlue Airways
731,LGA,DTW,Delta Air Lines Inc.
947,LGA,ATL,Delta Air Lines Inc.
914,LGA,DEN,Delta Air Lines Inc.
3674,LGA,CLE,Envoy Air
4581,EWR,RDU,ExpressJet Airlines Inc.
1599,EWR,ORD,United Air Lines Inc.
4434,EWR,MHT,ExpressJet Airlines Inc.
706,EWR,MSY,United Air Lines Inc.
3069,EWR,STL,Southwest Airlines Co.
360,EWR,PBI,United Air Lines Inc.
1030,LGA,STL,American Airlines Inc.
1499,JFK,MIA,American Airlines Inc.
5956,LGA,CLE,ExpressJet Airlines Inc.
1216,EWR,SJU,United Air Lines Inc.
235,JFK,SEA,American Airlines Inc.
1373,JFK,MIA,Delta Air Lines Inc.
3367,JFK,CVG,Endeavor Air Inc.
4705,EWR,ATL,ExpressJet Airlines Inc.
5611,LGA,CHS,ExpressJet Airlines Inc.
5091,LGA,PIT,ExpressJet Airlines Inc.
1855,LGA,STL,American Airlines Inc.
2391,JFK,TPA,Delta Air Lines Inc.
452,LGA,STL,Southwest Airlines Co.
1178,EWR,BOS,JetBlue Airways
1982,LGA,MIA,Delta Air Lines Inc.
3531,LGA,RDU,Envoy Air
2380,EWR,BOS,JetBlue Airways
1801,JFK,FLL,JetBlue Airways
375,EWR,CLT,US Airways Inc.
2239,EWR,HOU,Southwest Airlines Co.
1627,EWR,PBI,United Air Lines Inc.
1542,LGA,CLE,United Air Lines Inc.
935,EWR,ATL,Delta Air Lines Inc.
1263,LGA,ORD,United Air Lines Inc.
1351,JFK,ORD,American Airlines Inc.
3448,JFK,CVG,Endeavor Air Inc.
1747,LGA,ATL,Delta Air Lines Inc.
4118,EWR,DTW,ExpressJet Airlines Inc.
2180,EWR,BOS,JetBlue Airways
2175,LGA,DCA,US Airways Inc.
785,LGA,DFW,American Airlines Inc.
4657,LGA,ATL,Envoy Air
1147,LGA,ATL,Delta Air Lines Inc.
1299,EWR,RSW,United Air Lines Inc.
604,EWR,PHX,US Airways Inc.
1680,EWR,MIA,United Air Lines Inc.
4301,EWR,CLT,ExpressJet Airlines Inc.
4471,EWR,CLT,ExpressJet Airlines Inc.
510,JFK,SFO,United Air Lines Inc.
304,LGA,IAH,United Air Lines Inc.
29,JFK,SFO,Virgin America
66,JFK,BUF,JetBlue Airways
3848,EWR,ROC,ExpressJet Airlines Inc.
525,JFK,TPA,JetBlue Airways
75,EWR,PHX,US Airways Inc.
1178,EWR,BOS,JetBlue Airways
1708,LGA,MDW,Southwest Airlines Co.
4694,EWR,MKE,ExpressJet Airlines Inc.
3359,JFK,RDU,Envoy Air
2392,LGA,DEN,Southwest Airlines Co.
119,JFK,MSY,JetBlue Airways
3459,JFK,BNA,Endeavor Air Inc.
1802,JFK,CLT,US Airways Inc.
4625,EWR,XNA,ExpressJet Airlines Inc.
3044,JFK,BWI,Envoy Air
8,JFK,PWM,JetBlue Airways
2116,LGA,BOS,US Airways Inc.
1739,EWR,DFW,American Airlines Inc.
553,EWR,RSW,JetBlue Airways
1765,JFK,SFO,Delta Air Lines Inc.
1783,JFK,MCO,JetBlue Airways
2065,JFK,FLL,Delta Air Lines Inc.
4334,EWR,CMH,ExpressJet Airlines Inc.
587,EWR,LAS,United Air Lines Inc.
6049,EWR,IAD,ExpressJet Airlines Inc.
2114,LGA,BOS,US Airways Inc.
197,LGA,STL,Southwest Airlines Co.
1539,EWR,DFW,United Air Lines Inc.
481,LGA,DEN,United Air Lines Inc.
883,EWR,DFW,American Airlines Inc.
1853,EWR,DFW,American Airlines Inc.
523,EWR,MCO,JetBlue Airways
118,JFK,BOS,JetBlue Airways
2165,EWR,MSP,Delta Air Lines Inc.
2443,JFK,BOS,Delta Air Lines Inc.
1762,JFK,BOS,American Airlines Inc.
1483,EWR,AUS,United Air Lines Inc.
2144,LGA,BOS,US Airways Inc.
2173,LGA,DCA,US Airways Inc.
397,JFK,SFO,United Air Lines Inc.
1587,EWR,RSW,United Air Lines Inc.
262,EWR,ORD,United Air Lines Inc.
1338,JFK,MVY,JetBlue Airways
3845,EWR,BNA,Southwest Airlines Co.
655,LGA,ORD,United Air Lines Inc.
1639,LGA,RSW,JetBlue Airways
1647,LGA,ATL,Delta Air Lines Inc.
2119,LGA,MSP,Delta Air Lines Inc.
1585,LGA,MCO,Delta Air Lines Inc.
1525,EWR,RSW,United Air Lines Inc.
4131,EWR,RIC,ExpressJet Airlines Inc.
727,JFK,BQN,JetBlue Airways
3443,JFK,RDU,Endeavor Air Inc.
648,EWR,SFO,United Air Lines Inc.
145,JFK,MIA,American Airlines Inc.
4667,EWR,MSP,ExpressJet Airlines Inc.
2098,LGA,MIA,Delta Air Lines Inc.
251,JFK,LAS,Virgin America
5287,LGA,MSN,ExpressJet Airlines Inc.
3573,LGA,CMH,Envoy Air
1224,EWR,LAX,United Air Lines Inc.
4588,LGA,MSP,Envoy Air
4422,EWR,PIT,ExpressJet Airlines Inc.
3411,LGA,RDU,Envoy Air
2098,LGA,MIA,Delta Air Lines Inc.
1573,LGA,MEM,Delta Air Lines Inc.
3793,JFK,CLT,Endeavor Air Inc.
3669,LGA,ATL,Envoy Air
415,JFK,LAX,Virgin America
331,LGA,ORD,American Airlines Inc.
1572,EWR,SAN,United Air Lines Inc.
4126,EWR,CLT,ExpressJet Airlines Inc.
996,EWR,SFO,United Air Lines Inc.
5568,LGA,CLE,SkyWest Airlines Inc.
929,JFK,RSW,JetBlue Airways
1902,LGA,PBI,Delta Air Lines Inc.
2181,LGA,MCO,Delta Air Lines Inc.
3496,LGA,PIT,Endeavor Air Inc.
2088,LGA,CLT,US Airways Inc.
4640,EWR,DAY,ExpressJet Airlines Inc.
3881,EWR,CVG,Endeavor Air Inc.
1903,LGA,SRQ,Delta Air Lines Inc.
4376,EWR,RDU,ExpressJet Airlines Inc.
1085,LGA,CLT,US Airways Inc.
4249,EWR,IAD,ExpressJet Airlines Inc.
1175,LGA,MIA,American Airlines Inc.
575,JFK,EGE,American Airlines Inc.
4364,EWR,MCI,ExpressJet Airlines Inc.
1639,LGA,RSW,JetBlue Airways
2,JFK,BUF,JetBlue Airways
1073,LGA,MIA,American Airlines Inc.
4657,LGA,ATL,Envoy Air
909,EWR,MDW,Southwest Airlines Co.
2027,JFK,FLL,Delta Air Lines Inc.
5048,LGA,RIC,ExpressJet Airlines Inc.
5404,LGA,RIC,ExpressJet Airlines Inc.
2142,LGA,BOS,US Airways Inc.
2596,JFK,LAS,Delta Air Lines Inc.
1116,EWR,BOS,United Air Lines Inc.
1959,JFK,MCO,Delta Air Lines Inc.
3272,LGA,CLE,Envoy Air
975,LGA,PIT,Delta Air Lines Inc.
456,JFK,PHX,US Airways Inc.
1401,JFK,FLL,JetBlue Airways
1623,EWR,MIA,American Airlines Inc.
79,JFK,MCO,JetBlue Airways
130,JFK,BUF,JetBlue Airways
499,LGA,MCO,JetBlue Airways
4700,EWR,CLT,ExpressJet Airlines Inc.
604,JFK,PWM,JetBlue Airways
281,JFK,HOU,JetBlue Airways
555,EWR,FLL,United Air Lines Inc.
4640,EWR,DAY,ExpressJet Airlines Inc.
4295,JFK,ORF,Endeavor Air Inc.
135,JFK,RSW,JetBlue Airways
2002,JFK,BUF,JetBlue Airways
3450,JFK,JAX,Endeavor Air Inc.
5417,EWR,DTW,ExpressJet Airlines Inc.
4638,EWR,PIT,ExpressJet Airlines Inc.
5475,LGA,CLT,ExpressJet Airlines Inc.
601,JFK,FLL,JetBlue Airways
1572,EWR,BOS,United Air Lines Inc.
4348,EWR,MSP,ExpressJet Airlines Inc.
1171,LGA,DFW,American Airlines Inc.
1819,LGA,MSP,Delta Air Lines Inc.
1714,LGA,IAH,United Air Lines Inc.
675,JFK,MSY,JetBlue Airways
3461,LGA,BNA,Envoy Air
1643,EWR,DEN,United Air Lines Inc.
2147,EWR,MIA,American Airlines Inc.
4364,EWR,MCI,ExpressJet Airlines Inc.
195,LGA,STL,Southwest Airlines Co.
453,JFK,PBI,JetBlue Airways
1715,LGA,MSY,Delta Air Lines Inc.
702,JFK,BUF,JetBlue Airways
1903,LGA,SRQ,Delta Air Lines Inc.
4122,EWR,SDF,ExpressJet Airlines Inc.
385,EWR,PBI,United Air Lines Inc.
4131,EWR,RIC,ExpressJet Airlines Inc.
4576,LGA,CLT,Envoy Air
305,LGA,ORD,American Airlines Inc.
743,LGA,DFW,American Airlines Inc.
301,JFK,FLL,JetBlue Airways
881,EWR,CLT,US Airways Inc.
1231,LGA,DTW,Delta Air Lines Inc.
801,JFK,FLL,JetBlue Airways
1185,LGA,DFW,American Airlines Inc.
4138,EWR,BDL,ExpressJet Airlines Inc.
249,EWR,BOS,United Air Lines Inc.
49,JFK,PBI,JetBlue Airways
335,EWR,FLL,United Air Lines Inc.
2163,LGA,DCA,US Airways Inc.
797,EWR,LAX,United Air Lines Inc.
771,JFK,LAX,United Air Lines Inc.
4019,JFK,RIC,Endeavor Air Inc.
4584,LGA,CLT,Envoy Air
2070,LGA,RSW,Delta Air Lines Inc.
34,JFK,BTV,JetBlue Airways
4588,LGA,MSP,Envoy Air
177,JFK,SFO,American Airlines Inc.
2904,JFK,BOS,Endeavor Air Inc.
1454,EWR,MSY,Southwest Airlines Co.
2751,LGA,CLT,Mesa Airlines Inc.
1843,EWR,CLT,US Airways Inc.
1471,EWR,LAX,United Air Lines Inc.
165,EWR,LAX,Virgin America
4019,JFK,RIC,Endeavor Air Inc.
3395,JFK,DCA,Endeavor Air Inc.
4309,JFK,IND,Envoy Air
915,JFK,SFO,JetBlue Airways
197,JFK,LAS,JetBlue Airways
4667,EWR,MSP,ExpressJet Airlines Inc.
1141,JFK,LAX,United Air Lines Inc.
1802,JFK,CLT,US Airways Inc.
2019,LGA,STL,American Airlines Inc.
313,LGA,ORD,American Airlines Inc.
422,JFK,LAX,Delta Air Lines Inc.
272,JFK,SFO,United Air Lines Inc.
407,EWR,BOS,United Air Lines Inc.
883,JFK,MCO,JetBlue Airways
4495,EWR,SAV,ExpressJet Airlines Inc.
1038,EWR,SAN,United Air Lines Inc.
2166,EWR,AUS,Southwest Airlines Co.
685,LGA,ORD,United Air Lines Inc.
1739,LGA,PHL,US Airways Inc.
5454,EWR,DTW,ExpressJet Airlines Inc.
2049,LGA,PHL,US Airways Inc.
4219,EWR,SYR,ExpressJet Airlines Inc.
753,LGA,DFW,American Airlines Inc.
1734,EWR,ORD,United Air Lines Inc.
4333,JFK,PIT,Envoy Air
4393,EWR,IND,ExpressJet Airlines Inc.
399,JFK,LAX,Virgin America
65,JFK,TPA,JetBlue Airways
1709,LGA,MIA,American Airlines Inc.
269,JFK,SEA,American Airlines Inc.
301,LGA,ORD,American Airlines Inc.
301,JFK,FLL,JetBlue Airways
4693,EWR,PVD,ExpressJet Airlines Inc.
3452,JFK,BOS,Endeavor Air Inc.
3044,JFK,BWI,Envoy Air
151,JFK,MCO,JetBlue Airways
3297,LGA,BNA,Southwest Airlines Co.
2191,LGA,DCA,US Airways Inc.
5956,LGA,CLE,ExpressJet Airlines Inc.
804,JFK,PIT,Delta Air Lines Inc.
901,JFK,FLL,JetBlue Airways
745,LGA,DFW,American Airlines Inc.
4581,EWR,CMH,ExpressJet Airlines Inc.
1117,LGA,TPA,JetBlue Airways
5629,LGA,XNA,ExpressJet Airlines Inc.
1139,EWR,SFO,United Air Lines Inc.
116,JFK,SYR,JetBlue Airways
4569,LGA,RDU,Envoy Air
4645,EWR,JAX,ExpressJet Airlines Inc.
4219,EWR,SYR,ExpressJet Airlines Inc.
2043,JFK,ATL,Delta Air Lines Inc.
1240,LGA,DEN,United Air Lines Inc.
401,EWR,ATL,Delta Air Lines Inc.
5713,LGA,IAD,ExpressJet Airlines Inc.
1139,EWR,DEN,United Air Lines Inc.
3795,EWR,ORD,Envoy Air
1833,JFK,PBI,JetBlue Airways
3971,JFK,CLT,Endeavor Air Inc.
4674,LGA,CLE,Envoy Air
3713,LGA,XNA,Envoy Air
383,LGA,FLL,JetBlue Airways
226,EWR,DEN,Southwest Airlines Co.
2815,JFK,CLE,Envoy Air
4276,EWR,BDL,ExpressJet Airlines Inc.
423,JFK,LAX,JetBlue Airways
323,JFK,LAX,JetBlue Airways
117,JFK,MSY,JetBlue Airways
4333,EWR,TUL,ExpressJet Airlines Inc.
707,JFK,SJU,JetBlue Airways
303,JFK,SFO,United Air Lines Inc.
656,EWR,PHX,US Airways Inc.
281,JFK,HOU,JetBlue Airways
1673,EWR,RSW,United Air Lines Inc.
512,JFK,SFO,United Air Lines Inc.
1775,LGA,PHL,US Airways Inc.
5977,EWR,RDU,ExpressJet Airlines Inc.
1442,EWR,DFW,United Air Lines Inc.
59,JFK,SFO,American Airlines Inc.
961,JFK,DEN,Delta Air Lines Inc.
3459,JFK,BNA,Endeavor Air Inc.
1682,EWR,DEN,United Air Lines Inc.
803,JFK,SJU,JetBlue Airways
874,LGA,MIA,Delta Air Lines Inc.
4687,EWR,CVG,ExpressJet Airlines Inc.
3525,LGA,SYR,Endeavor Air Inc.
2175,LGA,DCA,US Airways Inc.
341,LGA,ORD,American Airlines Inc.
4484,LGA,BNA,Envoy Air
2098,LGA,MIA,Delta Air Lines Inc.
698,EWR,TPA,United Air Lines Inc.
1069,JFK,AUS,JetBlue Airways
397,JFK,SFO,United Air Lines Inc.
259,EWR,IAH,United Air Lines Inc.
1466,EWR,LAX,United Air Lines Inc.
1639,LGA,RSW,JetBlue Airways
4013,JFK,PHL,Endeavor Air Inc.
721,LGA,DFW,American Airlines Inc.
2154,LGA,BOS,US Airways Inc.
1174,LGA,PBI,Delta Air Lines Inc.
629,JFK,HOU,JetBlue Airways
917,JFK,ORD,JetBlue Airways
4709,EWR,RDU,ExpressJet Airlines Inc.
161,JFK,LAS,Delta Air Lines Inc.
345,LGA,ATL,AirTran Airways Corporation
4702,EWR,GSO,ExpressJet Airlines Inc.
1064,EWR,BOS,United Air Lines Inc.
401,EWR,ATL,Delta Air Lines Inc.
929,JFK,RSW,JetBlue Airways
2166,EWR,AUS,Southwest Airlines Co.
4412,EWR,BUF,ExpressJet Airlines Inc.
1175,EWR,RSW,United Air Lines Inc.
4241,EWR,DCA,ExpressJet Airlines Inc.
3507,JFK,MSY,Endeavor Air Inc.
2185,LGA,DCA,US Airways Inc.
708,EWR,ORD,United Air Lines Inc.
283,JFK,MCO,JetBlue Airways
2793,JFK,CMH,Envoy Air
795,JFK,AUS,JetBlue Airways
316,JFK,SYR,JetBlue Airways
841,JFK,SFO,Delta Air Lines Inc.
105,JFK,ORD,JetBlue Airways
4149,EWR,RDU,ExpressJet Airlines Inc.
1557,EWR,LAS,United Air Lines Inc.
44,JFK,SYR,JetBlue Airways
1734,EWR,ORD,United Air Lines Inc.
1053,EWR,CLE,United Air Lines Inc.
402,JFK,BOS,Delta Air Lines Inc.
29,JFK,SFO,Virgin America
1739,LGA,PHL,US Airways Inc.
1787,JFK,TPA,American Airlines Inc.
1296,EWR,PBI,United Air Lines Inc.
1518,EWR,DTW,Delta Air Lines Inc.
407,JFK,LAX,Virgin America
2193,LGA,DCA,US Airways Inc.
27,JFK,SFO,Virgin America
307,LGA,ORD,American Airlines Inc.
4453,LGA,MKE,Southwest Airlines Co.
8,JFK,BUF,JetBlue Airways
254,EWR,PBI,United Air Lines Inc.
1775,LGA,PHL,US Airways Inc.
1354,LGA,BNA,Southwest Airlines Co.
5714,JFK,IAD,ExpressJet Airlines Inc.
1375,JFK,SLC,Delta Air Lines Inc.
1585,LGA,MCO,Delta Air Lines Inc.
2171,LGA,DCA,US Airways Inc.
4065,LGA,SDF,Endeavor Air Inc.
4312,EWR,DCA,ExpressJet Airlines Inc.
5711,JFK,IAD,ExpressJet Airlines Inc.
108,JFK,PWM,JetBlue Airways
337,LGA,ORD,American Airlines Inc.
251,JFK,LAS,Virgin America
538,EWR,PBI,United Air Lines Inc.
4201,EWR,IAD,ExpressJet Airlines Inc.
927,EWR,MCO,JetBlue Airways
872,EWR,MCO,United Air Lines Inc.
1643,JFK,SEA,Delta Air Lines Inc.
112,JFK,BUF,JetBlue Airways
87,JFK,LAX,Delta Air Lines Inc.
3483,JFK,BOS,Endeavor Air Inc.
1902,LGA,PBI,Delta Air Lines Inc.
1597,EWR,ORD,United Air Lines Inc.
651,EWR,ATL,Delta Air Lines Inc.
423,JFK,LAX,JetBlue Airways
1850,JFK,BOS,American Airlines Inc.
1131,LGA,DFW,American Airlines Inc.
5273,LGA,PIT,ExpressJet Airlines Inc.
1905,EWR,DFW,American Airlines Inc.
3604,EWR,ORD,Envoy Air
358,LGA,IAH,United Air Lines Inc.
1773,JFK,SLC,Delta Air Lines Inc.
345,EWR,IAH,United Air Lines Inc.
3433,JFK,PIT,Endeavor Air Inc.
199,LGA,MCO,JetBlue Airways
1712,EWR,IAH,United Air Lines Inc.
329,EWR,STL,Southwest Airlines Co.
1646,EWR,PHX,United Air Lines Inc.
4711,EWR,STL,ExpressJet Airlines Inc.
153,JFK,MCO,JetBlue Airways
3395,JFK,DCA,Endeavor Air Inc.
1863,JFK,SAT,Delta Air Lines Inc.
565,EWR,MDW,Southwest Airlines Co.
3828,EWR,RDU,ExpressJet Airlines Inc.
1847,LGA,ATL,Delta Air Lines Inc.
711,LGA,DFW,American Airlines Inc.
4219,EWR,IND,ExpressJet Airlines Inc.
251,EWR,TPA,United Air Lines Inc.
3730,EWR,ORD,Envoy Air
1813,JFK,MCO,American Airlines Inc.
1060,EWR,ORD,United Air Lines Inc.
2924,JFK,MSY,Endeavor Air Inc.
525,JFK,TPA,JetBlue Airways
4517,LGA,CRW,Envoy Air
4150,EWR,CVG,ExpressJet Airlines Inc.
489,EWR,SFO,United Air Lines Inc.
4175,EWR,AVL,ExpressJet Airlines Inc.
715,LGA,DFW,American Airlines Inc.
701,JFK,MIA,American Airlines Inc.
3230,JFK,DCA,Envoy Air
5038,LGA,BHM,ExpressJet Airlines Inc.
389,JFK,SFO,United Air Lines Inc.
4608,EWR,MKE,ExpressJet Airlines Inc.
2279,LGA,MIA,American Airlines Inc.
325,LGA,ORD,American Airlines Inc.
1004,JFK,BOS,JetBlue Airways
4349,EWR,MSY,Southwest Airlines Co.
4131,EWR,RIC,ExpressJet Airlines Inc.
359,JFK,BUR,JetBlue Airways
3461,LGA,BNA,Envoy Air
691,LGA,ORD,United Air Lines Inc.
1071,EWR,BQN,United Air Lines Inc.
4380,EWR,MSP,ExpressJet Airlines Inc.
517,EWR,MCO,United Air Lines Inc.
1411,EWR,ORD,United Air Lines Inc.
4901,EWR,MSP,ExpressJet Airlines Inc.
1037,LGA,RSW,Delta Air Lines Inc.
361,LGA,PBI,JetBlue Airways
807,EWR,ATL,Delta Air Lines Inc.
703,JFK,LAX,United Air Lines Inc.
315,JFK,SJU,Delta Air Lines Inc.
2177,LGA,DCA,US Airways Inc.
483,JFK,MCO,JetBlue Airways
3798,JFK,CLT,Endeavor Air Inc.
4352,EWR,CVG,ExpressJet Airlines Inc.
4640,EWR,DAY,ExpressJet Airlines Inc.
1101,JFK,FLL,JetBlue Airways
4129,EWR,DCA,ExpressJet Airlines Inc.
1288,JFK,CLT,US Airways Inc.
543,EWR,PBI,JetBlue Airways
1185,JFK,RDU,JetBlue Airways
1351,JFK,ORD,American Airlines Inc.
1729,JFK,LAS,Delta Air Lines Inc.
2019,LGA,MSP,Delta Air Lines Inc.
2148,LGA,BOS,US Airways Inc.
4548,EWR,RDU,ExpressJet Airlines Inc.
1025,JFK,TPA,JetBlue Airways
1677,JFK,JAX,JetBlue Airways
327,EWR,MCO,JetBlue Airways
1128,LGA,IAH,United Air Lines Inc.
4301,EWR,CVG,ExpressJet Airlines Inc.
3621,JFK,DCA,Envoy Air
1641,EWR,MCO,United Air Lines Inc.
133,JFK,RSW,JetBlue Airways
2071,LGA,CLT,US Airways Inc.
145,JFK,PBI,JetBlue Airways
303,LGA,ORD,American Airlines Inc.
127,JFK,DTW,Delta Air Lines Inc.
3302,EWR,MSP,Endeavor Air Inc.
3825,EWR,IND,ExpressJet Airlines Inc.
4065,LGA,SDF,Endeavor Air Inc.
2267,LGA,MIA,American Airlines Inc.
67,JFK,SAN,American Airlines Inc.
1765,JFK,SFO,Delta Air Lines Inc.
775,EWR,ORD,United Air Lines Inc.
4195,EWR,BNA,ExpressJet Airlines Inc.
1751,EWR,CLT,US Airways Inc.
1164,EWR,FLL,United Air Lines Inc.
235,EWR,SFO,United Air Lines Inc.
1073,LGA,MIA,American Airlines Inc.
1159,LGA,CAK,AirTran Airways Corporation
1462,EWR,SFO,United Air Lines Inc.
1271,JFK,FLL,Delta Air Lines Inc.
4893,EWR,DTW,ExpressJet Airlines Inc.
2041,JFK,MIA,American Airlines Inc.
1148,EWR,TPA,United Air Lines Inc.
3508,LGA,JAX,Endeavor Air Inc.
759,LGA,DFW,American Airlines Inc.
719,EWR,DFW,United Air Lines Inc.
1697,JFK,MIA,American Airlines Inc.
4294,EWR,SAV,ExpressJet Airlines Inc.
1762,JFK,BOS,American Airlines Inc.
2395,LGA,PBI,Delta Air Lines Inc.
4250,EWR,IND,ExpressJet Airlines Inc.
4263,EWR,BDL,ExpressJet Airlines Inc.
503,JFK,SAN,Delta Air Lines Inc.
5298,LGA,OMA,ExpressJet Airlines Inc.
4172,JFK,CLE,Envoy Air
2142,LGA,BOS,US Airways Inc.
1371,LGA,FLL,JetBlue Airways
2335,LGA,MIA,American Airlines Inc.
1107,LGA,DFW,American Airlines Inc.
711,JFK,LAS,JetBlue Airways
91,JFK,OAK,JetBlue Airways
2379,LGA,MIA,American Airlines Inc.
1174,LGA,PBI,Delta Air Lines Inc.
1309,LGA,MDW,Southwest Airlines Co.
27,JFK,TPA,JetBlue Airways
215,EWR,BOS,United Air Lines Inc.
3848,EWR,CLT,ExpressJet Airlines Inc.
4406,JFK,RDU,Envoy Air
1079,JFK,PHX,Delta Air Lines Inc.
11,EWR,SEA,Alaska Airlines Inc.
315,JFK,SJU,Delta Air Lines Inc.
1629,JFK,LAS,Delta Air Lines Inc.
580,JFK,SFO,United Air Lines Inc.
2179,LGA,DCA,US Airways Inc.
399,JFK,LAX,Virgin America
4352,EWR,CVG,ExpressJet Airlines Inc.
4418,JFK,DCA,Envoy Air
1321,EWR,MSP,Delta Air Lines Inc.
17,JFK,FLL,JetBlue Airways
4395,EWR,IND,ExpressJet Airlines Inc.
2171,LGA,DCA,US Airways Inc.
403,JFK,SJU,JetBlue Airways
3538,JFK,MSP,Endeavor Air Inc.
602,JFK,PWM,JetBlue Airways
7,EWR,SEA,Alaska Airlines Inc.
71,JFK,TPA,JetBlue Airways
183,JFK,MCO,JetBlue Airways
1629,JFK,LAS,Delta Air Lines Inc.
3388,LGA,CMH,Envoy Air
4498,EWR,PWM,ExpressJet Airlines Inc.
1289,EWR,MCO,United Air Lines Inc.
795,JFK,AUS,JetBlue Airways
199,LGA,MCO,JetBlue Airways
165,EWR,LAX,Virgin America
511,EWR,LAS,United Air Lines Inc.
4382,EWR,DTW,ExpressJet Airlines Inc.
91,JFK,LAS,Delta Air Lines Inc.
1526,EWR,LAX,United Air Lines Inc.
580,JFK,SFO,United Air Lines Inc.
3935,LGA,MDW,Southwest Airlines Co.
2239,EWR,HOU,Southwest Airlines Co.
291,JFK,AUS,American Airlines Inc.
1605,EWR,IAH,United Air Lines Inc.
1284,EWR,SFO,United Air Lines Inc.
394,EWR,ATL,Delta Air Lines Inc.
4426,LGA,CMH,Envoy Air
3806,EWR,IAD,ExpressJet Airlines Inc.
5454,EWR,DTW,ExpressJet Airlines Inc.
4658,LGA,ATL,Envoy Air
1054,EWR,LAX,United Air Lines Inc.
715,LGA,DFW,American Airlines Inc.
3622,LGA,BNA,Envoy Air
759,LGA,DFW,American Airlines Inc.
5,EWR,FLL,JetBlue Airways
2181,LGA,MCO,Delta Air Lines Inc.
1627,EWR,PBI,United Air Lines Inc.
1482,EWR,SFO,United Air Lines Inc.
4,JFK,SJU,Delta Air Lines Inc.
1729,JFK,RSW,JetBlue Airways
5199,LGA,CHS,ExpressJet Airlines Inc.
2132,LGA,BOS,US Airways Inc.
495,JFK,PHX,US Airways Inc.
352,LGA,ATL,AirTran Airways Corporation
91,JFK,OAK,JetBlue Airways
161,EWR,LAX,Virgin America
508,EWR,FLL,United Air Lines Inc.
2019,LGA,STL,American Airlines Inc.
2003,LGA,MIA,Delta Air Lines Inc.
4150,EWR,XNA,ExpressJet Airlines Inc.
677,JFK,JAX,JetBlue Airways
3669,LGA,ATL,Envoy Air
4975,EWR,MSP,ExpressJet Airlines Inc.
135,JFK,RSW,JetBlue Airways
4085,EWR,OMA,ExpressJet Airlines Inc.
4420,EWR,ORF,ExpressJet Airlines Inc.
195,JFK,LAS,JetBlue Airways
2912,JFK,DCA,Endeavor Air Inc.
4567,EWR,MCI,ExpressJet Airlines Inc.
1292,EWR,FLL,United Air Lines Inc.
781,EWR,MCO,United Air Lines Inc.
421,EWR,SFO,United Air Lines Inc.
3015,EWR,MSY,Southwest Airlines Co.
3572,LGA,CLE,Envoy Air
695,JFK,AUS,American Airlines Inc.
3044,JFK,BWI,Envoy Air
1680,EWR,ORD,United Air Lines Inc.
1066,EWR,HOU,Southwest Airlines Co.
2043,JFK,ATL,Delta Air Lines Inc.
1743,JFK,ATL,Delta Air Lines Inc.
327,EWR,MCO,JetBlue Airways
61,LGA,ATL,Delta Air Lines Inc.
1919,LGA,MSP,Delta Air Lines Inc.
3661,JFK,ROC,Endeavor Air Inc.
1682,EWR,FLL,United Air Lines Inc.
301,JFK,SJU,Delta Air Lines Inc.
85,JFK,SFO,American Airlines Inc.
1787,JFK,TPA,American Airlines Inc.
49,JFK,PBI,JetBlue Airways
3231,JFK,PIT,Envoy Air
3403,JFK,MCI,Endeavor Air Inc.
1186,EWR,MIA,United Air Lines Inc.
1289,EWR,SFO,United Air Lines Inc.
1529,JFK,LAS,Delta Air Lines Inc.
5909,EWR,CLT,ExpressJet Airlines Inc.
4105,JFK,IAD,Endeavor Air Inc.
269,JFK,SFO,Delta Air Lines Inc.
3523,JFK,ORD,Endeavor Air Inc.
1815,JFK,MCO,American Airlines Inc.
1459,LGA,CLT,US Airways Inc.
3368,JFK,RDU,Endeavor Air Inc.
4206,EWR,BTV,ExpressJet Airlines Inc.
1847,LGA,ATL,Delta Air Lines Inc.
17,JFK,LAX,Delta Air Lines Inc.
361,LGA,PBI,JetBlue Airways
654,JFK,PHX,US Airways Inc.
4532,EWR,CHS,ExpressJet Airlines Inc.
23,JFK,SFO,Virgin America
303,LGA,ORD,American Airlines Inc.
1947,LGA,ATL,Delta Air Lines Inc.
1491,JFK,ACK,JetBlue Airways
1712,EWR,IAH,United Air Lines Inc.
4152,EWR,ATL,ExpressJet Airlines Inc.
84,JFK,BOS,American Airlines Inc.
1903,LGA,SRQ,Delta Air Lines Inc.
41,JFK,MCO,JetBlue Airways
3795,EWR,ORD,Envoy Air
2580,EWR,BOS,JetBlue Airways
2175,LGA,DCA,US Airways Inc.
411,JFK,LAS,JetBlue Airways
2007,JFK,PDX,Delta Air Lines Inc.
1744,LGA,IAH,United Air Lines Inc.
1454,LGA,IAH,United Air Lines Inc.
642,JFK,SFO,United Air Lines Inc.
4316,EWR,BWI,ExpressJet Airlines Inc.
517,EWR,MCO,JetBlue Airways
119,EWR,LAX,American Airlines Inc.
401,EWR,ATL,Delta Air Lines Inc.
2159,JFK,MCO,Delta Air Lines Inc.
315,JFK,SJU,Delta Air Lines Inc.
1847,LGA,ATL,Delta Air Lines Inc.
4411,EWR,MEM,ExpressJet Airlines Inc.
353,LGA,CAK,AirTran Airways Corporation
4997,EWR,DTW,ExpressJet Airlines Inc.
132,JFK,LAX,United Air Lines Inc.
2181,LGA,DCA,US Airways Inc.
2921,JFK,MSP,Endeavor Air Inc.
371,LGA,FLL,JetBlue Airways
838,EWR,MSP,Delta Air Lines Inc.
3199,LGA,CLT,Envoy Air
4302,EWR,MCI,ExpressJet Airlines Inc.
4122,JFK,MVY,Endeavor Air Inc.
4511,EWR,ROC,ExpressJet Airlines Inc.
1474,EWR,DFW,United Air Lines Inc.
4092,EWR,DAY,ExpressJet Airlines Inc.
4646,LGA,MSP,Envoy Air
608,JFK,PWM,JetBlue Airways
1686,EWR,BOS,United Air Lines Inc.
971,LGA,FLL,JetBlue Airways
1171,EWR,ORD,United Air Lines Inc.
600,JFK,PWM,JetBlue Airways
1061,JFK,AUS,JetBlue Airways
3599,LGA,MSP,Envoy Air
4423,JFK,RDU,Envoy Air
2347,LGA,ATL,Delta Air Lines Inc.
404,EWR,IAH,United Air Lines Inc.
1174,LGA,PBI,Delta Air Lines Inc.
369,LGA,PBI,JetBlue Airways
1589,EWR,FLL,United Air Lines Inc.
1010,JFK,BOS,JetBlue Airways
4094,EWR,BNA,ExpressJet Airlines Inc.
409,JFK,LAX,Virgin America
271,LGA,FLL,JetBlue Airways
2603,LGA,BNA,Southwest Airlines Co.
1689,EWR,BOS,United Air Lines Inc.
3792,JFK,DCA,Envoy Air
424,JFK,LAX,Delta Air Lines Inc.
618,JFK,BOS,JetBlue Airways
4646,LGA,MSP,Envoy Air
1982,LGA,MIA,Delta Air Lines Inc.
4297,EWR,DTW,ExpressJet Airlines Inc.
1054,EWR,LAX,United Air Lines Inc.
2219,LGA,MSP,Delta Air Lines Inc.
677,JFK,JAX,JetBlue Airways
2928,JFK,ORD,Endeavor Air Inc.
469,LGA,BNA,Southwest Airlines Co.
1176,EWR,BOS,JetBlue Airways
311,EWR,DEN,United Air Lines Inc.
2302,JFK,BUF,JetBlue Airways
2868,EWR,BNA,Southwest Airlines Co.
4299,EWR,DCA,ExpressJet Airlines Inc.
11,JFK,SFO,Virgin America
4625,EWR,CHS,ExpressJet Airlines Inc.
187,EWR,SFO,Virgin America
4207,EWR,MHT,ExpressJet Airlines Inc.
4,JFK,MCO,Delta Air Lines Inc.
1783,JFK,MCO,JetBlue Airways
4381,EWR,DTW,ExpressJet Airlines Inc.
1902,LGA,PBI,Delta Air Lines Inc.
1164,EWR,FLL,United Air Lines Inc.
479,EWR,SLC,Delta Air Lines Inc.
3695,EWR,ORD,Envoy Air
1765,JFK,SFO,Delta Air Lines Inc.
2253,LGA,MIA,American Airlines Inc.
985,LGA,TPA,JetBlue Airways
1479,EWR,LAX,United Air Lines Inc.
691,LGA,ORD,United Air Lines Inc.
4682,EWR,GSP,ExpressJet Airlines Inc.
1146,EWR,BOS,United Air Lines Inc.
281,JFK,HOU,JetBlue Airways
3899,JFK,CLE,Endeavor Air Inc.
4395,EWR,IND,ExpressJet Airlines Inc.
3689,LGA,DTW,Envoy Air
187,EWR,SFO,Virgin America
212,EWR,SFO,United Air Lines Inc.
4461,EWR,MDW,Southwest Airlines Co.
771,LGA,ATL,AirTran Airways Corporation
5242,LGA,GSO,ExpressJet Airlines Inc.
1061,JFK,AUS,JetBlue Airways
91,JFK,LAS,Delta Air Lines Inc.
731,LGA,DTW,Delta Air Lines Inc.
883,JFK,MCO,JetBlue Airways
225,JFK,TPA,JetBlue Airways
1747,LGA,ATL,Delta Air Lines Inc.
409,EWR,CLT,US Airways Inc.
1139,LGA,DFW,American Airlines Inc.
545,EWR,DTW,Delta Air Lines Inc.
3792,JFK,DCA,Envoy Air
279,EWR,ORD,United Air Lines Inc.
807,EWR,ATL,Delta Air Lines Inc.
778,LGA,ATL,AirTran Airways Corporation
1491,LGA,CLT,US Airways Inc.
4684,EWR,SDF,ExpressJet Airlines Inc.
1182,EWR,LAS,United Air Lines Inc.
373,LGA,FLL,JetBlue Airways
4100,EWR,MEM,ExpressJet Airlines Inc.
1410,EWR,IAH,United Air Lines Inc.
30,JFK,ROC,JetBlue Airways
461,LGA,PBI,JetBlue Airways
4705,EWR,ATL,ExpressJet Airlines Inc.
4622,LGA,BNA,Envoy Air
2179,LGA,DCA,US Airways Inc.
2933,JFK,RDU,Endeavor Air Inc.
2150,LGA,BOS,US Airways Inc.
2885,LGA,CLT,Mesa Airlines Inc.
4381,EWR,DTW,ExpressJet Airlines Inc.
4333,EWR,TUL,ExpressJet Airlines Inc.
1039,JFK,FLL,American Airlines Inc.
2297,LGA,MIA,American Airlines Inc.
3674,LGA,CLE,Envoy Air
4122,JFK,MVY,Endeavor Air Inc.
4297,EWR,DTW,ExpressJet Airlines Inc.
11,JFK,SFO,Virgin America
1611,LGA,MIA,American Airlines Inc.
4555,LGA,CMH,Envoy Air
5676,EWR,MSP,ExpressJet Airlines Inc.
633,LGA,IAH,United Air Lines Inc.
1880,LGA,STL,Southwest Airlines Co.
4540,LGA,DTW,Envoy Air
1018,JFK,BOS,JetBlue Airways
2377,LGA,MCO,Delta Air Lines Inc.
523,JFK,LAX,JetBlue Airways
4269,EWR,STL,ExpressJet Airlines Inc.
3405,JFK,DCA,Endeavor Air Inc.
1297,EWR,MCO,United Air Lines Inc.
1053,JFK,PIT,JetBlue Airways
3318,JFK,BUF,Endeavor Air Inc.
499,EWR,FLL,United Air Lines Inc.
1139,EWR,LAX,United Air Lines Inc.
2043,JFK,ATL,Delta Air Lines Inc.
4171,EWR,MSN,ExpressJet Airlines Inc.
3511,LGA,MKE,Southwest Airlines Co.
17,JFK,LAX,Delta Air Lines Inc.
3765,EWR,ORD,Envoy Air
217,JFK,LGB,JetBlue Airways
501,LGA,IAH,United Air Lines Inc.
1485,LGA,MCO,Delta Air Lines Inc.
1623,EWR,MIA,American Airlines Inc.
1199,EWR,BOS,United Air Lines Inc.
415,JFK,LAX,Virgin America
1896,LGA,DEN,Delta Air Lines Inc.
4404,JFK,RDU,Envoy Air
1697,JFK,MIA,American Airlines Inc.
1733,LGA,CLT,US Airways Inc.
1275,JFK,SLC,Delta Air Lines Inc.
353,LGA,ORD,American Airlines Inc.
500,EWR,LAX,United Air Lines Inc.
3393,JFK,DCA,Endeavor Air Inc.
201,JFK,FLL,JetBlue Airways
1090,LGA,DEN,Southwest Airlines Co.
22,JFK,SYR,JetBlue Airways
3523,JFK,ORD,Endeavor Air Inc.
1710,EWR,MDW,Southwest Airlines Co.
415,JFK,SFO,JetBlue Airways
1837,LGA,MIA,American Airlines Inc.
269,JFK,SEA,American Airlines Inc.
1307,JFK,IAD,JetBlue Airways
4667,EWR,MSP,ExpressJet Airlines Inc.
3775,LGA,IAD,Mesa Airlines Inc.
1935,LGA,TPA,Delta Air Lines Inc.
22,JFK,SYR,JetBlue Airways
1711,LGA,PHL,US Airways Inc.
2143,JFK,MIA,Delta Air Lines Inc.
5406,EWR,DTW,ExpressJet Airlines Inc.
3329,JFK,PIT,Endeavor Air Inc.
3384,LGA,CLT,Envoy Air
287,EWR,AUS,United Air Lines Inc.
2047,LGA,ATL,Delta Air Lines Inc.
1643,JFK,SEA,Delta Air Lines Inc.
4088,LGA,CLE,ExpressJet Airlines Inc.
1164,EWR,FLL,United Air Lines Inc.
1139,EWR,DEN,United Air Lines Inc.
573,EWR,TPA,JetBlue Airways
2651,LGA,CLT,Mesa Airlines Inc.
4140,EWR,ATL,ExpressJet Airlines Inc.
1170,LGA,STL,American Airlines Inc.
163,JFK,SRQ,JetBlue Airways
27,JFK,ATL,Delta Air Lines Inc.
575,EWR,IAH,United Air Lines Inc.
2043,JFK,ATL,Delta Air Lines Inc.
4535,EWR,MSP,ExpressJet Airlines Inc.
3611,JFK,PIT,Endeavor Air Inc.
311,EWR,DEN,United Air Lines Inc.
1765,JFK,SFO,Delta Air Lines Inc.
1503,JFK,SJU,JetBlue Airways
3340,LGA,DTW,Envoy Air
3465,JFK,BOS,Endeavor Air Inc.
430,JFK,SFO,Delta Air Lines Inc.
553,EWR,RSW,JetBlue Airways
3819,EWR,CVG,ExpressJet Airlines Inc.
3565,LGA,CLT,Envoy Air
4566,EWR,ALB,ExpressJet Airlines Inc.
1773,JFK,LAS,Delta Air Lines Inc.
4582,LGA,CLT,Envoy Air
4880,LGA,MEM,ExpressJet Airlines Inc.
418,JFK,BOS,JetBlue Airways
27,EWR,MCO,JetBlue Airways
3199,LGA,CLT,Envoy Air
213,JFK,LGB,JetBlue Airways
4118,EWR,DTW,ExpressJet Airlines Inc.
5222,EWR,DTW,ExpressJet Airlines Inc.
1231,LGA,DTW,Delta Air Lines Inc.
1624,EWR,FLL,United Air Lines Inc.
83,JFK,MCO,JetBlue Airways
3370,JFK,DCA,Envoy Air
4364,EWR,MCI,ExpressJet Airlines Inc.
3508,LGA,JAX,Endeavor Air Inc.
4478,LGA,DTW,Envoy Air
4640,EWR,DAY,ExpressJet Airlines Inc.
169,EWR,LAX,Virgin America
4150,EWR,CVG,ExpressJet Airlines Inc.
1634,JFK,BTV,JetBlue Airways
4033,LGA,TYS,Endeavor Air Inc.
1682,EWR,ORD,United Air Lines Inc.
2261,EWR,PHX,Southwest Airlines Co.
4548,EWR,RDU,ExpressJet Airlines Inc.
179,JFK,SFO,American Airlines Inc.
4178,JFK,ROC,Endeavor Air Inc.
2693,LGA,CLT,Mesa Airlines Inc.
4978,LGA,CLT,ExpressJet Airlines Inc.
3792,JFK,DCA,Envoy Air
2903,JFK,CLT,Endeavor Air Inc.
784,EWR,PDX,United Air Lines Inc.
1973,EWR,CLT,US Airways Inc.
595,EWR,LAS,United Air Lines Inc.
4334,EWR,CMH,ExpressJet Airlines Inc.
1064,EWR,BOS,United Air Lines Inc.
1632,EWR,SFO,United Air Lines Inc.
5035,LGA,GSO,ExpressJet Airlines Inc.
406,EWR,IAH,United Air Lines Inc.
4218,LGA,PIT,Endeavor Air Inc.
1066,EWR,BOS,United Air Lines Inc.
3792,JFK,DCA,Envoy Air
2042,EWR,ATL,Delta Air Lines Inc.
1429,LGA,CLT,US Airways Inc.
4403,JFK,RDU,Envoy Air
33,JFK,LAX,American Airlines Inc.
857,JFK,SAN,Delta Air Lines Inc.
2949,JFK,BNA,Envoy Air
4059,LGA,DAY,Endeavor Air Inc.
311,EWR,DEN,United Air Lines Inc.
4449,JFK,DCA,Envoy Air
2175,LGA,DCA,US Airways Inc.
1444,EWR,LAX,United Air Lines Inc.
1099,LGA,MCO,JetBlue Airways
3695,EWR,ORD,Envoy Air
4420,EWR,ORF,ExpressJet Airlines Inc.
364,EWR,MIA,United Air Lines Inc.
768,LGA,IAH,United Air Lines Inc.
1128,LGA,IAH,United Air Lines Inc.
5207,LGA,CLT,ExpressJet Airlines Inc.
345,LGA,ORD,American Airlines Inc.
575,EWR,ATL,Delta Air Lines Inc.
706,JFK,AUS,Delta Air Lines Inc.
4495,EWR,SAV,ExpressJet Airlines Inc.
205,EWR,DFW,United Air Lines Inc.
1947,LGA,ATL,Delta Air Lines Inc.
1163,JFK,LAX,Delta Air Lines Inc.
179,JFK,PHX,JetBlue Airways
1303,JFK,IAD,JetBlue Airways
4705,EWR,ATL,ExpressJet Airlines Inc.
1713,JFK,BOS,Delta Air Lines Inc.
479,EWR,IAH,United Air Lines Inc.
983,LGA,TPA,JetBlue Airways
128,JFK,BTV,JetBlue Airways
643,EWR,AUS,United Air Lines Inc.
1959,JFK,MCO,Delta Air Lines Inc.
1410,LGA,MIA,American Airlines Inc.
193,EWR,SFO,Virgin America
2120,LGA,BOS,US Airways Inc.
3267,EWR,ORD,Envoy Air
758,LGA,IAH,United Air Lines Inc.
399,LGA,MCO,JetBlue Airways
537,EWR,TPA,JetBlue Airways
271,LGA,FLL,JetBlue Airways
1715,LGA,MSY,Delta Air Lines Inc.
1701,EWR,FLL,United Air Lines Inc.
3493,LGA,CLE,Envoy Air
128,JFK,BTV,JetBlue Airways
197,JFK,LAS,JetBlue Airways
207,EWR,SFO,United Air Lines Inc.
3844,EWR,CLE,ExpressJet Airlines Inc.
1185,JFK,RDU,JetBlue Airways
3689,LGA,DTW,Envoy Air
1065,LGA,STL,Southwest Airlines Co.
1982,LGA,MIA,Delta Air Lines Inc.
4571,EWR,CHS,ExpressJet Airlines Inc.
305,LGA,ORD,American Airlines Inc.
1218,EWR,DFW,United Air Lines Inc.
1719,EWR,SNA,United Air Lines Inc.
1705,EWR,DEN,Southwest Airlines Co.
165,JFK,PDX,JetBlue Airways
1119,JFK,CLT,JetBlue Airways
119,JFK,MSY,JetBlue Airways
1002,JFK,BOS,JetBlue Airways
1947,LGA,ATL,Delta Air Lines Inc.
1031,LGA,DTW,Delta Air Lines Inc.
3817,EWR,SDF,ExpressJet Airlines Inc.
286,JFK,ROC,JetBlue Airways
4181,EWR,MCI,ExpressJet Airlines Inc.
1099,LGA,MCO,JetBlue Airways
4326,EWR,CLT,ExpressJet Airlines Inc.
449,EWR,CLT,US Airways Inc.
702,JFK,BUF,JetBlue Airways
766,EWR,LAS,United Air Lines Inc.
135,JFK,PHX,JetBlue Airways
701,EWR,PBI,United Air Lines Inc.
369,LGA,PBI,JetBlue Airways
1071,EWR,BQN,United Air Lines Inc.
4284,EWR,IAD,ExpressJet Airlines Inc.
4152,EWR,MSP,ExpressJet Airlines Inc.
1218,EWR,SEA,United Air Lines Inc.
3824,EWR,IAD,ExpressJet Airlines Inc.
4532,EWR,CHS,ExpressJet Airlines Inc.
59,JFK,SFO,American Airlines Inc.
2202,JFK,BUF,JetBlue Airways
1801,JFK,FLL,JetBlue Airways
102,EWR,DEN,Southwest Airlines Co.
36,JFK,ROC,JetBlue Airways
1100,LGA,CLT,US Airways Inc.
3538,JFK,MSP,Endeavor Air Inc.
4420,EWR,ORF,ExpressJet Airlines Inc.
369,LGA,PBI,JetBlue Airways
3403,JFK,MCI,Endeavor Air Inc.
2925,JFK,MSY,Endeavor Air Inc.
4711,EWR,STL,ExpressJet Airlines Inc.
117,JFK,MSY,JetBlue Airways
3361,JFK,RDU,Envoy Air
1561,EWR,SFO,United Air Lines Inc.
413,JFK,MIA,Delta Air Lines Inc.
301,JFK,SJU,Delta Air Lines Inc.
542,LGA,MKE,Southwest Airlines Co.
1668,EWR,SFO,United Air Lines Inc.
3367,JFK,CVG,Endeavor Air Inc.
1847,LGA,ATL,Delta Air Lines Inc.
4175,EWR,AVL,ExpressJet Airlines Inc.
985,LGA,TPA,JetBlue Airways
315,JFK,SJU,Delta Air Lines Inc.
1947,LGA,ATL,Delta Air Lines Inc.
3926,JFK,SDF,Endeavor Air Inc.
471,EWR,SFO,United Air Lines Inc.
642,JFK,SFO,United Air Lines Inc.
4191,EWR,BNA,ExpressJet Airlines Inc.
1641,EWR,MCO,United Air Lines Inc.
1108,EWR,IAH,United Air Lines Inc.
95,JFK,ATL,Delta Air Lines Inc.
863,JFK,LAX,Delta Air Lines Inc.
3565,LGA,CLT,Envoy Air
1585,LGA,MCO,Delta Air Lines Inc.
1787,EWR,DEN,Southwest Airlines Co.
85,JFK,FLL,JetBlue Airways
1802,JFK,CLT,US Airways Inc.
2181,LGA,MCO,Delta Air Lines Inc.
343,LGA,ORD,American Airlines Inc.
4127,JFK,IAD,Endeavor Air Inc.
1515,EWR,MIA,United Air Lines Inc.
153,JFK,MCO,JetBlue Airways
1526,EWR,LAX,United Air Lines Inc.
1147,LGA,ATL,Delta Air Lines Inc.
1263,JFK,LAS,American Airlines Inc.
5148,LGA,CVG,ExpressJet Airlines Inc.
325,LGA,ORD,American Airlines Inc.
1609,EWR,CLT,US Airways Inc.
119,EWR,LAX,American Airlines Inc.
3521,JFK,ORD,Endeavor Air Inc.
927,EWR,MCO,JetBlue Airways
751,EWR,BOS,United Air Lines Inc.
2181,LGA,MCO,Delta Air Lines Inc.
2488,EWR,DFW,American Airlines Inc.
404,EWR,IAH,United Air Lines Inc.
604,EWR,PHX,US Airways Inc.
1485,LGA,MCO,Delta Air Lines Inc.
303,JFK,SFO,United Air Lines Inc.
3932,EWR,CVG,Endeavor Air Inc.
3365,JFK,DCA,Envoy Air
369,EWR,DFW,United Air Lines Inc.
4326,EWR,CLT,ExpressJet Airlines Inc.
4,JFK,SJU,Delta Air Lines Inc.
4323,JFK,ORF,Envoy Air
5383,LGA,ROC,ExpressJet Airlines Inc.
551,EWR,BOS,United Air Lines Inc.
1734,JFK,BTV,JetBlue Airways
225,JFK,TPA,JetBlue Airways
2327,EWR,MDW,Southwest Airlines Co.
1085,LGA,ORD,United Air Lines Inc.
2935,JFK,PIT,Endeavor Air Inc.
1155,LGA,DFW,American Airlines Inc.
3674,LGA,CLE,Envoy Air
349,LGA,IAH,United Air Lines Inc.
1180,EWR,MCO,United Air Lines Inc.
544,LGA,ORD,United Air Lines Inc.
542,LGA,MKE,Southwest Airlines Co.
1854,LGA,FLL,Delta Air Lines Inc.
4381,EWR,DTW,ExpressJet Airlines Inc.
83,JFK,MIA,Delta Air Lines Inc.
4188,EWR,IND,ExpressJet Airlines Inc.
1468,LGA,MDW,Southwest Airlines Co.
97,JFK,DEN,JetBlue Airways
854,JFK,BOS,American Airlines Inc.
1895,EWR,CLT,US Airways Inc.
461,EWR,IAH,United Air Lines Inc.
2191,LGA,DCA,US Airways Inc.
5273,LGA,PIT,ExpressJet Airlines Inc.
23,JFK,LAX,JetBlue Airways
847,LGA,ATL,Delta Air Lines Inc.
1170,EWR,BOS,JetBlue Airways
4241,EWR,DCA,ExpressJet Airlines Inc.
5711,JFK,IAD,ExpressJet Airlines Inc.
1895,EWR,MIA,American Airlines Inc.
1129,JFK,RSW,JetBlue Airways
17,JFK,LAX,Delta Air Lines Inc.
994,EWR,BOS,United Air Lines Inc.
781,LGA,ATL,Delta Air Lines Inc.
1983,EWR,AUS,Southwest Airlines Co.
1747,LGA,ATL,Delta Air Lines Inc.
2126,JFK,SFO,Delta Air Lines Inc.
611,JFK,JAX,JetBlue Airways
3621,JFK,DCA,Envoy Air
1855,LGA,STL,American Airlines Inc.
1292,EWR,FLL,United Air Lines Inc.
843,JFK,ATL,Delta Air Lines Inc.
84,JFK,BOS,American Airlines Inc.
250,EWR,LAX,United Air Lines Inc.
489,EWR,SFO,United Air Lines Inc.
1634,JFK,BTV,JetBlue Airways
1099,LGA,MCO,JetBlue Airways
509,EWR,FLL,JetBlue Airways
915,JFK,SFO,JetBlue Airways
1491,JFK,ACK,JetBlue Airways
707,JFK,SJU,JetBlue Airways
1692,EWR,MCO,United Air Lines Inc.
1,JFK,FLL,JetBlue Airways
177,JFK,SFO,American Airlines Inc.
4961,LGA,RIC,ExpressJet Airlines Inc.
4451,EWR,DTW,ExpressJet Airlines Inc.
3798,JFK,CLT,Endeavor Air Inc.
315,JFK,SJU,Delta Air Lines Inc.
927,EWR,MCO,JetBlue Airways
1698,EWR,SFO,United Air Lines Inc.
4599,LGA,MSP,Envoy Air
3573,LGA,IND,Endeavor Air Inc.
1718,EWR,TPA,United Air Lines Inc.
1838,JFK,BOS,American Airlines Inc.
1705,LGA,MSY,Delta Air Lines Inc.
2114,LGA,BOS,US Airways Inc.
4445,EWR,SDF,ExpressJet Airlines Inc.
397,JFK,SFO,United Air Lines Inc.
5714,JFK,IAD,ExpressJet Airlines Inc.
177,JFK,SFO,American Airlines Inc.
4146,JFK,CMH,Envoy Air
3231,JFK,PIT,Envoy Air
4268,JFK,PHL,Endeavor Air Inc.
4499,EWR,ROC,ExpressJet Airlines Inc.
15,JFK,FLL,JetBlue Airways
23,JFK,SFO,Virgin America
904,LGA,ATL,Delta Air Lines Inc.
394,EWR,ATL,Delta Air Lines Inc.
3478,LGA,DTW,Envoy Air
831,LGA,DTW,Delta Air Lines Inc.
1479,EWR,LAX,United Air Lines Inc.
1629,LGA,PHL,US Airways Inc.
3638,JFK,PHL,Endeavor Air Inc.
401,EWR,SFO,United Air Lines Inc.
1248,EWR,MIA,United Air Lines Inc.
357,EWR,PHX,United Air Lines Inc.
431,LGA,SRQ,JetBlue Airways
4974,LGA,BTV,ExpressJet Airlines Inc.
418,JFK,BOS,JetBlue Airways
223,JFK,LAX,JetBlue Airways
4239,EWR,GSO,ExpressJet Airlines Inc.
4517,LGA,CRW,Envoy Air
213,JFK,LGB,JetBlue Airways
1275,JFK,CHS,JetBlue Airways
2933,JFK,RDU,Endeavor Air Inc.
3841,EWR,MDW,Southwest Airlines Co.
1516,JFK,SYR,JetBlue Airways
4294,EWR,SAV,ExpressJet Airlines Inc.
16,EWR,HOU,Southwest Airlines Co.
671,JFK,LAX,JetBlue Airways
752,EWR,SFO,United Air Lines Inc.
3826,EWR,ATL,ExpressJet Airlines Inc.
545,EWR,PBI,JetBlue Airways
5711,JFK,IAD,ExpressJet Airlines Inc.
4655,LGA,BNA,Envoy Air
5766,LGA,IAD,ExpressJet Airlines Inc.
775,JFK,MSY,JetBlue Airways
669,JFK,SJC,JetBlue Airways
213,JFK,LGB,JetBlue Airways
36,JFK,ROC,JetBlue Airways
1436,EWR,SFO,United Air Lines Inc.
1715,LGA,MSY,Delta Air Lines Inc.
947,LGA,ATL,Delta Air Lines Inc.
2285,LGA,MCO,Delta Air Lines Inc.
2139,LGA,MIA,Delta Air Lines Inc.
1097,JFK,MSY,Delta Air Lines Inc.
2189,LGA,DCA,US Airways Inc.
695,JFK,AUS,American Airlines Inc.
1171,LGA,FLL,JetBlue Airways
1710,LGA,CLE,United Air Lines Inc.
971,LGA,FLL,JetBlue Airways
1462,EWR,SFO,United Air Lines Inc.
1885,LGA,MCO,Delta Air Lines Inc.
161,JFK,SMF,JetBlue Airways
620,LGA,ATL,AirTran Airways Corporation
446,EWR,MIA,United Air Lines Inc.
1271,JFK,FLL,Delta Air Lines Inc.
1587,EWR,RSW,United Air Lines Inc.
409,EWR,CLT,US Airways Inc.
1506,EWR,LAS,United Air Lines Inc.
4553,LGA,CLE,Envoy Air
3320,JFK,BUF,Endeavor Air Inc.
1677,JFK,JAX,JetBlue Airways
2130,LGA,BOS,US Airways Inc.
4645,EWR,JAX,ExpressJet Airlines Inc.
779,LGA,MIA,American Airlines Inc.
1744,LGA,IAH,United Air Lines Inc.
27,JFK,SFO,Virgin America
21,JFK,LAX,American Airlines Inc.
1338,JFK,MVY,JetBlue Airways
478,EWR,MCO,United Air Lines Inc.
1185,JFK,RDU,JetBlue Airways
4409,EWR,RIC,ExpressJet Airlines Inc.
589,EWR,ORD,United Air Lines Inc.
3445,LGA,DSM,Endeavor Air Inc.
1069,JFK,AUS,JetBlue Airways
327,EWR,MCO,JetBlue Airways
3317,JFK,BUF,Endeavor Air Inc.
102,LGA,MDW,Southwest Airlines Co.
4419,EWR,IND,ExpressJet Airlines Inc.
1715,LGA,MSY,Delta Air Lines Inc.
5157,LGA,CVG,ExpressJet Airlines Inc.
236,EWR,PHX,United Air Lines Inc.
3952,EWR,DEN,Southwest Airlines Co.
3357,LGA,ATL,Envoy Air
3525,LGA,SYR,Endeavor Air Inc.
393,LGA,MCO,JetBlue Airways
4202,EWR,STL,ExpressJet Airlines Inc.
5689,LGA,IAD,ExpressJet Airlines Inc.
989,JFK,FLL,JetBlue Airways
4537,EWR,MEM,ExpressJet Airlines Inc.
4558,EWR,PWM,ExpressJet Airlines Inc.
1164,EWR,FLL,United Air Lines Inc.
715,LGA,DFW,American Airlines Inc.
1895,EWR,MIA,American Airlines Inc.
4245,JFK,CHS,Endeavor Air Inc.
1473,LGA,MEM,Delta Air Lines Inc.
1519,EWR,MCO,United Air Lines Inc.
2147,EWR,MIA,American Airlines Inc.
1322,JFK,SFO,Delta Air Lines Inc.
3459,JFK,BNA,Endeavor Air Inc.
4998,LGA,MCI,ExpressJet Airlines Inc.
2910,JFK,CVG,Endeavor Air Inc.
3494,EWR,MDW,Southwest Airlines Co.
245,JFK,PHX,Delta Air Lines Inc.
274,EWR,LAX,United Air Lines Inc.
768,EWR,BOS,United Air Lines Inc.
507,LGA,DEN,Frontier Airlines Inc.
4221,EWR,CLT,ExpressJet Airlines Inc.
1350,EWR,MDW,Southwest Airlines Co.
183,EWR,SFO,Virgin America
4104,EWR,CHS,ExpressJet Airlines Inc.
459,EWR,FLL,United Air Lines Inc.
573,EWR,TPA,JetBlue Airways
926,EWR,ATL,Delta Air Lines Inc.
5801,EWR,BUF,ExpressJet Airlines Inc.
2126,LGA,BOS,US Airways Inc.
3985,JFK,CVG,Envoy Air
1218,EWR,DFW,United Air Lines Inc.
183,JFK,SEA,Delta Air Lines Inc.
1411,JFK,FLL,Delta Air Lines Inc.
4166,EWR,GSP,ExpressJet Airlines Inc.
527,EWR,MCO,JetBlue Airways
349,LGA,ATL,AirTran Airways Corporation
2043,JFK,ATL,Delta Air Lines Inc.
1120,EWR,BOS,United Air Lines Inc.
51,LGA,MDW,Southwest Airlines Co.
5166,LGA,BNA,ExpressJet Airlines Inc.
1167,JFK,TPA,Delta Air Lines Inc.
1,JFK,LAX,American Airlines Inc.
4394,EWR,GRR,ExpressJet Airlines Inc.
2139,LGA,MIA,Delta Air Lines Inc.
2231,LGA,DTW,Delta Air Lines Inc.
602,JFK,PWM,JetBlue Airways
2267,LGA,MIA,American Airlines Inc.
5601,LGA,CLT,ExpressJet Airlines Inc.
482,EWR,FLL,United Air Lines Inc.
1855,LGA,STL,American Airlines Inc.
5048,LGA,RIC,ExpressJet Airlines Inc.
2347,LGA,ATL,Delta Air Lines Inc.
4281,EWR,BTV,ExpressJet Airlines Inc.
1431,EWR,DFW,United Air Lines Inc.
4517,EWR,MSP,ExpressJet Airlines Inc.
1409,EWR,TPA,United Air Lines Inc.
3359,JFK,RDU,Envoy Air
86,JFK,ROC,JetBlue Airways
383,LGA,FLL,JetBlue Airways
625,JFK,HOU,JetBlue Airways
894,LGA,CLT,US Airways Inc.
935,EWR,ATL,Delta Air Lines Inc.
3400,JFK,MKE,Endeavor Air Inc.
3424,JFK,DTW,Endeavor Air Inc.
4702,EWR,GSO,ExpressJet Airlines Inc.
5463,LGA,BNA,ExpressJet Airlines Inc.
3783,JFK,CMH,Envoy Air
1101,JFK,FLL,JetBlue Airways
102,JFK,BUF,JetBlue Airways
1148,EWR,TPA,United Air Lines Inc.
5033,LGA,MEM,ExpressJet Airlines Inc.
1791,EWR,STL,Southwest Airlines Co.
3422,JFK,BOS,Endeavor Air Inc.
1765,JFK,SFO,Delta Air Lines Inc.
1400,EWR,MCO,United Air Lines Inc.
1655,LGA,IAH,United Air Lines Inc.
3374,JFK,RDU,Envoy Air
5309,LGA,BGR,ExpressJet Airlines Inc.
1947,LGA,ATL,Delta Air Lines Inc.
6030,EWR,CLT,ExpressJet Airlines Inc.
837,LGA,DEN,Frontier Airlines Inc.
695,JFK,AUS,American Airlines Inc.
3927,JFK,BWI,Endeavor Air Inc.
4534,LGA,XNA,Envoy Air
389,LGA,MDW,Southwest Airlines Co.
3272,LGA,CLE,Envoy Air
3388,LGA,CMH,Envoy Air
3483,EWR,HOU,Southwest Airlines Co.
4393,EWR,IND,ExpressJet Airlines Inc.
3644,LGA,ATL,Envoy Air
3793,JFK,CLT,Endeavor Air Inc.
1729,JFK,RSW,JetBlue Airways
279,EWR,ORD,United Air Lines Inc.
517,EWR,MCO,JetBlue Airways
3792,JFK,DCA,Envoy Air
3674,LGA,CLE,Envoy Air
147,JFK,RSW,JetBlue Airways
4495,EWR,SAV,ExpressJet Airlines Inc.
939,JFK,BQN,JetBlue Airways
1919,LGA,MSP,Delta Air Lines Inc.
3622,LGA,BNA,Envoy Air
882,LGA,STL,Southwest Airlines Co.
535,JFK,LAX,United Air Lines Inc.
5079,LGA,JAX,ExpressJet Airlines Inc.
3507,JFK,MSY,Endeavor Air Inc.
3301,LGA,RDU,Envoy Air
1177,LGA,ORD,United Air Lines Inc.
2047,LGA,ATL,Delta Air Lines Inc.
4299,EWR,DCA,ExpressJet Airlines Inc.
2162,LGA,BOS,US Airways Inc.
305,LGA,ORD,American Airlines Inc.
4911,EWR,DTW,ExpressJet Airlines Inc.
325,LGA,ORD,American Airlines Inc.
688,EWR,PHX,US Airways Inc.
1127,EWR,SFO,United Air Lines Inc.
721,LGA,CAK,AirTran Airways Corporation
403,JFK,SJU,JetBlue Airways
2190,JFK,MIA,Delta Air Lines Inc.
4555,LGA,CMH,Envoy Air
183,JFK,MCO,JetBlue Airways
41,JFK,MCO,JetBlue Airways
2502,JFK,BUF,JetBlue Airways
418,EWR,SFO,United Air Lines Inc.
4626,EWR,MSP,ExpressJet Airlines Inc.
3,JFK,SJU,JetBlue Airways
4087,EWR,PWM,ExpressJet Airlines Inc.
883,EWR,DFW,American Airlines Inc.
71,JFK,SLC,JetBlue Airways
31,JFK,SFO,Delta Air Lines Inc.
2131,LGA,DTW,Delta Air Lines Inc.
632,EWR,LAX,United Air Lines Inc.
3410,JFK,BOS,Endeavor Air Inc.
4136,EWR,IAD,ExpressJet Airlines Inc.
1995,LGA,CLT,US Airways Inc.
402,JFK,BOS,Delta Air Lines Inc.
2148,LGA,BOS,US Airways Inc.
193,EWR,SFO,Virgin America
1467,LGA,MIA,American Airlines Inc.
703,JFK,LAX,United Air Lines Inc.
1736,EWR,IAH,United Air Lines Inc.
1627,EWR,PBI,United Air Lines Inc.
1639,LGA,RSW,JetBlue Airways
403,JFK,SJU,JetBlue Airways
4309,EWR,PWM,ExpressJet Airlines Inc.
801,JFK,FLL,JetBlue Airways
2247,LGA,ATL,Delta Air Lines Inc.
673,JFK,LAX,JetBlue Airways
307,LGA,ORD,American Airlines Inc.
407,JFK,LAX,Virgin America
4626,LGA,CMH,Envoy Air
3813,EWR,GSO,ExpressJet Airlines Inc.
2007,JFK,PDX,Delta Air Lines Inc.
2173,LGA,DCA,US Airways Inc.
4869,EWR,ATL,ExpressJet Airlines Inc.
1004,JFK,BOS,JetBlue Airways
244,EWR,LAS,United Air Lines Inc.
1271,LGA,FLL,JetBlue Airways
503,JFK,SAN,Delta Air Lines Inc.
5824,EWR,ORF,ExpressJet Airlines Inc.
763,JFK,LAX,Delta Air Lines Inc.
2253,LGA,MIA,American Airlines Inc.
4364,EWR,MCI,ExpressJet Airlines Inc.
95,JFK,SJU,American Airlines Inc.
4203,JFK,IND,Endeavor Air Inc.
4419,EWR,XNA,ExpressJet Airlines Inc.
1474,LGA,DEN,United Air Lines Inc.
1545,EWR,IAH,United Air Lines Inc.
839,JFK,BQN,JetBlue Airways
703,JFK,SJU,JetBlue Airways
135,JFK,PHX,JetBlue Airways
73,EWR,SFO,United Air Lines Inc.
935,EWR,ATL,Delta Air Lines Inc.
2043,EWR,PBI,JetBlue Airways
5512,LGA,MEM,ExpressJet Airlines Inc.
1485,LGA,MCO,Delta Air Lines Inc.
3658,LGA,ATL,Envoy Air
3565,LGA,CLT,Envoy Air
4412,EWR,MYR,ExpressJet Airlines Inc.
936,JFK,STT,American Airlines Inc.
4579,LGA,CLT,Envoy Air
763,LGA,DFW,American Airlines Inc.
4535,LGA,IAD,ExpressJet Airlines Inc.
4434,EWR,CLT,ExpressJet Airlines Inc.
4171,EWR,MSN,ExpressJet Airlines Inc.
996,EWR,SFO,United Air Lines Inc.
15,EWR,HNL,United Air Lines Inc.
673,LGA,ORD,United Air Lines Inc.
2126,LGA,BOS,US Airways Inc.
404,EWR,IAH,United Air Lines Inc.
675,JFK,LAX,JetBlue Airways
525,EWR,DEN,United Air Lines Inc.
382,EWR,LAS,United Air Lines Inc.
4415,LGA,RDU,Envoy Air
35,JFK,PBI,JetBlue Airways
15,JFK,FLL,JetBlue Airways
4255,JFK,BNA,Envoy Air
5909,EWR,CLT,ExpressJet Airlines Inc.
604,JFK,PWM,JetBlue Airways
273,LGA,MDW,Southwest Airlines Co.
2065,JFK,SFO,Delta Air Lines Inc.
4997,EWR,DTW,ExpressJet Airlines Inc.
575,EWR,ATL,Delta Air Lines Inc.
1107,LGA,DFW,American Airlines Inc.
488,EWR,IAH,United Air Lines Inc.
4536,EWR,CVG,ExpressJet Airlines Inc.
2126,LGA,BOS,US Airways Inc.
1949,JFK,LAS,American Airlines Inc.
1506,EWR,LAS,United Air Lines Inc.
4388,EWR,JAX,ExpressJet Airlines Inc.
2027,JFK,FLL,Delta Air Lines Inc.
1532,EWR,SFO,United Air Lines Inc.
29,JFK,SFO,Virgin America
615,JFK,JAX,JetBlue Airways
5714,JFK,IAD,ExpressJet Airlines Inc.
41,JFK,MCO,JetBlue Airways
1601,EWR,FLL,United Air Lines Inc.
673,EWR,ATL,Delta Air Lines Inc.
4700,EWR,CLT,ExpressJet Airlines Inc.
3899,JFK,CLE,Endeavor Air Inc.
1993,EWR,CLT,US Airways Inc.
1186,EWR,MIA,United Air Lines Inc.
4312,EWR,DCA,ExpressJet Airlines Inc.
1109,EWR,MCO,United Air Lines Inc.
5824,EWR,RIC,ExpressJet Airlines Inc.
4175,EWR,IND,ExpressJet Airlines Inc.
254,LGA,MDW,Southwest Airlines Co.
1516,JFK,SYR,JetBlue Airways
2132,LGA,BOS,US Airways Inc.
711,JFK,LAS,JetBlue Airways
4449,JFK,DCA,Envoy Air
1435,LGA,TPA,Delta Air Lines Inc.
1117,LGA,TPA,JetBlue Airways
711,JFK,LAS,JetBlue Airways
1547,LGA,ATL,Delta Air Lines Inc.
1359,EWR,DFW,American Airlines Inc.
3822,EWR,BDL,ExpressJet Airlines Inc.
4352,EWR,CVG,ExpressJet Airlines Inc.
1684,EWR,MIA,United Air Lines Inc.
336,LGA,FLL,Delta Air Lines Inc.
1499,LGA,ATL,Delta Air Lines Inc.
573,EWR,PHX,United Air Lines Inc.
6,JFK,SLC,Delta Air Lines Inc.
97,JFK,DEN,JetBlue Airways
1247,LGA,ATL,Delta Air Lines Inc.
4975,EWR,MSP,ExpressJet Airlines Inc.
1407,JFK,IAD,JetBlue Airways
5067,LGA,PIT,ExpressJet Airlines Inc.
1147,LGA,ATL,Delta Air Lines Inc.
2094,EWR,CLT,US Airways Inc.
5795,EWR,BTV,ExpressJet Airlines Inc.
495,LGA,DEN,United Air Lines Inc.
2065,JFK,SFO,Delta Air Lines Inc.
2131,LGA,DTW,Delta Air Lines Inc.
1683,EWR,CLE,United Air Lines Inc.
3461,LGA,BNA,Envoy Air
1787,EWR,DEN,Southwest Airlines Co.
837,LGA,DEN,Frontier Airlines Inc.
4670,LGA,BNA,Envoy Air
327,EWR,MCO,JetBlue Airways
1769,JFK,MIA,American Airlines Inc.
173,JFK,SJC,JetBlue Airways
893,JFK,CLT,US Airways Inc.
4019,JFK,RIC,Endeavor Air Inc.
1611,EWR,IAH,United Air Lines Inc.
1733,LGA,CLT,US Airways Inc.
715,LGA,DFW,American Airlines Inc.
2839,LGA,STL,Envoy Air
3365,JFK,DCA,Envoy Air
1850,JFK,BOS,American Airlines Inc.
3813,EWR,BTV,ExpressJet Airlines Inc.
3709,EWR,ORD,Envoy Air
1174,LGA,PBI,Delta Air Lines Inc.
1172,EWR,SFO,United Air Lines Inc.
1433,LGA,RSW,Delta Air Lines Inc.
2181,LGA,MCO,Delta Air Lines Inc.
4370,EWR,CHS,ExpressJet Airlines Inc.
350,EWR,FLL,United Air Lines Inc.
5166,LGA,BNA,ExpressJet Airlines Inc.
3820,EWR,SDF,ExpressJet Airlines Inc.
4172,JFK,CLE,Envoy Air
1357,JFK,SJU,American Airlines Inc.
216,EWR,MDW,Southwest Airlines Co.
483,JFK,MCO,JetBlue Airways
2347,LGA,ATL,Delta Air Lines Inc.
1351,JFK,ORD,American Airlines Inc.
1573,LGA,MEM,Delta Air Lines Inc.
1773,JFK,SLC,Delta Air Lines Inc.
3669,LGA,LEX,Endeavor Air Inc.
489,EWR,SFO,United Air Lines Inc.
401,EWR,ATL,Delta Air Lines Inc.
3817,EWR,SDF,ExpressJet Airlines Inc.
3658,LGA,ATL,Envoy Air
1271,LGA,FLL,JetBlue Airways
1172,EWR,ORD,United Air Lines Inc.
2191,LGA,DCA,US Airways Inc.
4308,EWR,PWM,ExpressJet Airlines Inc.
2175,LGA,DCA,US Airways Inc.
1847,LGA,ATL,Delta Air Lines Inc.
35,JFK,PBI,JetBlue Airways
4382,EWR,DTW,ExpressJet Airlines Inc.
523,JFK,LAX,JetBlue Airways
402,JFK,BOS,Delta Air Lines Inc.
929,JFK,RSW,JetBlue Airways
1627,EWR,PBI,United Air Lines Inc.
1170,EWR,FLL,United Air Lines Inc.
1386,JFK,ROC,JetBlue Airways
317,LGA,ORD,American Airlines Inc.
655,JFK,STT,American Airlines Inc.
1651,EWR,SFO,United Air Lines Inc.
2449,LGA,DTW,Delta Air Lines Inc.
2471,EWR,SLC,Delta Air Lines Inc.
3353,JFK,DTW,Endeavor Air Inc.
5486,LGA,PIT,ExpressJet Airlines Inc.
1185,JFK,RDU,JetBlue Airways
1735,EWR,LAX,United Air Lines Inc.
936,JFK,STT,American Airlines Inc.
887,EWR,RSW,United Air Lines Inc.
4087,EWR,IND,ExpressJet Airlines Inc.
87,JFK,ATL,Delta Air Lines Inc.
4413,LGA,XNA,Envoy Air
3798,JFK,CLT,Endeavor Air Inc.
1,JFK,LAX,American Airlines Inc.
695,JFK,AUS,American Airlines Inc.
1,JFK,LAX,American Airlines Inc.
1685,LGA,MCO,Delta Air Lines Inc.
643,EWR,AUS,United Air Lines Inc.
27,JFK,SFO,Virgin America
185,JFK,LAX,American Airlines Inc.
2187,LGA,DCA,US Airways Inc.
5268,LGA,CLT,ExpressJet Airlines Inc.
4412,EWR,DSM,ExpressJet Airlines Inc.
4471,LGA,RDU,Envoy Air
431,LGA,SRQ,JetBlue Airways
1145,LGA,DFW,American Airlines Inc.
3442,JFK,CVG,Endeavor Air Inc.
143,JFK,RSW,JetBlue Airways
3669,LGA,ATL,Envoy Air
483,JFK,MCO,JetBlue Airways
4357,JFK,ORF,Endeavor Air Inc.
647,JFK,MIA,American Airlines Inc.
421,EWR,SFO,United Air Lines Inc.
4952,LGA,CLT,ExpressJet Airlines Inc.
477,EWR,IAH,United Air Lines Inc.
561,LGA,DEN,United Air Lines Inc.
2019,LGA,MSP,Delta Air Lines Inc.
4115,JFK,IAD,Endeavor Air Inc.
1942,EWR,ATL,Delta Air Lines Inc.
1189,EWR,SNA,United Air Lines Inc.
315,JFK,FLL,JetBlue Airways
1151,EWR,SEA,United Air Lines Inc.
4610,LGA,ATL,Envoy Air
4536,EWR,CVG,ExpressJet Airlines Inc.
4576,EWR,GRR,ExpressJet Airlines Inc.
214,EWR,AUS,United Air Lines Inc.
2128,LGA,BOS,US Airways Inc.
27,JFK,SFO,Virgin America
1629,JFK,LAS,Delta Air Lines Inc.
309,LGA,ORD,American Airlines Inc.
269,JFK,SEA,American Airlines Inc.
1071,EWR,BQN,United Air Lines Inc.
1020,JFK,BOS,JetBlue Airways
167,JFK,OAK,JetBlue Airways
393,LGA,MCO,JetBlue Airways
1071,EWR,BQN,United Air Lines Inc.
785,LGA,DFW,American Airlines Inc.
4580,EWR,MKE,ExpressJet Airlines Inc.
3828,EWR,PIT,ExpressJet Airlines Inc.
1182,EWR,SFO,United Air Lines Inc.
3674,LGA,CLE,Envoy Air
3385,JFK,BOS,Endeavor Air Inc.
709,EWR,IAH,United Air Lines Inc.
2177,LGA,DCA,US Airways Inc.
3709,EWR,ORD,Envoy Air
4687,EWR,CVG,ExpressJet Airlines Inc.
1837,LGA,MIA,American Airlines Inc.
197,JFK,LAS,JetBlue Airways
1956,EWR,CLT,US Airways Inc.
165,JFK,PDX,JetBlue Airways
2185,LGA,DCA,US Airways Inc.
1902,LGA,PBI,Delta Air Lines Inc.
2285,JFK,MCO,American Airlines Inc.
3608,JFK,PHL,Endeavor Air Inc.
4537,EWR,MEM,ExpressJet Airlines Inc.
642,JFK,SFO,United Air Lines Inc.
91,JFK,LAS,Delta Air Lines Inc.
1127,EWR,SFO,United Air Lines Inc.
2042,EWR,ATL,Delta Air Lines Inc.
675,JFK,MSY,JetBlue Airways
141,JFK,PBI,JetBlue Airways
3899,JFK,CLE,Endeavor Air Inc.
802,EWR,CLT,US Airways Inc.
1142,EWR,BOS,United Air Lines Inc.
4,JFK,SJU,Delta Air Lines Inc.
4425,JFK,DCA,Envoy Air
398,EWR,MDW,Southwest Airlines Co.
2805,EWR,MSY,Southwest Airlines Co.
769,JFK,SFO,United Air Lines Inc.
4660,LGA,BNA,Envoy Air
1284,EWR,SFO,United Air Lines Inc.
329,EWR,STL,Southwest Airlines Co.
181,JFK,LAX,American Airlines Inc.
721,LGA,ORD,United Air Lines Inc.
4333,JFK,PIT,Envoy Air
2355,EWR,STL,Southwest Airlines Co.
4352,EWR,CVG,ExpressJet Airlines Inc.
4117,EWR,DCA,ExpressJet Airlines Inc.
2247,LGA,ATL,Delta Air Lines Inc.
739,LGA,DFW,American Airlines Inc.
1273,JFK,CHS,JetBlue Airways
894,LGA,CLT,US Airways Inc.
117,JFK,LAX,American Airlines Inc.
3833,EWR,STL,ExpressJet Airlines Inc.
1203,JFK,SJU,JetBlue Airways
155,JFK,MCO,JetBlue Airways
4241,EWR,DCA,ExpressJet Airlines Inc.
183,JFK,SEA,Delta Air Lines Inc.
1545,EWR,IAH,United Air Lines Inc.
313,LGA,ORD,American Airlines Inc.
1601,JFK,LAX,United Air Lines Inc.
4975,EWR,MSP,ExpressJet Airlines Inc.
257,JFK,LAS,American Airlines Inc.
4119,EWR,RIC,ExpressJet Airlines Inc.
703,JFK,LAX,United Air Lines Inc.
1935,LGA,TPA,Delta Air Lines Inc.
83,JFK,SEA,JetBlue Airways
30,JFK,ROC,JetBlue Airways
5044,EWR,MSP,ExpressJet Airlines Inc.
4413,LGA,XNA,Envoy Air
2003,LGA,MIA,Delta Air Lines Inc.
1407,JFK,IAD,JetBlue Airways
4667,EWR,MSP,ExpressJet Airlines Inc.
1665,EWR,LAX,United Air Lines Inc.
1705,LGA,MSY,Delta Air Lines Inc.
1445,LGA,CLT,US Airways Inc.
831,LGA,DTW,Delta Air Lines Inc.
4577,LGA,CLT,Envoy Air
4295,EWR,MCI,ExpressJet Airlines Inc.
2335,LGA,MIA,American Airlines Inc.
3230,JFK,DCA,Envoy Air
303,JFK,SFO,United Air Lines Inc.
2231,LGA,DTW,Delta Air Lines Inc.
2931,JFK,PIT,Endeavor Air Inc.
1709,LGA,MIA,American Airlines Inc.
1246,EWR,ORD,United Air Lines Inc.
847,LGA,ATL,Delta Air Lines Inc.
4162,EWR,BTV,ExpressJet Airlines Inc.
24,JFK,BTV,JetBlue Airways
1682,EWR,FLL,United Air Lines Inc.
2436,LGA,MEM,Delta Air Lines Inc.
4565,EWR,SYR,ExpressJet Airlines Inc.
4135,EWR,CLT,ExpressJet Airlines Inc.
421,EWR,SFO,United Air Lines Inc.
2280,JFK,FLL,Delta Air Lines Inc.
449,EWR,CLT,US Airways Inc.
115,LGA,MDW,Southwest Airlines Co.
3899,JFK,CLE,Endeavor Air Inc.
301,LGA,ORD,American Airlines Inc.
181,LGA,DTW,Delta Air Lines Inc.
2075,EWR,DFW,American Airlines Inc.
1496,EWR,SNA,United Air Lines Inc.
1318,JFK,BOS,JetBlue Airways
1565,LGA,IAH,United Air Lines Inc.
315,JFK,SJU,Delta Air Lines Inc.
343,LGA,DEN,United Air Lines Inc.
4255,EWR,ROC,ExpressJet Airlines Inc.
1496,EWR,SNA,United Air Lines Inc.
2267,LGA,MIA,American Airlines Inc.
885,JFK,RDU,JetBlue Airways
5814,EWR,CLT,ExpressJet Airlines Inc.
1169,JFK,LAX,United Air Lines Inc.
881,JFK,DFW,American Airlines Inc.
430,EWR,TPA,United Air Lines Inc.
1474,LGA,DEN,United Air Lines Inc.
3550,LGA,ATL,Envoy Air
3403,LGA,SYR,Endeavor Air Inc.
1605,EWR,LAS,United Air Lines Inc.
225,JFK,TPA,JetBlue Airways
67,JFK,SAN,American Airlines Inc.
1345,JFK,MIA,American Airlines Inc.
1023,EWR,CLE,United Air Lines Inc.
2169,LGA,DCA,US Airways Inc.
4368,EWR,DAY,ExpressJet Airlines Inc.
806,LGA,ATL,AirTran Airways Corporation
642,JFK,SFO,United Air Lines Inc.
21,EWR,SEA,Alaska Airlines Inc.
1139,LGA,DFW,American Airlines Inc.
27,JFK,ATL,Delta Air Lines Inc.
2136,LGA,BOS,US Airways Inc.
1058,LGA,IAH,United Air Lines Inc.
1847,LGA,ATL,Delta Air Lines Inc.
59,JFK,TPA,JetBlue Airways
778,LGA,ATL,AirTran Airways Corporation
4181,EWR,MCI,ExpressJet Airlines Inc.
841,JFK,SFO,Delta Air Lines Inc.
3531,LGA,RDU,Envoy Air
301,JFK,FLL,JetBlue Airways
1200,EWR,SAN,United Air Lines Inc.
5193,LGA,BUF,ExpressJet Airlines Inc.
1643,JFK,SEA,Delta Air Lines Inc.
104,JFK,BUF,JetBlue Airways
1485,LGA,MCO,Delta Air Lines Inc.
3386,JFK,DCA,Envoy Air
1885,LGA,MCO,Delta Air Lines Inc.
61,LGA,ATL,Delta Air Lines Inc.
1983,EWR,AUS,Southwest Airlines Co.
1819,LGA,MSP,Delta Air Lines Inc.
611,JFK,JAX,JetBlue Airways
1982,LGA,MIA,Delta Air Lines Inc.
4475,LGA,RDU,Envoy Air
11,EWR,SEA,Alaska Airlines Inc.
4684,EWR,SDF,ExpressJet Airlines Inc.
1473,LGA,CLT,US Airways Inc.
4351,EWR,JAX,ExpressJet Airlines Inc.
1638,EWR,CLE,United Air Lines Inc.
1603,EWR,SFO,United Air Lines Inc.
1,JFK,FLL,JetBlue Airways
3310,JFK,MCI,Endeavor Air Inc.
2047,LGA,ATL,Delta Air Lines Inc.
1117,LGA,TPA,JetBlue Airways
4445,EWR,IND,ExpressJet Airlines Inc.
4404,EWR,PVD,ExpressJet Airlines Inc.
1415,JFK,SLC,Delta Air Lines Inc.
299,LGA,MCO,JetBlue Airways
4125,EWR,GSO,ExpressJet Airlines Inc.
32,JFK,ROC,JetBlue Airways
703,JFK,LAX,United Air Lines Inc.
3433,JFK,PIT,Endeavor Air Inc.
700,EWR,ORD,United Air Lines Inc.
5766,LGA,IAD,ExpressJet Airlines Inc.
2380,EWR,BOS,JetBlue Airways
454,JFK,STT,Delta Air Lines Inc.
3340,LGA,DTW,Envoy Air
397,JFK,SFO,United Air Lines Inc.
119,JFK,MSY,JetBlue Airways
173,JFK,SJC,JetBlue Airways
3466,JFK,DCA,Endeavor Air Inc.
11,JFK,SFO,Virgin America
95,JFK,SJU,American Airlines Inc.
3341,JFK,DTW,Endeavor Air Inc.
133,JFK,LAX,American Airlines Inc.
4689,EWR,MCI,ExpressJet Airlines Inc.
1101,JFK,FLL,JetBlue Airways
4622,LGA,BNA,Envoy Air
675,EWR,CLT,US Airways Inc.
135,JFK,PHX,JetBlue Airways
1047,LGA,ATL,Delta Air Lines Inc.
695,LGA,ORD,United Air Lines Inc.
3472,JFK,DTW,Endeavor Air Inc.
4636,EWR,DCA,ExpressJet Airlines Inc.
3230,JFK,DCA,Envoy Air
5815,EWR,RIC,ExpressJet Airlines Inc.
759,LGA,DFW,American Airlines Inc.
905,JFK,ORD,JetBlue Airways
105,JFK,ORD,JetBlue Airways
1565,JFK,SFO,Delta Air Lines Inc.
1592,EWR,MCO,United Air Lines Inc.
4622,LGA,BNA,Envoy Air
655,JFK,STT,American Airlines Inc.
3783,JFK,CMH,Envoy Air
1599,LGA,MIA,American Airlines Inc.
347,JFK,SRQ,JetBlue Airways
1545,EWR,IAH,United Air Lines Inc.
994,EWR,BOS,United Air Lines Inc.
4368,EWR,DAY,ExpressJet Airlines Inc.
2343,EWR,ATL,Delta Air Lines Inc.
4419,EWR,XNA,ExpressJet Airlines Inc.
1622,EWR,ORD,United Air Lines Inc.
1161,LGA,PBI,JetBlue Airways
586,JFK,ROC,JetBlue Airways
1075,EWR,SNA,United Air Lines Inc.
1182,EWR,LAS,United Air Lines Inc.
6,JFK,SLC,Delta Air Lines Inc.
277,EWR,LAX,United Air Lines Inc.
4377,EWR,JAX,ExpressJet Airlines Inc.
1779,LGA,FLL,Delta Air Lines Inc.
2042,EWR,ATL,Delta Air Lines Inc.
3759,EWR,ORD,Envoy Air
3295,EWR,BNA,Southwest Airlines Co.
1529,JFK,LAS,Delta Air Lines Inc.
523,EWR,PBI,United Air Lines Inc.
303,JFK,SFO,United Air Lines Inc.
1240,LGA,DEN,United Air Lines Inc.
1277,LGA,CLT,US Airways Inc.
4418,JFK,DCA,Envoy Air
3386,JFK,DCA,Envoy Air
251,JFK,LAS,Virgin America
1703,LGA,ORD,United Air Lines Inc.
1105,JFK,ORD,JetBlue Airways
5463,LGA,BNA,ExpressJet Airlines Inc.
4424,EWR,RDU,ExpressJet Airlines Inc.
5215,LGA,SYR,ExpressJet Airlines Inc.
329,LGA,ORD,American Airlines Inc.
4287,JFK,BWI,Endeavor Air Inc.
33,JFK,LAX,American Airlines Inc.
3230,JFK,DCA,Envoy Air
3847,EWR,BDL,ExpressJet Airlines Inc.
495,JFK,PHX,US Airways Inc.
996,EWR,SFO,United Air Lines Inc.
4241,EWR,DCA,ExpressJet Airlines Inc.
1871,LGA,MIA,American Airlines Inc.
3340,LGA,DTW,Envoy Air
343,LGA,ORD,American Airlines Inc.
4560,EWR,BTV,ExpressJet Airlines Inc.
4224,EWR,MKE,ExpressJet Airlines Inc.
925,JFK,TPA,JetBlue Airways
6115,LGA,CLE,ExpressJet Airlines Inc.
5736,LGA,IAD,ExpressJet Airlines Inc.
22,JFK,SYR,JetBlue Airways
570,EWR,MCO,United Air Lines Inc.
4171,EWR,MSN,ExpressJet Airlines Inc.
4393,EWR,IND,ExpressJet Airlines Inc.
5203,EWR,DTW,ExpressJet Airlines Inc.
3771,LGA,IAD,Mesa Airlines Inc.
79,JFK,MCO,JetBlue Airways
345,EWR,CLE,United Air Lines Inc.
2185,LGA,DCA,US Airways Inc.
1721,EWR,LAX,United Air Lines Inc.
2119,LGA,MSP,Delta Air Lines Inc.
1012,JFK,BOS,JetBlue Airways
44,JFK,SYR,JetBlue Airways
3842,EWR,MHT,ExpressJet Airlines Inc.
1545,EWR,IAH,United Air Lines Inc.
1429,LGA,CLT,US Airways Inc.
1740,EWR,JAC,United Air Lines Inc.
2139,LGA,MIA,Delta Air Lines Inc.
5068,EWR,DTW,ExpressJet Airlines Inc.
10,LGA,IAH,United Air Lines Inc.
2445,JFK,BOS,Delta Air Lines Inc.
4431,LGA,RDU,Envoy Air
443,JFK,LAX,United Air Lines Inc.
3835,EWR,PIT,ExpressJet Airlines Inc.
3846,EWR,ROC,ExpressJet Airlines Inc.
161,EWR,LAX,Virgin America
4672,EWR,STL,ExpressJet Airlines Inc.
1986,JFK,CLT,US Airways Inc.
345,LGA,ATL,AirTran Airways Corporation
3689,JFK,PHL,Endeavor Air Inc.
1771,JFK,SEA,Delta Air Lines Inc.
3478,LGA,DTW,Envoy Air
1054,EWR,LAX,United Air Lines Inc.
883,JFK,MCO,JetBlue Airways
169,EWR,LAX,Virgin America
745,EWR,CLT,US Airways Inc.
5815,EWR,RIC,ExpressJet Airlines Inc.
161,JFK,SEA,Delta Air Lines Inc.
743,LGA,DFW,American Airlines Inc.
5904,EWR,BTV,ExpressJet Airlines Inc.
772,EWR,MIA,United Air Lines Inc.
2171,LGA,DCA,US Airways Inc.
5057,LGA,RIC,ExpressJet Airlines Inc.
3267,EWR,BTV,ExpressJet Airlines Inc.
313,LGA,ORD,American Airlines Inc.
1705,LGA,MSY,Delta Air Lines Inc.
3599,LGA,MSP,Envoy Air
4570,EWR,ATL,ExpressJet Airlines Inc.
179,JFK,PHX,JetBlue Airways
305,EWR,FLL,JetBlue Airways
1601,JFK,FLL,JetBlue Airways
5091,LGA,PIT,ExpressJet Airlines Inc.
731,LGA,DFW,American Airlines Inc.
1935,LGA,TPA,Delta Air Lines Inc.
172,LGA,MKE,Southwest Airlines Co.
1854,LGA,FLL,Delta Air Lines Inc.
1131,LGA,DFW,American Airlines Inc.
449,EWR,CLT,US Airways Inc.
468,EWR,TPA,United Air Lines Inc.
413,JFK,LAX,Virgin America
1499,LGA,ATL,Delta Air Lines Inc.
2167,LGA,DCA,US Airways Inc.
2223,LGA,STL,American Airlines Inc.
2002,JFK,BUF,JetBlue Airways
4107,EWR,JAX,ExpressJet Airlines Inc.
2128,LGA,BOS,US Airways Inc.
807,EWR,ATL,Delta Air Lines Inc.
1020,JFK,BOS,JetBlue Airways
1547,LGA,ATL,Delta Air Lines Inc.
456,JFK,PHX,US Airways Inc.
4700,EWR,CLT,ExpressJet Airlines Inc.
4127,JFK,IAD,Endeavor Air Inc.
507,LGA,DEN,Frontier Airlines Inc.
2267,LGA,MIA,American Airlines Inc.
3478,LGA,DTW,Envoy Air
1973,EWR,CLT,US Airways Inc.
1174,LGA,PBI,Delta Air Lines Inc.
161,JFK,MIA,Delta Air Lines Inc.
3603,LGA,DTW,Envoy Air
985,JFK,BOS,Delta Air Lines Inc.
5325,LGA,CHO,ExpressJet Airlines Inc.
1,JFK,LAX,American Airlines Inc.
2195,LGA,DCA,US Airways Inc.
1019,EWR,CLT,US Airways Inc.
1747,LGA,ATL,Delta Air Lines Inc.
2189,JFK,MSP,Delta Air Lines Inc.
2042,EWR,ATL,Delta Air Lines Inc.
797,JFK,LAX,United Air Lines Inc.
4383,EWR,DTW,ExpressJet Airlines Inc.
1571,EWR,MIA,United Air Lines Inc.
244,EWR,BOS,United Air Lines Inc.
1574,EWR,CLE,United Air Lines Inc.
2223,LGA,STL,American Airlines Inc.
2139,LGA,MIA,Delta Air Lines Inc.
4316,EWR,BWI,ExpressJet Airlines Inc.
4249,EWR,BWI,ExpressJet Airlines Inc.
4478,LGA,DTW,Envoy Air
3381,JFK,BOS,Endeavor Air Inc.
1508,JFK,RSW,Delta Air Lines Inc.
905,JFK,ORD,JetBlue Airways
393,LGA,MCO,JetBlue Airways
5812,EWR,CHS,ExpressJet Airlines Inc.
1647,LGA,ATL,Delta Air Lines Inc.
4299,EWR,DCA,ExpressJet Airlines Inc.
3363,JFK,RDU,Envoy Air
36,JFK,ROC,JetBlue Airways
5,EWR,SEA,Alaska Airlines Inc.
1783,JFK,MCO,JetBlue Airways
2714,LGA,MKE,Southwest Airlines Co.
4170,EWR,GRR,ExpressJet Airlines Inc.
1668,EWR,SFO,United Air Lines Inc.
3326,JFK,IND,Endeavor Air Inc.
4569,LGA,RDU,Envoy Air
4689,EWR,IAD,ExpressJet Airlines Inc.
4588,LGA,MSP,Envoy Air
1665,LGA,CLT,US Airways Inc.
1626,EWR,SAN,United Air Lines Inc.
5682,EWR,MKE,ExpressJet Airlines Inc.
6177,EWR,IAD,ExpressJet Airlines Inc.
595,JFK,LAX,United Air Lines Inc.
1085,JFK,MIA,American Airlines Inc.
1608,EWR,ORD,United Air Lines Inc.
4373,EWR,DCA,ExpressJet Airlines Inc.
183,EWR,SFO,Virgin America
2247,LGA,ATL,Delta Air Lines Inc.
3419,LGA,ATL,Envoy Air
119,JFK,MSY,JetBlue Airways
4274,EWR,CLE,ExpressJet Airlines Inc.
4434,EWR,MHT,ExpressJet Airlines Inc.
4157,EWR,OMA,ExpressJet Airlines Inc.
4540,LGA,DTW,Envoy Air
3532,LGA,XNA,Envoy Air
4974,LGA,BNA,ExpressJet Airlines Inc.
628,EWR,BOS,United Air Lines Inc.
1519,EWR,SLC,Delta Air Lines Inc.
1638,EWR,CLE,United Air Lines Inc.
1643,EWR,CLT,US Airways Inc.
1109,EWR,MCO,United Air Lines Inc.
3374,JFK,RDU,Envoy Air
325,JFK,TPA,JetBlue Airways
508,LGA,IAH,United Air Lines Inc.
1429,JFK,LAS,Delta Air Lines Inc.
1179,EWR,DFW,American Airlines Inc.
461,LGA,PBI,JetBlue Airways
1529,JFK,LAS,Delta Air Lines Inc.
2925,JFK,MSY,Endeavor Air Inc.
1499,JFK,MIA,American Airlines Inc.
331,LGA,ORD,American Airlines Inc.
4619,LGA,ATL,Envoy Air
4424,EWR,RDU,ExpressJet Airlines Inc.
1161,LGA,PBI,JetBlue Airways
3547,LGA,XNA,Envoy Air
4662,EWR,RDU,ExpressJet Airlines Inc.
23,JFK,SFO,Virgin America
1205,EWR,SFO,United Air Lines Inc.
135,JFK,RSW,JetBlue Airways
443,JFK,LAX,United Air Lines Inc.
3134,EWR,ORD,Envoy Air
4422,EWR,PIT,ExpressJet Airlines Inc.
3305,LGA,RDU,Envoy Air
1529,JFK,LAS,Delta Air Lines Inc.
3404,EWR,MDW,Southwest Airlines Co.
499,LGA,MCO,JetBlue Airways
4407,EWR,OMA,ExpressJet Airlines Inc.
485,EWR,ATL,Delta Air Lines Inc.
2537,JFK,SLC,Delta Air Lines Inc.
104,JFK,BUF,JetBlue Airways
3935,LGA,MDW,Southwest Airlines Co.
2297,LGA,MIA,American Airlines Inc.
541,EWR,BOS,United Air Lines Inc.
6054,EWR,IAD,ExpressJet Airlines Inc.
5711,JFK,IAD,ExpressJet Airlines Inc.
1738,EWR,MIA,United Air Lines Inc.
145,JFK,PBI,JetBlue Airways
394,JFK,SFO,United Air Lines Inc.
1499,LGA,ATL,Delta Air Lines Inc.
3769,EWR,CVG,Endeavor Air Inc.
831,LGA,DTW,Delta Air Lines Inc.
645,LGA,ATL,AirTran Airways Corporation
1103,JFK,RDU,JetBlue Airways
3542,JFK,MSP,Endeavor Air Inc.
1683,EWR,CLE,United Air Lines Inc.
112,JFK,BUF,JetBlue Airways
2002,JFK,BUF,JetBlue Airways
1685,LGA,MCO,Delta Air Lines Inc.
4998,LGA,MCI,ExpressJet Airlines Inc.
341,LGA,ORD,American Airlines Inc.
1250,LGA,DEN,Southwest Airlines Co.
4297,EWR,DTW,ExpressJet Airlines Inc.
5716,JFK,IAD,ExpressJet Airlines Inc.
2380,EWR,BOS,JetBlue Airways
925,JFK,TPA,JetBlue Airways
1151,EWR,SEA,United Air Lines Inc.
1191,JFK,ACK,JetBlue Airways
3411,LGA,RDU,Envoy Air
618,JFK,BOS,JetBlue Airways
3199,LGA,CLT,Envoy Air
1626,EWR,SAN,United Air Lines Inc.
3393,JFK,DCA,Endeavor Air Inc.
1077,EWR,MIA,United Air Lines Inc.
3579,LGA,IAD,Endeavor Air Inc.
2391,JFK,TPA,Delta Air Lines Inc.
386,EWR,SLC,Delta Air Lines Inc.
311,EWR,DEN,United Air Lines Inc.
1591,EWR,IAH,United Air Lines Inc.
85,JFK,SFO,American Airlines Inc.
2285,LGA,MCO,Delta Air Lines Inc.
51,JFK,HNL,Hawaiian Airlines Inc.
677,JFK,JAX,JetBlue Airways
3748,EWR,ORD,Envoy Air
2142,LGA,BOS,US Airways Inc.
3525,LGA,RDU,Envoy Air
795,JFK,AUS,JetBlue Airways
4703,EWR,GRR,ExpressJet Airlines Inc.
405,LGA,DEN,United Air Lines Inc.
1982,LGA,MIA,Delta Air Lines Inc.
221,JFK,MIA,American Airlines Inc.
3325,JFK,DFW,Endeavor Air Inc.
569,EWR,ORD,United Air Lines Inc.
459,EWR,ORD,United Air Lines Inc.
303,JFK,SFO,United Air Lines Inc.
4700,EWR,CLT,ExpressJet Airlines Inc.
1405,EWR,SEA,United Air Lines Inc.
15,EWR,SEA,Alaska Airlines Inc.
4701,EWR,BTV,ExpressJet Airlines Inc.
3353,JFK,DTW,Endeavor Air Inc.
4179,EWR,BTV,ExpressJet Airlines Inc.
4171,EWR,MSN,ExpressJet Airlines Inc.
3849,EWR,CVG,ExpressJet Airlines Inc.
2180,EWR,BOS,JetBlue Airways
3525,JFK,ORD,Endeavor Air Inc.
257,JFK,LAS,American Airlines Inc.
3856,JFK,ATL,Endeavor Air Inc.
1256,LGA,MIA,American Airlines Inc.
5736,LGA,IAD,ExpressJet Airlines Inc.
409,EWR,CLT,US Airways Inc.
4714,EWR,CLT,ExpressJet Airlines Inc.
179,JFK,PHX,JetBlue Airways
927,EWR,MCO,JetBlue Airways
5327,EWR,MSP,ExpressJet Airlines Inc.
1901,JFK,IAH,American Airlines Inc.
1145,LGA,DFW,American Airlines Inc.
1131,LGA,DTW,Delta Air Lines Inc.
4033,LGA,TYS,Endeavor Air Inc.
1077,EWR,MIA,United Air Lines Inc.
3301,LGA,RDU,Envoy Air
3823,EWR,PVD,ExpressJet Airlines Inc.
1491,JFK,ACK,JetBlue Airways
111,LGA,MDW,Southwest Airlines Co.
2160,LGA,BOS,US Airways Inc.
2136,LGA,BOS,US Airways Inc.
3325,JFK,DFW,Endeavor Air Inc.
4060,LGA,DAY,Endeavor Air Inc.
1665,EWR,LAX,United Air Lines Inc.
1708,EWR,SJU,United Air Lines Inc.
641,JFK,SFO,JetBlue Airways
2187,LGA,DCA,US Airways Inc.
1547,LGA,ATL,Delta Air Lines Inc.
608,JFK,PWM,JetBlue Airways
2140,LGA,BOS,US Airways Inc.
116,JFK,SYR,JetBlue Airways
1601,EWR,FLL,United Air Lines Inc.
4361,EWR,TYS,ExpressJet Airlines Inc.
135,JFK,RSW,JetBlue Airways
464,EWR,MDW,Southwest Airlines Co.
209,JFK,LGB,JetBlue Airways
581,JFK,HOU,JetBlue Airways
1601,JFK,FLL,JetBlue Airways
604,EWR,PHX,US Airways Inc.
4479,LGA,RDU,Envoy Air
1496,EWR,SNA,United Air Lines Inc.
1047,LGA,ATL,Delta Air Lines Inc.
883,JFK,MCO,JetBlue Airways
4633,EWR,BTV,ExpressJet Airlines Inc.
4429,LGA,CMH,Envoy Air
59,JFK,SFO,American Airlines Inc.
4572,EWR,GSP,ExpressJet Airlines Inc.
1619,LGA,MSP,Delta Air Lines Inc.
4502,EWR,BNA,ExpressJet Airlines Inc.
411,JFK,LAX,Virgin America
733,EWR,LAS,United Air Lines Inc.
1062,EWR,AUS,United Air Lines Inc.
4224,EWR,MKE,ExpressJet Airlines Inc.
5675,EWR,BTV,ExpressJet Airlines Inc.
270,LGA,IAH,United Air Lines Inc.
683,JFK,MCO,JetBlue Airways
6177,EWR,IAD,ExpressJet Airlines Inc.
1151,EWR,DTW,Delta Air Lines Inc.
4981,EWR,MSP,ExpressJet Airlines Inc.
1416,EWR,FLL,United Air Lines Inc.
380,EWR,BOS,JetBlue Airways
1585,LGA,MCO,Delta Air Lines Inc.
3868,JFK,ORF,Endeavor Air Inc.
3486,LGA,BNA,Envoy Air
807,EWR,ATL,Delta Air Lines Inc.
1465,JFK,SFO,Delta Air Lines Inc.
1467,LGA,MIA,American Airlines Inc.
1065,JFK,AUS,JetBlue Airways
543,EWR,PBI,United Air Lines Inc.
604,EWR,PHX,US Airways Inc.
4607,LGA,CMH,Envoy Air
3483,JFK,BOS,Endeavor Air Inc.
2136,LGA,BOS,US Airways Inc.
1507,EWR,DFW,American Airlines Inc.
1435,LGA,TPA,Delta Air Lines Inc.
1223,EWR,DFW,American Airlines Inc.
3492,JFK,DCA,Endeavor Air Inc.
5242,LGA,GSO,ExpressJet Airlines Inc.
4522,EWR,BNA,ExpressJet Airlines Inc.
347,LGA,ATL,AirTran Airways Corporation
4700,EWR,CLT,ExpressJet Airlines Inc.
4676,EWR,GRR,ExpressJet Airlines Inc.
4333,EWR,TUL,ExpressJet Airlines Inc.
117,JFK,LAX,American Airlines Inc.
303,JFK,SFO,United Air Lines Inc.
236,JFK,LAX,United Air Lines Inc.
1705,LGA,MSY,Delta Air Lines Inc.
1871,LGA,MIA,American Airlines Inc.
4525,LGA,XNA,Envoy Air
371,LGA,FLL,JetBlue Airways
2183,LGA,DCA,US Airways Inc.
4218,JFK,PHL,Endeavor Air Inc.
4596,EWR,STL,ExpressJet Airlines Inc.
2130,LGA,BOS,US Airways Inc.
4195,EWR,BNA,ExpressJet Airlines Inc.
91,JFK,OAK,JetBlue Airways
449,EWR,CLT,US Airways Inc.
3357,LGA,ATL,Envoy Air
108,JFK,BUF,JetBlue Airways
2154,LGA,BOS,US Airways Inc.
53,JFK,PBI,JetBlue Airways
2868,EWR,BNA,Southwest Airlines Co.
5317,LGA,BUF,ExpressJet Airlines Inc.
201,JFK,FLL,JetBlue Airways
185,JFK,LAX,American Airlines Inc.
1416,EWR,DEN,United Air Lines Inc.
1959,JFK,MCO,Delta Air Lines Inc.
4425,JFK,DCA,Envoy Air
4410,EWR,CAE,ExpressJet Airlines Inc.
485,EWR,ATL,Delta Air Lines Inc.
1949,JFK,LAS,American Airlines Inc.
1111,LGA,DFW,American Airlines Inc.
4453,LGA,MKE,Southwest Airlines Co.
320,EWR,DFW,American Airlines Inc.
3,EWR,DEN,Southwest Airlines Co.
1733,LGA,IAH,United Air Lines Inc.
4333,JFK,PIT,Envoy Air
2910,JFK,CVG,Endeavor Air Inc.
255,LGA,ORD,United Air Lines Inc.
1700,EWR,SFO,United Air Lines Inc.
4449,JFK,DCA,Envoy Air
5736,LGA,IAD,ExpressJet Airlines Inc.
443,JFK,LAX,United Air Lines Inc.
1,JFK,FLL,JetBlue Airways
1592,EWR,MCO,United Air Lines Inc.
1975,EWR,BNA,Southwest Airlines Co.
169,EWR,LAX,Virgin America
4521,LGA,RDU,Envoy Air
691,LGA,ORD,United Air Lines Inc.
59,JFK,TPA,JetBlue Airways
4171,EWR,MSN,ExpressJet Airlines Inc.
4271,EWR,ALB,ExpressJet Airlines Inc.
17,JFK,LAX,Delta Air Lines Inc.
3867,EWR,CVG,Endeavor Air Inc.
1585,LGA,MCO,Delta Air Lines Inc.
381,LGA,CLE,United Air Lines Inc.
1705,LGA,MSY,Delta Air Lines Inc.
1307,JFK,IAD,JetBlue Airways
2380,EWR,BOS,JetBlue Airways
4587,EWR,RDU,ExpressJet Airlines Inc.
4153,EWR,CLT,ExpressJet Airlines Inc.
19,EWR,STL,Southwest Airlines Co.
4596,EWR,STL,ExpressJet Airlines Inc.
4224,EWR,PWM,ExpressJet Airlines Inc.
1167,JFK,TPA,Delta Air Lines Inc.
731,LGA,DFW,American Airlines Inc.
4498,EWR,MHT,ExpressJet Airlines Inc.
456,JFK,PHX,US Airways Inc.
1638,EWR,CLE,United Air Lines Inc.
127,EWR,MCO,JetBlue Airways
2247,LGA,ATL,Delta Air Lines Inc.
21,JFK,LAX,American Airlines Inc.
4543,EWR,DSM,ExpressJet Airlines Inc.
5391,LGA,MSN,ExpressJet Airlines Inc.
1003,EWR,PBI,United Air Lines Inc.
697,EWR,TPA,United Air Lines Inc.
2177,LGA,DCA,US Airways Inc.
4709,EWR,MEM,ExpressJet Airlines Inc.
2140,LGA,BOS,US Airways Inc.
2019,LGA,MSP,Delta Air Lines Inc.
4952,LGA,MCI,ExpressJet Airlines Inc.
2302,JFK,BUF,JetBlue Airways
5208,LGA,RIC,ExpressJet Airlines Inc.
4162,EWR,ALB,ExpressJet Airlines Inc.
5293,LGA,ORF,ExpressJet Airlines Inc.
4191,EWR,BNA,ExpressJet Airlines Inc.
1573,LGA,MEM,Delta Air Lines Inc.
3538,JFK,MSP,Endeavor Air Inc.
5068,EWR,DTW,ExpressJet Airlines Inc.
4350,EWR,CVG,ExpressJet Airlines Inc.
466,EWR,PBI,United Air Lines Inc.
348,LGA,ATL,AirTran Airways Corporation
3231,JFK,PIT,Envoy Air
3829,EWR,BOS,ExpressJet Airlines Inc.
1625,EWR,DEN,United Air Lines Inc.
703,JFK,SJU,JetBlue Airways
824,EWR,BNA,Southwest Airlines Co.
12,JFK,SYR,JetBlue Airways
1175,LGA,MIA,American Airlines Inc.
4640,EWR,DAY,ExpressJet Airlines Inc.
3305,LGA,RDU,Envoy Air
485,EWR,ATL,Delta Air Lines Inc.
627,EWR,PHX,US Airways Inc.
3281,LGA,CMH,Envoy Air
292,LGA,BNA,Southwest Airlines Co.
1982,LGA,MIA,Delta Air Lines Inc.
3305,LGA,RDU,Envoy Air
329,LGA,ORD,American Airlines Inc.
4204,EWR,OKC,ExpressJet Airlines Inc.
163,JFK,SRQ,JetBlue Airways
4250,EWR,CMH,ExpressJet Airlines Inc.
509,EWR,FLL,JetBlue Airways
712,JFK,LAX,United Air Lines Inc.
4166,EWR,GSP,ExpressJet Airlines Inc.
4700,EWR,CLT,ExpressJet Airlines Inc.
5,EWR,FLL,JetBlue Airways
3388,LGA,CMH,Envoy Air
305,EWR,MCO,United Air Lines Inc.
2085,LGA,CLT,US Airways Inc.
397,JFK,SFO,United Air Lines Inc.
629,JFK,HOU,JetBlue Airways
3621,JFK,DCA,Envoy Air
6181,EWR,IAD,ExpressJet Airlines Inc.
292,EWR,LAX,United Air Lines Inc.
263,JFK,SEA,JetBlue Airways
1357,JFK,SJU,American Airlines Inc.
181,LGA,DTW,Delta Air Lines Inc.
1174,EWR,BOS,JetBlue Airways
1517,EWR,MIA,United Air Lines Inc.
4353,EWR,BUF,ExpressJet Airlines Inc.
731,LGA,DFW,American Airlines Inc.
3850,EWR,DCA,ExpressJet Airlines Inc.
2261,EWR,PHX,Southwest Airlines Co.
353,LGA,ORD,American Airlines Inc.
1467,LGA,MIA,American Airlines Inc.
305,LGA,ORD,American Airlines Inc.
570,EWR,MCO,United Air Lines Inc.
905,JFK,ORD,JetBlue Airways
141,JFK,SFO,Delta Air Lines Inc.
2280,JFK,FLL,Delta Air Lines Inc.
3611,EWR,ORD,Envoy Air
1815,LGA,CLT,US Airways Inc.
4626,EWR,MSP,ExpressJet Airlines Inc.
5747,LGA,IAD,ExpressJet Airlines Inc.
901,JFK,FLL,JetBlue Airways
2431,JFK,MIA,Delta Air Lines Inc.
4100,EWR,MEM,ExpressJet Airlines Inc.
6054,EWR,IAD,ExpressJet Airlines Inc.
1403,LGA,DEN,United Air Lines Inc.
42,JFK,SYR,JetBlue Airways
967,EWR,ATL,Delta Air Lines Inc.
1456,LGA,IAH,United Air Lines Inc.
709,EWR,BOS,United Air Lines Inc.
3833,EWR,CLT,ExpressJet Airlines Inc.
791,LGA,DFW,American Airlines Inc.
539,JFK,DEN,Delta Air Lines Inc.
347,JFK,SJU,Delta Air Lines Inc.
560,JFK,SFO,United Air Lines Inc.
509,LGA,DEN,United Air Lines Inc.
4940,LGA,CHS,ExpressJet Airlines Inc.
1733,LGA,CLT,US Airways Inc.
178,JFK,BOS,American Airlines Inc.
1671,EWR,FLL,United Air Lines Inc.
4393,EWR,IND,ExpressJet Airlines Inc.
4065,LGA,SDF,Endeavor Air Inc.
329,LGA,ORD,American Airlines Inc.
1657,JFK,CLT,US Airways Inc.
3553,LGA,XNA,Envoy Air
4431,LGA,RDU,Envoy Air
15,JFK,FLL,JetBlue Airways
857,JFK,SAN,Delta Air Lines Inc.
711,JFK,LAS,JetBlue Airways
646,LGA,IAH,United Air Lines Inc.
863,JFK,LAX,Delta Air Lines Inc.
1529,JFK,LAS,Delta Air Lines Inc.
4406,JFK,RDU,Envoy Air
3511,LGA,MKE,Southwest Airlines Co.
257,JFK,LAS,American Airlines Inc.
746,EWR,MCO,United Air Lines Inc.
3493,LGA,CLE,Envoy Air
2169,LGA,DCA,US Airways Inc.
371,LGA,FLL,JetBlue Airways
703,JFK,SJU,JetBlue Airways
629,JFK,HOU,JetBlue Airways
120,JFK,LAX,Delta Air Lines Inc.
1517,LGA,BNA,Southwest Airlines Co.
2143,JFK,MIA,Delta Air Lines Inc.
781,LGA,ATL,Delta Air Lines Inc.
12,JFK,SYR,JetBlue Airways
19,LGA,DEN,United Air Lines Inc.
3289,JFK,BOS,Endeavor Air Inc.
3835,EWR,BNA,ExpressJet Airlines Inc.
623,LGA,ATL,AirTran Airways Corporation
1600,EWR,LAX,United Air Lines Inc.
1461,JFK,LAX,Delta Air Lines Inc.
6054,EWR,IAD,ExpressJet Airlines Inc.
305,LGA,ORD,American Airlines Inc.
3461,LGA,BNA,Envoy Air
1636,EWR,MCO,United Air Lines Inc.
387,EWR,LAX,United Air Lines Inc.
4181,EWR,MCI,ExpressJet Airlines Inc.
3546,LGA,MSP,Envoy Air
3422,JFK,BOS,Endeavor Air Inc.
2285,JFK,MCO,American Airlines Inc.
4293,EWR,BUF,ExpressJet Airlines Inc.
1627,EWR,PBI,United Air Lines Inc.
981,JFK,FLL,JetBlue Airways
4596,EWR,STL,ExpressJet Airlines Inc.
1430,EWR,IAH,United Air Lines Inc.
1947,LGA,ATL,Delta Air Lines Inc.
739,JFK,PSE,JetBlue Airways
1769,JFK,MIA,American Airlines Inc.
1172,EWR,BOS,JetBlue Airways
4421,EWR,ORF,ExpressJet Airlines Inc.
4935,LGA,SBN,ExpressJet Airlines Inc.
2247,LGA,ATL,Delta Air Lines Inc.
5846,EWR,RIC,ExpressJet Airlines Inc.
269,JFK,MIA,Delta Air Lines Inc.
87,JFK,SLC,JetBlue Airways
4403,JFK,RDU,Envoy Air
4558,LGA,CLE,Envoy Air
3530,LGA,DTW,Envoy Air
1277,LGA,CLT,US Airways Inc.
1167,JFK,TPA,Delta Air Lines Inc.
64,EWR,RSW,United Air Lines Inc.
1801,JFK,FLL,JetBlue Airways
209,JFK,LGB,JetBlue Airways
3792,JFK,DCA,Envoy Air
983,LGA,TPA,JetBlue Airways
3327,JFK,RDU,Endeavor Air Inc.
2140,LGA,BOS,US Airways Inc.
2960,JFK,CLE,Endeavor Air Inc.
927,EWR,MCO,JetBlue Airways
1415,JFK,SLC,Delta Air Lines Inc.
281,JFK,HOU,JetBlue Airways
2815,JFK,CLE,Envoy Air
1633,EWR,MIA,United Air Lines Inc.
926,EWR,ATL,Delta Air Lines Inc.
375,LGA,FLL,JetBlue Airways
2942,JFK,PHL,Endeavor Air Inc.
1485,LGA,MCO,Delta Air Lines Inc.
2925,JFK,MSY,Endeavor Air Inc.
2793,JFK,CMH,Envoy Air
575,JFK,MSY,JetBlue Airways
201,JFK,FLL,JetBlue Airways
738,EWR,SEA,United Air Lines Inc.
2139,LGA,MIA,Delta Air Lines Inc.
1529,JFK,LAS,Delta Air Lines Inc.
3478,LGA,DTW,Envoy Air
281,JFK,HOU,JetBlue Airways
3833,EWR,CLT,ExpressJet Airlines Inc.
4971,LGA,CHS,ExpressJet Airlines Inc.
1743,JFK,ATL,Delta Air Lines Inc.
1602,LGA,IAH,United Air Lines Inc.
1443,JFK,SEA,Delta Air Lines Inc.
4412,EWR,MSP,ExpressJet Airlines Inc.
1889,JFK,SEA,Delta Air Lines Inc.
1216,EWR,SJU,United Air Lines Inc.
1043,EWR,PHX,United Air Lines Inc.
286,JFK,ROC,JetBlue Airways
15,JFK,FLL,JetBlue Airways
814,EWR,BOS,United Air Lines Inc.
1107,LGA,DFW,American Airlines Inc.
573,LGA,MDW,Southwest Airlines Co.
3391,LGA,CMH,Envoy Air
636,LGA,IAH,United Air Lines Inc.
216,EWR,MDW,Southwest Airlines Co.
1175,LGA,MIA,American Airlines Inc.
3525,JFK,ORD,Endeavor Air Inc.
4537,EWR,MEM,ExpressJet Airlines Inc.
3340,LGA,DTW,Envoy Air
1444,EWR,ORD,United Air Lines Inc.
163,JFK,SRQ,JetBlue Airways
583,JFK,MCO,JetBlue Airways
8,JFK,PWM,JetBlue Airways
425,JFK,TPA,JetBlue Airways
27,JFK,SFO,Virgin America
720,EWR,CLT,US Airways Inc.
1995,LGA,CLT,US Airways Inc.
985,LGA,TPA,JetBlue Airways
5068,EWR,DTW,ExpressJet Airlines Inc.
472,JFK,LAX,Delta Air Lines Inc.
2002,JFK,BUF,JetBlue Airways
67,EWR,ORD,United Air Lines Inc.
1078,EWR,SAT,United Air Lines Inc.
3621,JFK,DCA,Envoy Air
914,LGA,DEN,Delta Air Lines Inc.
3765,EWR,ORD,Envoy Air
4628,EWR,STL,ExpressJet Airlines Inc.
3881,EWR,CVG,Endeavor Air Inc.
1901,JFK,IAH,American Airlines Inc.
2602,JFK,BUF,JetBlue Airways
353,LGA,CAK,AirTran Airways Corporation
1013,JFK,LGB,JetBlue Airways
1147,LGA,ATL,Delta Air Lines Inc.
1164,EWR,FLL,United Air Lines Inc.
208,JFK,PWM,JetBlue Airways
4131,EWR,RIC,ExpressJet Airlines Inc.
461,LGA,ATL,Delta Air Lines Inc.
841,JFK,LAX,United Air Lines Inc.
4905,LGA,SYR,ExpressJet Airlines Inc.
2120,LGA,BOS,US Airways Inc.
4092,EWR,DAY,ExpressJet Airlines Inc.
1205,JFK,PDX,JetBlue Airways
3826,EWR,ATL,ExpressJet Airlines Inc.
4224,EWR,MKE,ExpressJet Airlines Inc.
580,EWR,HOU,Southwest Airlines Co.
5714,JFK,IAD,ExpressJet Airlines Inc.
509,EWR,FLL,JetBlue Airways
1854,LGA,FLL,Delta Air Lines Inc.
905,JFK,ORD,JetBlue Airways
3823,JFK,DCA,Envoy Air
15,JFK,FLL,JetBlue Airways
5769,LGA,IAD,ExpressJet Airlines Inc.
2267,LGA,MIA,American Airlines Inc.
1618,EWR,TPA,United Air Lines Inc.
3272,LGA,CLE,Envoy Air
1816,JFK,SYR,JetBlue Airways
343,LGA,ORD,American Airlines Inc.
1609,EWR,DEN,United Air Lines Inc.
3588,LGA,MSP,Envoy Air
564,LGA,DEN,Southwest Airlines Co.
237,EWR,IAH,United Air Lines Inc.
5856,EWR,DAY,ExpressJet Airlines Inc.
996,EWR,SFO,United Air Lines Inc.
3824,EWR,IAD,ExpressJet Airlines Inc.
645,JFK,SFO,JetBlue Airways
17,JFK,LAX,Delta Air Lines Inc.
1131,LGA,DTW,Delta Air Lines Inc.
171,JFK,SMF,JetBlue Airways
2900,JFK,BNA,Endeavor Air Inc.
5029,EWR,MSP,ExpressJet Airlines Inc.
1403,JFK,SJU,JetBlue Airways
441,EWR,MDW,Southwest Airlines Co.
3791,LGA,IAD,Mesa Airlines Inc.
3616,EWR,HOU,Southwest Airlines Co.
1203,JFK,SJU,JetBlue Airways
2940,JFK,BWI,Endeavor Air Inc.
695,LGA,ORD,United Air Lines Inc.
2347,LGA,ATL,Delta Air Lines Inc.
4219,EWR,SYR,ExpressJet Airlines Inc.
3885,JFK,BWI,Endeavor Air Inc.
509,EWR,FLL,JetBlue Airways
1185,EWR,SLC,Delta Air Lines Inc.
3640,JFK,PIT,Endeavor Air Inc.
53,JFK,PBI,JetBlue Airways
1626,EWR,SAN,United Air Lines Inc.
4201,EWR,MEM,ExpressJet Airlines Inc.
1668,EWR,SFO,United Air Lines Inc.
4997,EWR,DTW,ExpressJet Airlines Inc.
27,JFK,ATL,Delta Air Lines Inc.
586,EWR,TPA,United Air Lines Inc.
4247,EWR,DTW,ExpressJet Airlines Inc.
1053,EWR,CLE,United Air Lines Inc.
51,JFK,HNL,Hawaiian Airlines Inc.
1625,EWR,DEN,United Air Lines Inc.
165,EWR,LAX,Virgin America
1855,LGA,STL,American Airlines Inc.
952,EWR,RSW,United Air Lines Inc.
165,EWR,LAX,Virgin America
1439,EWR,LAX,United Air Lines Inc.
763,LGA,DFW,American Airlines Inc.
3353,JFK,DTW,Endeavor Air Inc.
143,JFK,PBI,JetBlue Airways
1831,JFK,CLT,US Airways Inc.
4641,EWR,MKE,ExpressJet Airlines Inc.
523,EWR,MCO,JetBlue Airways
4238,EWR,CVG,ExpressJet Airlines Inc.
4403,JFK,RDU,Envoy Air
1401,JFK,FLL,JetBlue Airways
5769,LGA,IAD,ExpressJet Airlines Inc.
21,EWR,SEA,Alaska Airlines Inc.
2370,LGA,PBI,Delta Air Lines Inc.
1747,LGA,ATL,Delta Air Lines Inc.
421,EWR,MDW,Southwest Airlines Co.
1507,EWR,DFW,American Airlines Inc.
119,EWR,LAX,American Airlines Inc.
432,JFK,SLC,Delta Air Lines Inc.
1299,EWR,RSW,United Air Lines Inc.
145,EWR,STL,Southwest Airlines Co.
2071,LGA,CLT,US Airways Inc.
389,LGA,MDW,Southwest Airlines Co.
450,JFK,PHX,US Airways Inc.
389,JFK,SFO,United Air Lines Inc.
272,JFK,SFO,United Air Lines Inc.
4097,JFK,BWI,Endeavor Air Inc.
1576,EWR,IAH,United Air Lines Inc.
1176,EWR,BOS,JetBlue Airways
291,JFK,AUS,American Airlines Inc.
4194,EWR,ALB,ExpressJet Airlines Inc.
3885,JFK,BWI,Endeavor Air Inc.
1071,EWR,BQN,United Air Lines Inc.
1415,JFK,SLC,Delta Air Lines Inc.
1622,EWR,DEN,United Air Lines Inc.
3359,JFK,RDU,Envoy Air
4471,EWR,CLT,ExpressJet Airlines Inc.
2918,JFK,IND,Endeavor Air Inc.
963,JFK,LAX,Delta Air Lines Inc.
1580,EWR,BOS,United Air Lines Inc.
4406,JFK,RDU,Envoy Air
927,EWR,MCO,JetBlue Airways
1705,LGA,MSY,Delta Air Lines Inc.
802,EWR,CLT,US Airways Inc.
707,LGA,DFW,American Airlines Inc.
4687,EWR,CVG,ExpressJet Airlines Inc.
4411,EWR,MEM,ExpressJet Airlines Inc.
4625,EWR,CHS,ExpressJet Airlines Inc.
3433,JFK,PIT,Endeavor Air Inc.
1639,LGA,RSW,JetBlue Airways
3202,JFK,IND,Envoy Air
119,EWR,LAX,American Airlines Inc.
1394,JFK,PDX,Delta Air Lines Inc.
2183,LGA,DCA,US Airways Inc.
1700,EWR,SFO,United Air Lines Inc.
3305,LGA,RDU,Envoy Air
4412,EWR,BUF,ExpressJet Airlines Inc.
3,JFK,LAX,American Airlines Inc.
5948,EWR,ALB,ExpressJet Airlines Inc.
4502,EWR,BNA,ExpressJet Airlines Inc.
3128,LGA,MKE,Southwest Airlines Co.
4131,EWR,RIC,ExpressJet Airlines Inc.
1959,JFK,MCO,Delta Air Lines Inc.
1672,EWR,IAH,United Air Lines Inc.
3737,EWR,ORD,Envoy Air
155,JFK,MCO,JetBlue Airways
341,JFK,SRQ,JetBlue Airways
839,JFK,BQN,JetBlue Airways
2075,EWR,DFW,American Airlines Inc.
3256,EWR,CHS,ExpressJet Airlines Inc.
89,JFK,SAN,JetBlue Airways
4323,JFK,ORF,Envoy Air
4949,LGA,GSO,ExpressJet Airlines Inc.
1244,EWR,SJU,United Air Lines Inc.
1708,LGA,DEN,United Air Lines Inc.
346,EWR,LAX,United Air Lines Inc.
2680,EWR,BOS,JetBlue Airways
5455,LGA,SYR,ExpressJet Airlines Inc.
4274,LGA,MKE,Endeavor Air Inc.
4323,EWR,CVG,ExpressJet Airlines Inc.
2181,LGA,DCA,US Airways Inc.
1715,LGA,MSY,Delta Air Lines Inc.
461,LGA,ATL,Delta Air Lines Inc.
1159,LGA,CAK,AirTran Airways Corporation
939,JFK,BQN,JetBlue Airways
499,LGA,MCO,JetBlue Airways
29,JFK,SFO,Virgin America
203,JFK,LAS,JetBlue Airways
1271,LGA,FLL,JetBlue Airways
1625,EWR,DEN,United Air Lines Inc.
1593,EWR,PDX,United Air Lines Inc.
1485,LGA,MCO,Delta Air Lines Inc.
2083,EWR,DFW,American Airlines Inc.
1289,EWR,SJU,JetBlue Airways
6115,LGA,CLE,ExpressJet Airlines Inc.
5837,EWR,RIC,ExpressJet Airlines Inc.
515,LGA,MIA,Delta Air Lines Inc.
4276,EWR,BDL,ExpressJet Airlines Inc.
1581,EWR,SEA,United Air Lines Inc.
1982,LGA,MIA,Delta Air Lines Inc.
4106,EWR,BNA,ExpressJet Airlines Inc.
1850,JFK,BOS,American Airlines Inc.
1271,JFK,FLL,Delta Air Lines Inc.
4122,EWR,SDF,ExpressJet Airlines Inc.
3744,EWR,ORD,Envoy Air
779,LGA,MIA,American Airlines Inc.
3266,EWR,RDU,ExpressJet Airlines Inc.
1167,JFK,TPA,Delta Air Lines Inc.
1677,JFK,JAX,JetBlue Airways
3910,JFK,RIC,Endeavor Air Inc.
1629,JFK,LAS,Delta Air Lines Inc.
275,LGA,ATL,AirTran Airways Corporation
2391,JFK,TPA,Delta Air Lines Inc.
2702,JFK,BUF,JetBlue Airways
795,JFK,AUS,JetBlue Airways
371,LGA,FLL,JetBlue Airways
806,LGA,IAH,United Air Lines Inc.
5207,LGA,CLT,ExpressJet Airlines Inc.
2181,LGA,MCO,Delta Air Lines Inc.
711,JFK,LAS,JetBlue Airways
3525,JFK,ORD,Endeavor Air Inc.
1141,JFK,MIA,American Airlines Inc.
561,LGA,DEN,United Air Lines Inc.
2142,LGA,BOS,US Airways Inc.
2162,JFK,PHX,Delta Air Lines Inc.
525,EWR,MCO,JetBlue Airways
535,JFK,LAX,United Air Lines Inc.
725,JFK,BQN,JetBlue Airways
883,JFK,MCO,JetBlue Airways
311,EWR,DEN,United Air Lines Inc.
3472,JFK,DTW,Endeavor Air Inc.
1115,EWR,TPA,United Air Lines Inc.
5486,LGA,PIT,ExpressJet Airlines Inc.
179,JFK,SFO,American Airlines Inc.
529,EWR,MCO,JetBlue Airways
891,EWR,HOU,Southwest Airlines Co.
2169,LGA,DCA,US Airways Inc.
5797,EWR,RIC,ExpressJet Airlines Inc.
1292,EWR,FLL,United Air Lines Inc.
3793,JFK,CLT,Endeavor Air Inc.
3852,EWR,CMH,ExpressJet Airlines Inc.
5109,LGA,CHS,ExpressJet Airlines Inc.
2928,JFK,ORD,Endeavor Air Inc.
181,LGA,DTW,Delta Air Lines Inc.
4434,EWR,CLT,ExpressJet Airlines Inc.
5020,LGA,MEM,ExpressJet Airlines Inc.
153,JFK,MCO,JetBlue Airways
3052,JFK,TPA,Envoy Air
4181,EWR,MCI,ExpressJet Airlines Inc.
1018,JFK,BOS,JetBlue Airways
4672,EWR,STL,ExpressJet Airlines Inc.
488,EWR,IAH,United Air Lines Inc.
281,JFK,HOU,JetBlue Airways
655,JFK,STT,American Airlines Inc.
5069,LGA,RDU,ExpressJet Airlines Inc.
5132,LGA,SYR,ExpressJet Airlines Inc.
4628,EWR,STL,ExpressJet Airlines Inc.
807,EWR,ATL,Delta Air Lines Inc.
30,JFK,ROC,JetBlue Airways
3810,EWR,BUF,ExpressJet Airlines Inc.
4381,EWR,DTW,ExpressJet Airlines Inc.
527,EWR,MCO,JetBlue Airways
2488,EWR,DFW,American Airlines Inc.
5592,LGA,MEM,ExpressJet Airlines Inc.
3825,EWR,CMH,ExpressJet Airlines Inc.
3256,EWR,CLE,ExpressJet Airlines Inc.
1433,LGA,CLT,US Airways Inc.
4662,LGA,ATL,Envoy Air
512,JFK,SFO,United Air Lines Inc.
1424,EWR,PBI,United Air Lines Inc.
1593,EWR,PDX,United Air Lines Inc.
3823,JFK,DCA,Envoy Air
1131,LGA,DTW,Delta Air Lines Inc.
67,JFK,SAN,American Airlines Inc.
34,JFK,BTV,JetBlue Airways
517,EWR,MCO,JetBlue Airways
1176,EWR,BOS,JetBlue Airways
208,JFK,PWM,JetBlue Airways
3550,LGA,ATL,Envoy Air
4518,LGA,RDU,Envoy Air
1833,LGA,PHL,US Airways Inc.
583,JFK,MCO,JetBlue Airways
1816,JFK,SYR,JetBlue Airways
753,EWR,DFW,United Air Lines Inc.
4582,LGA,CLT,Envoy Air
87,JFK,LAX,Delta Air Lines Inc.
1511,EWR,RSW,JetBlue Airways
3825,EWR,GSP,ExpressJet Airlines Inc.
235,EWR,ORD,United Air Lines Inc.
1647,LGA,ATL,Delta Air Lines Inc.
4398,EWR,ORF,ExpressJet Airlines Inc.
1902,LGA,PBI,Delta Air Lines Inc.
3525,LGA,SYR,Endeavor Air Inc.
472,LGA,IAH,United Air Lines Inc.
3540,JFK,MSP,Endeavor Air Inc.
4172,JFK,CLE,Envoy Air
625,EWR,MDW,Southwest Airlines Co.
4440,EWR,BUF,ExpressJet Airlines Inc.
2602,JFK,BUF,JetBlue Airways
212,EWR,DEN,United Air Lines Inc.
1160,EWR,BOS,United Air Lines Inc.
2231,LGA,DTW,Delta Air Lines Inc.
1506,EWR,LAS,United Air Lines Inc.
1665,LGA,CLT,US Airways Inc.
1635,JFK,SJU,American Airlines Inc.
1883,JFK,MCO,JetBlue Airways
4323,EWR,RDU,ExpressJet Airlines Inc.
1191,JFK,ACK,JetBlue Airways
118,JFK,BOS,JetBlue Airways
1635,JFK,SJU,American Airlines Inc.
425,JFK,CLT,US Airways Inc.
1460,LGA,ORD,United Air Lines Inc.
1228,EWR,LAX,United Air Lines Inc.
2122,LGA,BOS,US Airways Inc.
7,EWR,SEA,Alaska Airlines Inc.
197,JFK,LAS,JetBlue Airways
671,JFK,LAX,JetBlue Airways
1176,EWR,BOS,JetBlue Airways
1431,LGA,ORD,United Air Lines Inc.
2132,LGA,BOS,US Airways Inc.
573,EWR,TPA,JetBlue Airways
2057,EWR,DTW,Delta Air Lines Inc.
2243,JFK,MIA,American Airlines Inc.
4323,JFK,ORF,Envoy Air
4113,EWR,IND,ExpressJet Airlines Inc.
1509,EWR,CLT,US Airways Inc.
5675,EWR,ALB,ExpressJet Airlines Inc.
1813,JFK,MCO,American Airlines Inc.
4108,EWR,PWM,ExpressJet Airlines Inc.
835,LGA,DEN,Frontier Airlines Inc.
161,EWR,LAX,Virgin America
3830,JFK,CHS,Endeavor Air Inc.
249,EWR,FLL,United Air Lines Inc.
781,LGA,ATL,Delta Air Lines Inc.
324,EWR,MCO,United Air Lines Inc.
199,JFK,ORD,American Airlines Inc.
2243,JFK,MIA,American Airlines Inc.
4424,EWR,RDU,ExpressJet Airlines Inc.
4092,EWR,DAY,ExpressJet Airlines Inc.
5711,JFK,IAD,ExpressJet Airlines Inc.
34,JFK,BTV,JetBlue Airways
299,LGA,MCO,JetBlue Airways
779,LGA,MIA,American Airlines Inc.
3525,LGA,RDU,Envoy Air
181,JFK,LAX,American Airlines Inc.
1244,EWR,SJU,United Air Lines Inc.
1959,JFK,MCO,Delta Air Lines Inc.
3822,EWR,TYS,ExpressJet Airlines Inc.
316,JFK,SYR,JetBlue Airways
4381,EWR,DTW,ExpressJet Airlines Inc.
4898,EWR,ATL,ExpressJet Airlines Inc.
1429,JFK,LAS,Delta Air Lines Inc.
343,EWR,PBI,JetBlue Airways
4509,EWR,PWM,ExpressJet Airlines Inc.
6177,EWR,IAD,ExpressJet Airlines Inc.
61,LGA,ATL,Delta Air Lines Inc.
837,LGA,DEN,Frontier Airlines Inc.
4326,EWR,CLT,ExpressJet Airlines Inc.
527,EWR,MCO,JetBlue Airways
1178,EWR,IAH,United Air Lines Inc.
2062,LGA,CLT,US Airways Inc.
4195,EWR,BNA,ExpressJet Airlines Inc.
2370,LGA,PBI,Delta Air Lines Inc.
2126,LGA,BOS,US Airways Inc.
5148,LGA,CVG,ExpressJet Airlines Inc.
394,EWR,ATL,Delta Air Lines Inc.
215,EWR,SJU,JetBlue Airways
2187,LGA,DCA,US Airways Inc.
4361,EWR,TYS,ExpressJet Airlines Inc.
4626,LGA,CMH,Envoy Air
4187,EWR,BNA,ExpressJet Airlines Inc.
2180,EWR,BOS,JetBlue Airways
2906,JFK,BUF,Endeavor Air Inc.
696,LGA,IAH,United Air Lines Inc.
4567,EWR,MCI,ExpressJet Airlines Inc.
1747,LGA,ATL,Delta Air Lines Inc.
3851,EWR,CMH,ExpressJet Airlines Inc.
2180,EWR,BOS,JetBlue Airways
475,EWR,IAH,United Air Lines Inc.
3134,EWR,ORD,Envoy Air
926,EWR,ATL,Delta Air Lines Inc.
1265,EWR,STL,Southwest Airlines Co.
5716,JFK,IAD,ExpressJet Airlines Inc.
201,EWR,BNA,Southwest Airlines Co.
1947,LGA,ATL,Delta Air Lines Inc.
309,LGA,ORD,American Airlines Inc.
2169,LGA,DCA,US Airways Inc.
583,JFK,MCO,JetBlue Airways
561,LGA,PBI,JetBlue Airways
4655,LGA,BNA,Envoy Air
1480,EWR,SFO,United Air Lines Inc.
3730,EWR,ORD,Envoy Air
3267,EWR,BTV,ExpressJet Airlines Inc.
4312,EWR,DCA,ExpressJet Airlines Inc.
1783,JFK,MCO,JetBlue Airways
2279,LGA,MIA,American Airlines Inc.
4381,EWR,DTW,ExpressJet Airlines Inc.
413,JFK,LAX,Virgin America
1919,LGA,MSP,Delta Air Lines Inc.
2043,JFK,ATL,Delta Air Lines Inc.
395,EWR,FLL,United Air Lines Inc.
4582,LGA,CLT,Envoy Air
2154,LGA,BOS,US Airways Inc.
3932,EWR,CVG,Endeavor Air Inc.
397,JFK,SFO,United Air Lines Inc.
4695,EWR,MHT,ExpressJet Airlines Inc.
228,EWR,LAS,United Air Lines Inc.
3258,EWR,CLT,ExpressJet Airlines Inc.
843,JFK,ATL,Delta Air Lines Inc.
51,JFK,HNL,Hawaiian Airlines Inc.
689,LGA,ORD,United Air Lines Inc.
425,JFK,CLT,US Airways Inc.
5796,EWR,CLT,ExpressJet Airlines Inc.
29,JFK,SFO,Virgin America
743,LGA,DFW,American Airlines Inc.
1717,LGA,TPA,JetBlue Airways
3291,EWR,DTW,Endeavor Air Inc.
914,LGA,DEN,Delta Air Lines Inc.
1935,LGA,TPA,Delta Air Lines Inc.
4573,LGA,DTW,Envoy Air
102,JFK,BUF,JetBlue Airways
4296,EWR,MSY,ExpressJet Airlines Inc.
2134,LGA,BOS,US Airways Inc.
183,EWR,SFO,Virgin America
4495,EWR,SAV,ExpressJet Airlines Inc.
65,JFK,DFW,American Airlines Inc.
5,EWR,FLL,JetBlue Airways
4087,LGA,IAD,Endeavor Air Inc.
4204,EWR,OKC,ExpressJet Airlines Inc.
1935,LGA,TPA,Delta Air Lines Inc.
1130,EWR,DFW,United Air Lines Inc.
133,JFK,LAX,American Airlines Inc.
403,JFK,SJU,JetBlue Airways
4368,EWR,BDL,ExpressJet Airlines Inc.
1,JFK,FLL,JetBlue Airways
615,JFK,JAX,JetBlue Airways
1550,EWR,LAS,United Air Lines Inc.
881,JFK,DFW,American Airlines Inc.
41,JFK,MCO,JetBlue Airways
3844,EWR,BUF,ExpressJet Airlines Inc.
1083,JFK,MCO,JetBlue Airways
4684,EWR,SDF,ExpressJet Airlines Inc.
2602,JFK,BUF,JetBlue Airways
1641,EWR,MCO,United Air Lines Inc.
707,EWR,PHX,Southwest Airlines Co.
4667,EWR,MSP,ExpressJet Airlines Inc.
1338,JFK,MVY,JetBlue Airways
2391,JFK,TPA,Delta Air Lines Inc.
1677,JFK,JAX,JetBlue Airways
1727,EWR,ORD,United Air Lines Inc.
4127,JFK,IAD,Endeavor Air Inc.
4948,LGA,PWM,ExpressJet Airlines Inc.
4582,LGA,CLT,Envoy Air
5736,LGA,IAD,ExpressJet Airlines Inc.
181,JFK,SAN,JetBlue Airways
801,JFK,FLL,JetBlue Airways
346,JFK,SFO,United Air Lines Inc.
2815,JFK,CLE,Envoy Air
1779,LGA,FLL,Delta Air Lines Inc.
525,JFK,TPA,JetBlue Airways
1259,LGA,IAH,United Air Lines Inc.
1130,EWR,LAX,United Air Lines Inc.
568,EWR,BOS,United Air Lines Inc.
499,LGA,MCO,JetBlue Airways
161,EWR,LAX,Virgin America
305,LGA,ORD,American Airlines Inc.
2226,LGA,MDW,Southwest Airlines Co.
1627,EWR,PBI,United Air Lines Inc.
3465,JFK,BOS,Endeavor Air Inc.
4051,JFK,BWI,Endeavor Air Inc.
453,EWR,LAX,United Air Lines Inc.
1491,LGA,CLT,US Airways Inc.
2057,EWR,DTW,Delta Air Lines Inc.
4085,EWR,CVG,ExpressJet Airlines Inc.
235,JFK,SEA,American Airlines Inc.
1815,JFK,MCO,American Airlines Inc.
1733,LGA,CLT,US Airways Inc.
731,LGA,DFW,American Airlines Inc.
1532,EWR,SFO,United Air Lines Inc.
1231,LGA,DTW,Delta Air Lines Inc.
1103,JFK,SJU,JetBlue Airways
177,JFK,SFO,American Airlines Inc.
2219,LGA,MSP,Delta Air Lines Inc.
3783,JFK,CMH,Envoy Air
3483,JFK,BOS,Endeavor Air Inc.
2054,LGA,CLT,US Airways Inc.
4411,EWR,MEM,ExpressJet Airlines Inc.
1516,JFK,SYR,JetBlue Airways
926,EWR,ATL,Delta Air Lines Inc.
1454,EWR,MSY,Southwest Airlines Co.
4202,EWR,STL,ExpressJet Airlines Inc.
1010,LGA,DEN,United Air Lines Inc.
2171,LGA,DCA,US Airways Inc.
371,LGA,FLL,JetBlue Airways
59,JFK,SFO,American Airlines Inc.
803,JFK,SJU,JetBlue Airways
905,JFK,ORD,JetBlue Airways
35,JFK,PBI,JetBlue Airways
5199,LGA,CHS,ExpressJet Airlines Inc.
1819,LGA,MSP,Delta Air Lines Inc.
185,JFK,SAN,JetBlue Airways
4417,EWR,ORF,ExpressJet Airlines Inc.
2247,LGA,ATL,Delta Air Lines Inc.
1483,EWR,AUS,United Air Lines Inc.
1139,EWR,DEN,United Air Lines Inc.
3542,JFK,MSP,Endeavor Air Inc.
525,JFK,TPA,JetBlue Airways
655,JFK,STT,American Airlines Inc.
3823,EWR,CLT,ExpressJet Airlines Inc.
409,EWR,CLT,US Airways Inc.
408,JFK,PWM,JetBlue Airways
540,EWR,RSW,United Air Lines Inc.
271,LGA,FLL,JetBlue Airways
4940,LGA,CHS,ExpressJet Airlines Inc.
2047,LGA,ATL,Delta Air Lines Inc.
17,JFK,PHX,US Airways Inc.
4368,EWR,DAY,ExpressJet Airlines Inc.
1619,LGA,MSP,Delta Air Lines Inc.
5806,EWR,OMA,ExpressJet Airlines Inc.
5211,LGA,SAV,ExpressJet Airlines Inc.
4240,EWR,BUF,ExpressJet Airlines Inc.
915,JFK,ORD,JetBlue Airways
4027,EWR,CVG,Endeavor Air Inc.
3829,EWR,STL,ExpressJet Airlines Inc.
4417,EWR,OMA,ExpressJet Airlines Inc.
914,LGA,DEN,Delta Air Lines Inc.
373,JFK,CLT,US Airways Inc.
1178,EWR,IAH,United Air Lines Inc.
1030,EWR,ORD,United Air Lines Inc.
4127,JFK,IAD,Endeavor Air Inc.
1029,JFK,SJU,American Airlines Inc.
3,JFK,LAX,American Airlines Inc.
4191,EWR,BNA,ExpressJet Airlines Inc.
4326,EWR,CLT,ExpressJet Airlines Inc.
1643,JFK,SEA,Delta Air Lines Inc.
271,LGA,FLL,JetBlue Airways
323,JFK,LAX,JetBlue Airways
5,EWR,FLL,JetBlue Airways
1668,EWR,SJU,United Air Lines Inc.
647,JFK,MIA,American Airlines Inc.
2197,LGA,DCA,US Airways Inc.
4484,LGA,BNA,Envoy Air
385,EWR,IAH,United Air Lines Inc.
2223,LGA,STL,American Airlines Inc.
305,EWR,FLL,United Air Lines Inc.
1247,LGA,ATL,Delta Air Lines Inc.
4149,EWR,RDU,ExpressJet Airlines Inc.
369,LGA,PBI,JetBlue Airways
1131,LGA,DTW,Delta Air Lines Inc.
275,LGA,ATL,AirTran Airways Corporation
1006,JFK,BOS,JetBlue Airways
731,LGA,DTW,Delta Air Lines Inc.
23,JFK,LAX,JetBlue Airways
1120,EWR,SFO,United Air Lines Inc.
1456,LGA,IAH,United Air Lines Inc.
4398,EWR,ORF,ExpressJet Airlines Inc.
407,JFK,LAX,Virgin America
2187,LGA,DCA,US Airways Inc.
721,LGA,CAK,AirTran Airways Corporation
3407,LGA,CMH,Envoy Air
4552,EWR,GSO,ExpressJet Airlines Inc.
1429,JFK,LAS,Delta Air Lines Inc.
1586,LGA,ORD,United Air Lines Inc.
3591,LGA,RDU,Envoy Air
1105,JFK,ORD,JetBlue Airways
4510,EWR,MKE,ExpressJet Airlines Inc.
301,JFK,FLL,JetBlue Airways
3419,LGA,ATL,Envoy Air
4229,EWR,BUF,ExpressJet Airlines Inc.
21,JFK,TPA,JetBlue Airways
199,JFK,LAS,JetBlue Airways
4328,EWR,MSY,ExpressJet Airlines Inc.
675,JFK,MSY,JetBlue Airways
5475,LGA,CLT,ExpressJet Airlines Inc.
2215,LGA,FLL,Delta Air Lines Inc.
1,JFK,LAX,American Airlines Inc.
2075,EWR,DFW,American Airlines Inc.
642,JFK,SFO,United Air Lines Inc.
4115,JFK,IAD,Endeavor Air Inc.
4144,EWR,PIT,ExpressJet Airlines Inc.
105,JFK,ORD,JetBlue Airways
415,JFK,LAX,Virgin America
108,JFK,PWM,JetBlue Airways
399,JFK,LAX,Virgin America
677,EWR,FLL,United Air Lines Inc.
3572,LGA,CLE,Envoy Air
371,LGA,ORD,American Airlines Inc.
399,LGA,MCO,JetBlue Airways
443,JFK,MIA,American Airlines Inc.
153,JFK,PBI,JetBlue Airways
3611,EWR,ORD,Envoy Air
2179,LGA,DCA,US Airways Inc.
592,EWR,IAH,United Air Lines Inc.
3567,LGA,CLT,Envoy Air
863,JFK,LAX,Delta Air Lines Inc.
1583,EWR,SEA,United Air Lines Inc.
4691,EWR,DAY,ExpressJet Airlines Inc.
4294,EWR,SAV,ExpressJet Airlines Inc.
4537,EWR,MEM,ExpressJet Airlines Inc.
1131,LGA,DTW,Delta Air Lines Inc.
4691,EWR,DAY,ExpressJet Airlines Inc.
4689,EWR,IND,ExpressJet Airlines Inc.
835,LGA,DEN,Frontier Airlines Inc.
1415,JFK,SLC,Delta Air Lines Inc.
1585,LGA,MCO,Delta Air Lines Inc.
2180,EWR,BOS,JetBlue Airways
4421,EWR,ORF,ExpressJet Airlines Inc.
1705,LGA,MSY,Delta Air Lines Inc.
3199,LGA,CLT,Envoy Air
867,JFK,BOS,Delta Air Lines Inc.
1682,EWR,FLL,United Air Lines Inc.
3838,EWR,DCA,ExpressJet Airlines Inc.
1902,LGA,PBI,Delta Air Lines Inc.
35,JFK,PBI,JetBlue Airways
428,JFK,MIA,Delta Air Lines Inc.
1729,JFK,RSW,JetBlue Airways
427,LGA,IAH,United Air Lines Inc.
3335,JFK,BOS,Endeavor Air Inc.
1164,JFK,BOS,Delta Air Lines Inc.
3853,EWR,BNA,ExpressJet Airlines Inc.
725,JFK,BQN,JetBlue Airways
3383,JFK,PIT,Endeavor Air Inc.
3267,EWR,ORF,ExpressJet Airlines Inc.
303,JFK,SFO,United Air Lines Inc.
701,EWR,IAH,United Air Lines Inc.
573,LGA,MDW,Southwest Airlines Co.
4413,LGA,XNA,Envoy Air
95,JFK,ATL,Delta Air Lines Inc.
543,JFK,MIA,American Airlines Inc.
5038,LGA,BHM,ExpressJet Airlines Inc.
1545,EWR,IAH,United Air Lines Inc.
1117,LGA,TPA,JetBlue Airways
1167,JFK,TPA,Delta Air Lines Inc.
883,EWR,DFW,American Airlines Inc.
1048,LGA,ORD,United Air Lines Inc.
646,EWR,IAH,United Air Lines Inc.
1433,LGA,CLT,US Airways Inc.
1905,EWR,DFW,American Airlines Inc.
303,LGA,ORD,American Airlines Inc.
3422,JFK,BOS,Endeavor Air Inc.
1733,LGA,CLT,US Airways Inc.
735,EWR,MDW,Southwest Airlines Co.
85,JFK,SFO,American Airlines Inc.
2343,EWR,ATL,Delta Air Lines Inc.
1415,JFK,SLC,Delta Air Lines Inc.
1115,EWR,TPA,United Air Lines Inc.
647,JFK,SFO,JetBlue Airways
1773,JFK,LAS,Delta Air Lines Inc.
345,LGA,ORD,American Airlines Inc.
789,EWR,DEN,United Air Lines Inc.
1665,EWR,LAX,United Air Lines Inc.
681,LGA,ORD,United Air Lines Inc.
27,JFK,SFO,Virgin America
2347,LGA,ATL,Delta Air Lines Inc.
3443,JFK,MCI,Endeavor Air Inc.
1627,EWR,PBI,United Air Lines Inc.
4099,EWR,STL,ExpressJet Airlines Inc.
3669,LGA,ATL,Envoy Air
1599,EWR,ORD,United Air Lines Inc.
681,EWR,RSW,United Air Lines Inc.
1947,LGA,ATL,Delta Air Lines Inc.
87,JFK,SLC,JetBlue Airways
1453,EWR,CLT,US Airways Inc.
589,EWR,BWI,Southwest Airlines Co.
3461,LGA,BNA,Envoy Air
187,EWR,SFO,Virgin America
708,EWR,ORD,United Air Lines Inc.
393,LGA,MCO,JetBlue Airways
3644,LGA,ATL,Envoy Air
773,LGA,DFW,American Airlines Inc.
4125,EWR,GSO,ExpressJet Airlines Inc.
1695,EWR,IAH,United Air Lines Inc.
1176,EWR,BOS,United Air Lines Inc.
434,EWR,SNA,United Air Lines Inc.
4596,EWR,STL,ExpressJet Airlines Inc.
5268,LGA,CLT,ExpressJet Airlines Inc.
867,JFK,BOS,Delta Air Lines Inc.
59,JFK,SFO,American Airlines Inc.
713,JFK,SJU,JetBlue Airways
298,EWR,HOU,Southwest Airlines Co.
4424,EWR,RDU,ExpressJet Airlines Inc.
1157,EWR,MSP,Delta Air Lines Inc.
1663,EWR,SFO,United Air Lines Inc.
334,EWR,PHX,US Airways Inc.
3489,LGA,RSW,Endeavor Air Inc.
417,JFK,LAX,Delta Air Lines Inc.
1643,EWR,DEN,United Air Lines Inc.
643,EWR,ORD,United Air Lines Inc.
3572,LGA,CLE,Envoy Air
1394,JFK,PDX,Delta Air Lines Inc.
2131,LGA,DTW,Delta Air Lines Inc.
1593,EWR,MCO,United Air Lines Inc.
1854,LGA,FLL,Delta Air Lines Inc.
71,JFK,SLC,JetBlue Airways
1565,JFK,SFO,Delta Air Lines Inc.
4667,EWR,MSP,ExpressJet Airlines Inc.
935,EWR,ATL,Delta Air Lines Inc.
4357,JFK,ORF,Endeavor Air Inc.
348,LGA,ATL,AirTran Airways Corporation
1157,EWR,MSP,Delta Air Lines Inc.
3783,JFK,CMH,Envoy Air
251,JFK,LAS,Virgin America
3792,JFK,DCA,Envoy Air
35,EWR,DEN,Southwest Airlines Co.
4548,EWR,RDU,ExpressJet Airlines Inc.
635,LGA,ORD,United Air Lines Inc.
79,JFK,MCO,JetBlue Airways
195,JFK,LAS,JetBlue Airways
936,JFK,STT,American Airlines Inc.
1289,EWR,SJU,JetBlue Airways
3744,EWR,ORD,Envoy Air
731,LGA,DTW,Delta Air Lines Inc.
4195,EWR,BNA,ExpressJet Airlines Inc.
695,JFK,AUS,American Airlines Inc.
4419,EWR,XNA,ExpressJet Airlines Inc.
4240,EWR,BUF,ExpressJet Airlines Inc.
1054,EWR,LAX,United Air Lines Inc.
4646,LGA,MSP,Envoy Air
3658,LGA,ATL,Envoy Air
717,LGA,DFW,American Airlines Inc.
801,JFK,FLL,JetBlue Airways
4065,LGA,SDF,Endeavor Air Inc.
2163,LGA,DCA,US Airways Inc.
575,EWR,ATL,Delta Air Lines Inc.
394,EWR,SFO,United Air Lines Inc.
74,JFK,BTV,JetBlue Airways
341,LGA,ORD,American Airlines Inc.
1089,JFK,CLT,US Airways Inc.
343,LGA,DEN,United Air Lines Inc.
407,JFK,LAX,Virgin America
456,JFK,PHX,US Airways Inc.
1703,EWR,BOS,United Air Lines Inc.
4661,LGA,BNA,Envoy Air
837,LGA,DEN,Frontier Airlines Inc.
3351,LGA,DTW,Envoy Air
1178,EWR,IAH,United Air Lines Inc.
1103,JFK,RDU,JetBlue Airways
1429,JFK,LAS,Delta Air Lines Inc.
2039,LGA,CLT,US Airways Inc.
133,JFK,LAX,American Airlines Inc.
1838,JFK,BOS,American Airlines Inc.
4361,EWR,TYS,ExpressJet Airlines Inc.
4201,EWR,DAY,ExpressJet Airlines Inc.
2042,EWR,ATL,Delta Air Lines Inc.
1174,EWR,BOS,JetBlue Airways
5713,LGA,IAD,ExpressJet Airlines Inc.
4424,EWR,RDU,ExpressJet Airlines Inc.
3670,LGA,ATL,Envoy Air
727,JFK,BQN,JetBlue Airways
4543,EWR,DSM,ExpressJet Airlines Inc.
1182,EWR,LAS,United Air Lines Inc.
116,JFK,SYR,JetBlue Airways
2114,LGA,BOS,US Airways Inc.
299,EWR,DFW,United Air Lines Inc.
5038,LGA,BHM,ExpressJet Airlines Inc.
1635,JFK,SJU,American Airlines Inc.
19,JFK,LAX,American Airlines Inc.
115,LGA,MDW,Southwest Airlines Co.
1223,EWR,DFW,American Airlines Inc.
2047,LGA,ATL,Delta Air Lines Inc.
1122,EWR,PBI,United Air Lines Inc.
1170,LGA,STL,American Airlines Inc.
3588,LGA,MSP,Envoy Air
4632,EWR,OMA,ExpressJet Airlines Inc.
117,JFK,MSY,JetBlue Airways
5068,EWR,DTW,ExpressJet Airlines Inc.
3573,LGA,IND,Endeavor Air Inc.
2002,JFK,BUF,JetBlue Airways
4377,EWR,JAX,ExpressJet Airlines Inc.
642,JFK,SFO,United Air Lines Inc.
1641,EWR,MCO,United Air Lines Inc.
1223,EWR,DFW,American Airlines Inc.
4241,EWR,DCA,ExpressJet Airlines Inc.
605,EWR,FLL,JetBlue Airways
1200,EWR,SAN,United Air Lines Inc.
2693,LGA,CLT,Mesa Airlines Inc.
1485,LGA,MCO,Delta Air Lines Inc.
1115,EWR,TPA,United Air Lines Inc.
791,LGA,DFW,American Airlines Inc.
3542,JFK,MSP,Endeavor Air Inc.
2815,JFK,CLE,Envoy Air
10,JFK,BUF,JetBlue Airways
2156,LGA,BOS,US Airways Inc.
1265,EWR,STL,Southwest Airlines Co.
291,JFK,AUS,American Airlines Inc.
645,JFK,SFO,JetBlue Airways
523,JFK,LAX,JetBlue Airways
2173,LGA,DCA,US Airways Inc.
4162,EWR,JAX,ExpressJet Airlines Inc.
1351,JFK,ORD,American Airlines Inc.
1473,LGA,MEM,Delta Air Lines Inc.
4445,EWR,IND,ExpressJet Airlines Inc.
1136,EWR,BOS,United Air Lines Inc.
1051,JFK,PIT,JetBlue Airways
3588,EWR,DEN,Southwest Airlines Co.
2161,LGA,DCA,US Airways Inc.
2279,LGA,MIA,American Airlines Inc.
4536,EWR,CVG,ExpressJet Airlines Inc.
2488,JFK,ATL,Delta Air Lines Inc.
2128,LGA,BOS,US Airways Inc.
2247,LGA,ATL,Delta Air Lines Inc.
3492,JFK,DCA,Endeavor Air Inc.
2083,EWR,DFW,American Airlines Inc.
268,EWR,IAH,United Air Lines Inc.
2280,JFK,FLL,Delta Air Lines Inc.
1925,LGA,MIA,American Airlines Inc.
3833,EWR,CLT,ExpressJet Airlines Inc.
1895,EWR,MIA,American Airlines Inc.
5346,LGA,ROC,ExpressJet Airlines Inc.
689,LGA,ORD,United Air Lines Inc.
5904,EWR,CMH,ExpressJet Airlines Inc.
623,JFK,LAX,JetBlue Airways
2471,EWR,SLC,Delta Air Lines Inc.
4120,JFK,CLE,Endeavor Air Inc.
15,EWR,SEA,Alaska Airlines Inc.
2917,JFK,DTW,Endeavor Air Inc.
717,JFK,SJU,JetBlue Airways
5811,EWR,JAX,ExpressJet Airlines Inc.
6120,LGA,CLE,ExpressJet Airlines Inc.
5857,EWR,MSN,ExpressJet Airlines Inc.
2067,JFK,CLT,US Airways Inc.
1088,JFK,SAN,Delta Air Lines Inc.
3461,LGA,BNA,Envoy Air
2190,JFK,MIA,Delta Air Lines Inc.
2945,JFK,CLT,Endeavor Air Inc.
611,JFK,LAS,JetBlue Airways
3818,EWR,TYS,ExpressJet Airlines Inc.
509,EWR,FLL,JetBlue Airways
6002,EWR,SDF,ExpressJet Airlines Inc.
4368,EWR,DAY,ExpressJet Airlines Inc.
1502,LGA,IAH,United Air Lines Inc.
753,LGA,DFW,American Airlines Inc.
863,JFK,LAX,Delta Air Lines Inc.
337,LGA,ORD,American Airlines Inc.
1030,EWR,ORD,United Air Lines Inc.
677,JFK,LAX,JetBlue Airways
2815,JFK,CLE,Envoy Air
139,JFK,RSW,JetBlue Airways
505,EWR,FLL,JetBlue Airways
708,EWR,ORD,United Air Lines Inc.
1259,LGA,IAH,United Air Lines Inc.
3,JFK,LAX,American Airlines Inc.
987,JFK,MCO,JetBlue Airways
581,JFK,HOU,JetBlue Airways
404,JFK,ATL,Delta Air Lines Inc.
707,LGA,DFW,American Airlines Inc.
4373,EWR,GSO,ExpressJet Airlines Inc.
1880,LGA,STL,Southwest Airlines Co.
179,JFK,PHX,JetBlue Airways
4235,EWR,MCI,ExpressJet Airlines Inc.
1100,EWR,SEA,United Air Lines Inc.
3807,EWR,ORF,ExpressJet Airlines Inc.
6101,LGA,IAD,ExpressJet Airlines Inc.
4019,JFK,RIC,Endeavor Air Inc.
105,JFK,ORD,JetBlue Airways
885,JFK,RDU,JetBlue Airways
79,JFK,MCO,JetBlue Airways
1729,JFK,RSW,JetBlue Airways
4510,EWR,MKE,ExpressJet Airlines Inc.
1273,JFK,CHS,JetBlue Airways
971,LGA,FLL,JetBlue Airways
3439,JFK,CVG,Endeavor Air Inc.
1651,EWR,SFO,United Air Lines Inc.
63,JFK,SEA,JetBlue Airways
4536,EWR,CVG,ExpressJet Airlines Inc.
185,JFK,SAN,JetBlue Airways
4247,EWR,DTW,ExpressJet Airlines Inc.
2219,LGA,MSP,Delta Air Lines Inc.
721,LGA,CAK,AirTran Airways Corporation
2363,JFK,LAX,Delta Air Lines Inc.
580,JFK,SFO,United Air Lines Inc.
537,EWR,TPA,JetBlue Airways
57,JFK,PBI,JetBlue Airways
4418,JFK,DCA,Envoy Air
3419,LGA,ATL,Envoy Air
615,JFK,JAX,JetBlue Airways
1357,JFK,SJU,American Airlines Inc.
6049,EWR,IAD,ExpressJet Airlines Inc.
29,JFK,SFO,Virgin America
251,EWR,AUS,United Air Lines Inc.
200,EWR,MSY,Southwest Airlines Co.
863,JFK,LAX,Delta Air Lines Inc.
647,JFK,MIA,American Airlines Inc.
2142,LGA,BOS,US Airways Inc.
905,JFK,ORD,JetBlue Airways
914,LGA,DEN,Delta Air Lines Inc.
3660,LGA,BNA,Envoy Air
4628,EWR,STL,ExpressJet Airlines Inc.
260,LGA,IAH,United Air Lines Inc.
586,JFK,ROC,JetBlue Airways
1299,EWR,RSW,United Air Lines Inc.
2395,LGA,PBI,Delta Air Lines Inc.
4704,EWR,CHS,ExpressJet Airlines Inc.
983,EWR,RSW,United Air Lines Inc.
4201,EWR,DAY,ExpressJet Airlines Inc.
201,JFK,FLL,JetBlue Airways
281,JFK,HOU,JetBlue Airways
4700,EWR,CLT,ExpressJet Airlines Inc.
687,EWR,CLT,US Airways Inc.
1711,JFK,LAS,JetBlue Airways
1403,JFK,SJU,JetBlue Airways
4533,EWR,BUF,ExpressJet Airlines Inc.
914,LGA,DEN,Delta Air Lines Inc.
1020,JFK,BOS,JetBlue Airways
1179,EWR,DFW,American Airlines Inc.
3318,JFK,BUF,Endeavor Air Inc.
701,JFK,MIA,American Airlines Inc.
832,EWR,IAH,United Air Lines Inc.
1032,EWR,CLT,US Airways Inc.
1601,EWR,FLL,United Air Lines Inc.
460,EWR,CLE,United Air Lines Inc.
187,EWR,SFO,Virgin America
2139,LGA,MIA,Delta Air Lines Inc.
413,JFK,SJU,American Airlines Inc.
378,EWR,SFO,United Air Lines Inc.
1117,LGA,TPA,JetBlue Airways
697,EWR,DEN,United Air Lines Inc.
1153,EWR,MDW,Southwest Airlines Co.
278,EWR,IAH,United Air Lines Inc.
3075,JFK,CVG,Envoy Air
3317,JFK,BUF,Endeavor Air Inc.
4181,EWR,MCI,ExpressJet Airlines Inc.
4424,EWR,RDU,ExpressJet Airlines Inc.
1433,LGA,CLT,US Airways Inc.
703,JFK,SJU,JetBlue Airways
4370,EWR,CHS,ExpressJet Airlines Inc.
2075,EWR,DFW,American Airlines Inc.
1447,JFK,CLT,US Airways Inc.
413,JFK,MIA,Delta Air Lines Inc.
1947,LGA,ATL,Delta Air Lines Inc.
401,EWR,BOS,United Air Lines Inc.
273,EWR,DFW,United Air Lines Inc.
1178,EWR,SFO,United Air Lines Inc.
4162,EWR,BTV,ExpressJet Airlines Inc.
1481,EWR,SFO,United Air Lines Inc.
4684,EWR,SDF,ExpressJet Airlines Inc.
1016,JFK,BOS,JetBlue Airways
2915,JFK,DFW,Endeavor Air Inc.
2942,JFK,PHL,Endeavor Air Inc.
361,LGA,ORD,American Airlines Inc.
1061,EWR,DFW,United Air Lines Inc.
399,JFK,LAX,Virgin America
1585,LGA,MCO,Delta Air Lines Inc.
601,JFK,FLL,JetBlue Airways
2181,LGA,MCO,Delta Air Lines Inc.
3230,JFK,DCA,Envoy Air
4580,EWR,MKE,ExpressJet Airlines Inc.
197,JFK,LAS,JetBlue Airways
44,JFK,SYR,JetBlue Airways
4127,JFK,IAD,Endeavor Air Inc.
1174,EWR,BOS,JetBlue Airways
331,LGA,ORD,American Airlines Inc.
108,JFK,BUF,JetBlue Airways
418,EWR,SFO,United Air Lines Inc.
4381,EWR,DTW,ExpressJet Airlines Inc.
2144,LGA,BOS,US Airways Inc.
359,LGA,ORD,American Airlines Inc.
1103,JFK,SJU,JetBlue Airways
3599,LGA,MSP,Envoy Air
1783,JFK,MCO,JetBlue Airways
263,JFK,SEA,JetBlue Airways
1623,EWR,MIA,American Airlines Inc.
145,JFK,PBI,JetBlue Airways
1731,JFK,ATL,Delta Air Lines Inc.
353,LGA,ORD,American Airlines Inc.
1895,EWR,MIA,American Airlines Inc.
3523,JFK,ORD,Endeavor Air Inc.
1674,LGA,ORD,United Air Lines Inc.
1467,LGA,MIA,American Airlines Inc.
2602,JFK,BUF,JetBlue Airways
1965,EWR,CLT,US Airways Inc.
354,LGA,CAK,AirTran Airways Corporation
4120,EWR,CMH,ExpressJet Airlines Inc.
251,JFK,LAS,Virgin America
4255,EWR,CHS,ExpressJet Airlines Inc.
4667,EWR,MSP,ExpressJet Airlines Inc.
1461,EWR,IAH,United Air Lines Inc.
5796,EWR,CLT,ExpressJet Airlines Inc.
4480,EWR,MSY,Southwest Airlines Co.
411,JFK,LAX,Virgin America
4380,EWR,MSP,ExpressJet Airlines Inc.
1412,EWR,MIA,United Air Lines Inc.
3459,JFK,BNA,Endeavor Air Inc.
3821,EWR,GSO,ExpressJet Airlines Inc.
5769,LGA,IAD,ExpressJet Airlines Inc.
1407,JFK,IAD,JetBlue Airways
1479,EWR,LAX,United Air Lines Inc.
3852,EWR,DTW,ExpressJet Airlines Inc.
1527,EWR,LAX,United Air Lines Inc.
778,LGA,ATL,AirTran Airways Corporation
3388,LGA,CMH,Envoy Air
6054,EWR,IAD,ExpressJet Airlines Inc.
4033,LGA,TYS,Endeavor Air Inc.
4622,LGA,BNA,Envoy Air
347,LGA,ATL,AirTran Airways Corporation
4334,EWR,CVG,ExpressJet Airlines Inc.
21,JFK,LAX,American Airlines Inc.
141,JFK,FLL,Delta Air Lines Inc.
2126,LGA,BOS,US Airways Inc.
925,JFK,TPA,JetBlue Airways
4013,JFK,PHL,Endeavor Air Inc.
4193,EWR,MSP,ExpressJet Airlines Inc.
1219,EWR,DFW,United Air Lines Inc.
711,JFK,LAS,JetBlue Airways
1053,EWR,CLE,United Air Lines Inc.
1064,EWR,BOS,United Air Lines Inc.
4579,LGA,CLT,Envoy Air
1073,LGA,MIA,American Airlines Inc.
237,EWR,SFO,United Air Lines Inc.
706,JFK,AUS,Delta Air Lines Inc.
4246,EWR,DTW,ExpressJet Airlines Inc.
623,JFK,LAX,JetBlue Airways
155,JFK,MCO,JetBlue Airways
743,LGA,DFW,American Airlines Inc.
323,JFK,LAX,JetBlue Airways
1685,LGA,MCO,Delta Air Lines Inc.
245,JFK,PHX,Delta Air Lines Inc.
745,JFK,PSE,JetBlue Airways
1244,EWR,SJU,United Air Lines Inc.
193,EWR,SFO,Virgin America
3357,LGA,BNA,Endeavor Air Inc.
505,EWR,FLL,JetBlue Airways
4112,EWR,BWI,ExpressJet Airlines Inc.
644,EWR,MDW,Southwest Airlines Co.
1425,EWR,LAX,United Air Lines Inc.
427,JFK,LAX,Delta Air Lines Inc.
2177,LGA,DCA,US Airways Inc.
21,JFK,LAX,American Airlines Inc.
4535,EWR,MSP,ExpressJet Airlines Inc.
3550,LGA,ATL,Envoy Air
1565,JFK,SFO,Delta Air Lines Inc.
4065,LGA,SDF,Endeavor Air Inc.
2175,LGA,DCA,US Airways Inc.
2606,LGA,STL,Southwest Airlines Co.
3556,LGA,DTW,Envoy Air
172,EWR,MIA,American Airlines Inc.
4712,EWR,PVD,ExpressJet Airlines Inc.
408,JFK,PWM,JetBlue Airways
918,JFK,BOS,JetBlue Airways
1271,JFK,FLL,Delta Air Lines Inc.
2162,JFK,PHX,Delta Air Lines Inc.
3556,LGA,DTW,Envoy Air
2190,JFK,MIA,Delta Air Lines Inc.
443,JFK,MIA,American Airlines Inc.
4120,JFK,CLE,Endeavor Air Inc.
120,JFK,LAX,Delta Air Lines Inc.
4529,EWR,RDU,ExpressJet Airlines Inc.
1629,JFK,LAS,Delta Air Lines Inc.
4658,LGA,ATL,Envoy Air
460,EWR,CLE,United Air Lines Inc.
363,LGA,ORD,American Airlines Inc.
1787,JFK,TPA,American Airlines Inc.
389,JFK,SFO,United Air Lines Inc.
1547,EWR,MCO,United Air Lines Inc.
199,JFK,LAS,JetBlue Airways
954,LGA,FLL,Delta Air Lines Inc.
1185,JFK,RDU,JetBlue Airways
3493,LGA,CLE,Envoy Air
325,LGA,ORD,American Airlines Inc.
413,JFK,SJU,American Airlines Inc.
4277,JFK,ORF,Endeavor Air Inc.
2124,LGA,BOS,US Airways Inc.
3565,LGA,CLT,Envoy Air
4397,EWR,CLT,ExpressJet Airlines Inc.
53,JFK,PBI,JetBlue Airways
1567,JFK,CLT,US Airways Inc.
15,EWR,SEA,Alaska Airlines Inc.
5716,JFK,IAD,ExpressJet Airlines Inc.
2379,LGA,FLL,Delta Air Lines Inc.
2840,LGA,STL,Envoy Air
4092,EWR,DAY,ExpressJet Airlines Inc.
2079,LGA,FLL,Delta Air Lines Inc.
2202,JFK,BUF,JetBlue Airways
4662,LGA,ATL,Envoy Air
3985,JFK,CVG,Envoy Air
2395,LGA,PBI,Delta Air Lines Inc.
1085,LGA,CLT,US Airways Inc.
221,JFK,MIA,American Airlines Inc.
3335,LGA,DFW,Endeavor Air Inc.
779,LGA,MIA,American Airlines Inc.
4294,EWR,SAV,ExpressJet Airlines Inc.
561,LGA,DEN,United Air Lines Inc.
4175,EWR,AVL,ExpressJet Airlines Inc.
4207,EWR,CLT,ExpressJet Airlines Inc.
795,JFK,AUS,JetBlue Airways
1371,LGA,FLL,JetBlue Airways
1109,LGA,TPA,Delta Air Lines Inc.
325,EWR,BOS,United Air Lines Inc.
998,EWR,PHX,United Air Lines Inc.
4485,LGA,CMH,Envoy Air
6,JFK,SLC,Delta Air Lines Inc.
45,JFK,LAS,American Airlines Inc.
4510,EWR,MKE,ExpressJet Airlines Inc.
578,EWR,ORD,United Air Lines Inc.
4368,EWR,DAY,ExpressJet Airlines Inc.
3825,EWR,BDL,ExpressJet Airlines Inc.
3603,LGA,DTW,Envoy Air
1245,EWR,MCO,United Air Lines Inc.
279,EWR,ORD,United Air Lines Inc.
405,LGA,DEN,United Air Lines Inc.
553,JFK,PBI,JetBlue Airways
1039,EWR,AUS,United Air Lines Inc.
1613,JFK,SJU,American Airlines Inc.
1861,LGA,MCI,Delta Air Lines Inc.
4155,EWR,GRR,ExpressJet Airlines Inc.
1216,EWR,SJU,United Air Lines Inc.
4943,LGA,RDU,ExpressJet Airlines Inc.
1244,EWR,SJU,United Air Lines Inc.
350,LGA,ATL,AirTran Airways Corporation
4162,EWR,JAX,ExpressJet Airlines Inc.
1879,LGA,FLL,Delta Air Lines Inc.
1151,EWR,SEA,United Air Lines Inc.
108,JFK,PWM,JetBlue Airways
4660,LGA,BNA,Envoy Air
2019,LGA,MSP,Delta Air Lines Inc.
3267,EWR,ORF,ExpressJet Airlines Inc.
3573,LGA,CMH,Envoy Air
27,JFK,TPA,JetBlue Airways
4033,LGA,TYS,Endeavor Air Inc.
923,LGA,MIA,Delta Air Lines Inc.
149,EWR,MDW,Southwest Airlines Co.
6181,EWR,IAD,ExpressJet Airlines Inc.
127,EWR,MCO,JetBlue Airways
3365,JFK,DCA,Envoy Air
2702,JFK,BUF,JetBlue Airways
1318,JFK,BOS,JetBlue Airways
442,JFK,SEA,Delta Air Lines Inc.
1775,JFK,MIA,American Airlines Inc.
629,JFK,HOU,JetBlue Airways
4461,EWR,MSP,ExpressJet Airlines Inc.
4571,EWR,MKE,ExpressJet Airlines Inc.
4674,LGA,CLE,Envoy Air
325,JFK,TPA,JetBlue Airways
1919,LGA,MSP,Delta Air Lines Inc.
1697,EWR,DTW,Delta Air Lines Inc.
2075,JFK,CLT,US Airways Inc.
905,JFK,ORD,JetBlue Airways
389,JFK,SFO,United Air Lines Inc.
120,JFK,LAX,Delta Air Lines Inc.
1407,JFK,IAD,JetBlue Airways
380,EWR,BOS,JetBlue Airways
939,JFK,BQN,JetBlue Airways
4246,EWR,DTW,ExpressJet Airlines Inc.
2219,LGA,MSP,Delta Air Lines Inc.
3388,LGA,CMH,Envoy Air
1627,EWR,PBI,United Air Lines Inc.
2055,LGA,PHL,US Airways Inc.
1289,EWR,SJU,JetBlue Airways
178,JFK,BOS,American Airlines Inc.
4171,EWR,MSN,ExpressJet Airlines Inc.
997,EWR,AUS,United Air Lines Inc.
4581,EWR,CMH,ExpressJet Airlines Inc.
1085,JFK,CLT,JetBlue Airways
5736,LGA,IAD,ExpressJet Airlines Inc.
1733,LGA,CLT,US Airways Inc.
4478,LGA,DTW,Envoy Air
4249,EWR,SYR,ExpressJet Airlines Inc.
1779,LGA,FLL,Delta Air Lines Inc.
486,JFK,SLC,Delta Air Lines Inc.
456,EWR,FLL,United Air Lines Inc.
742,LGA,CAK,AirTran Airways Corporation
181,JFK,LAX,American Airlines Inc.
2370,LGA,PBI,Delta Air Lines Inc.
2124,LGA,BOS,US Airways Inc.
743,LGA,DFW,American Airlines Inc.
1109,LGA,TPA,Delta Air Lines Inc.
2331,LGA,DTW,Delta Air Lines Inc.
1248,EWR,SAT,United Air Lines Inc.
677,JFK,JAX,JetBlue Airways
1813,JFK,MCO,American Airlines Inc.
4535,EWR,MSP,ExpressJet Airlines Inc.
347,JFK,SJU,Delta Air Lines Inc.
8,JFK,BUF,JetBlue Airways
2802,JFK,BUF,JetBlue Airways
994,EWR,BOS,United Air Lines Inc.
586,JFK,ROC,JetBlue Airways
4576,LGA,CLT,Envoy Air
4371,EWR,BNA,ExpressJet Airlines Inc.
373,JFK,CLT,US Airways Inc.
161,EWR,LAX,Virgin America
193,EWR,SFO,Virgin America
583,JFK,MCO,JetBlue Airways
4430,EWR,DTW,ExpressJet Airlines Inc.
3629,EWR,DTW,Endeavor Air Inc.
1159,LGA,CAK,AirTran Airways Corporation
1269,EWR,PBI,United Air Lines Inc.
4691,EWR,DAY,ExpressJet Airlines Inc.
153,JFK,PBI,JetBlue Airways
33,JFK,LAX,American Airlines Inc.
4640,EWR,DAY,ExpressJet Airlines Inc.
4175,EWR,AVL,ExpressJet Airlines Inc.
2393,LGA,TPA,Delta Air Lines Inc.
3712,JFK,BWI,Endeavor Air Inc.
2042,EWR,ATL,Delta Air Lines Inc.
51,JFK,HNL,Hawaiian Airlines Inc.
655,JFK,STT,American Airlines Inc.
443,JFK,LAX,United Air Lines Inc.
501,JFK,FLL,JetBlue Airways
2445,JFK,BOS,Delta Air Lines Inc.
4974,LGA,BTV,ExpressJet Airlines Inc.
1129,JFK,RSW,JetBlue Airways
1837,LGA,MIA,American Airlines Inc.
15,JFK,PHX,US Airways Inc.
4478,LGA,DTW,Envoy Air
3902,LGA,GSO,Endeavor Air Inc.
797,JFK,LAX,United Air Lines Inc.
2120,LGA,BOS,US Airways Inc.
431,EWR,DFW,United Air Lines Inc.
219,JFK,CLT,JetBlue Airways
1691,EWR,DFW,American Airlines Inc.
2070,LGA,RSW,Delta Air Lines Inc.
623,JFK,LAX,JetBlue Airways
4572,EWR,GSP,ExpressJet Airlines Inc.
1559,LGA,MIA,American Airlines Inc.
1373,JFK,CHS,JetBlue Airways
4517,EWR,MSP,ExpressJet Airlines Inc.
1225,EWR,PBI,United Air Lines Inc.
492,EWR,FLL,United Air Lines Inc.
1180,EWR,MCO,United Air Lines Inc.
725,JFK,BQN,JetBlue Airways
161,JFK,MIA,Delta Air Lines Inc.
1819,LGA,MSP,Delta Air Lines Inc.
2120,LGA,BOS,US Airways Inc.
303,JFK,SFO,United Air Lines Inc.
3317,LGA,RDU,Envoy Air
2041,JFK,MIA,American Airlines Inc.
59,JFK,SFO,American Airlines Inc.
829,EWR,IAH,United Air Lines Inc.
3660,LGA,BNA,Envoy Air
4388,EWR,JAX,ExpressJet Airlines Inc.
1838,JFK,BOS,American Airlines Inc.
2165,LGA,DCA,US Airways Inc.
3315,JFK,MSP,Endeavor Air Inc.
79,JFK,MCO,JetBlue Airways
1167,JFK,TPA,Delta Air Lines Inc.
3691,JFK,CHS,Endeavor Air Inc.
2231,LGA,DTW,Delta Air Lines Inc.
394,EWR,SFO,United Air Lines Inc.
4370,EWR,CHS,ExpressJet Airlines Inc.
802,EWR,CLT,US Airways Inc.
5714,JFK,IAD,ExpressJet Airlines Inc.
525,JFK,TPA,JetBlue Airways
1070,LGA,ATL,AirTran Airways Corporation
22,JFK,SYR,JetBlue Airways
3301,JFK,IND,Endeavor Air Inc.
4065,LGA,SDF,Endeavor Air Inc.
4224,EWR,MKE,ExpressJet Airlines Inc.
1644,EWR,SNA,United Air Lines Inc.
3444,JFK,RDU,Endeavor Air Inc.
4105,JFK,IAD,Endeavor Air Inc.
431,LGA,SRQ,JetBlue Airways
1117,EWR,MCO,United Air Lines Inc.
1873,LGA,CLT,US Airways Inc.
4384,EWR,IAD,ExpressJet Airlines Inc.
1244,EWR,SJU,United Air Lines Inc.
1791,EWR,HOU,Southwest Airlines Co.
1199,EWR,BOS,United Air Lines Inc.
1499,LGA,ATL,Delta Air Lines Inc.
4353,EWR,BNA,ExpressJet Airlines Inc.
269,JFK,SFO,Delta Air Lines Inc.
1002,JFK,BOS,JetBlue Airways
847,LGA,ATL,Delta Air Lines Inc.
4321,EWR,MCI,ExpressJet Airlines Inc.
3,JFK,SJU,JetBlue Airways
5091,LGA,PIT,ExpressJet Airlines Inc.
33,JFK,LAX,American Airlines Inc.
1415,JFK,SLC,Delta Air Lines Inc.
234,JFK,BTV,JetBlue Airways
4975,EWR,MSP,ExpressJet Airlines Inc.
4328,EWR,MSY,ExpressJet Airlines Inc.
2003,LGA,MIA,Delta Air Lines Inc.
226,EWR,DEN,Southwest Airlines Co.
2402,JFK,BUF,JetBlue Airways
1061,JFK,AUS,JetBlue Airways
2043,JFK,ATL,Delta Air Lines Inc.
161,JFK,SEA,Delta Air Lines Inc.
1769,JFK,MIA,American Airlines Inc.
1322,JFK,SFO,Delta Air Lines Inc.
4607,LGA,CMH,Envoy Air
65,JFK,DFW,American Airlines Inc.
399,LGA,MCO,JetBlue Airways
3793,JFK,CLT,Endeavor Air Inc.
128,JFK,BTV,JetBlue Airways
4589,LGA,DTW,Envoy Air
3393,JFK,DCA,Endeavor Air Inc.
407,JFK,LAX,Virgin America
1729,JFK,LAS,Delta Air Lines Inc.
1643,EWR,DEN,United Air Lines Inc.
997,EWR,LAX,United Air Lines Inc.
1098,LGA,MKE,Southwest Airlines Co.
1443,JFK,CLT,US Airways Inc.
2363,JFK,LAX,Delta Air Lines Inc.
403,JFK,SJU,JetBlue Airways
3403,JFK,MCI,Endeavor Air Inc.
279,EWR,ORD,United Air Lines Inc.
1163,JFK,LAX,Delta Air Lines Inc.
4382,EWR,DTW,ExpressJet Airlines Inc.
4204,EWR,OKC,ExpressJet Airlines Inc.
2902,JFK,BOS,Endeavor Air Inc.
658,JFK,SYR,JetBlue Airways
1183,JFK,MCO,JetBlue Airways
3822,EWR,BDL,ExpressJet Airlines Inc.
281,JFK,HOU,JetBlue Airways
124,EWR,FLL,United Air Lines Inc.
1030,EWR,ORD,United Air Lines Inc.
1850,JFK,BOS,American Airlines Inc.
4491,LGA,CLE,Envoy Air
3953,EWR,CVG,Endeavor Air Inc.
2219,LGA,MSP,Delta Air Lines Inc.
500,JFK,LAS,Delta Air Lines Inc.
523,EWR,MCO,JetBlue Airways
3475,EWR,DTW,Endeavor Air Inc.
259,EWR,ORD,United Air Lines Inc.
1442,EWR,DFW,United Air Lines Inc.
1357,JFK,SJU,American Airlines Inc.
3535,JFK,CMH,Envoy Air
3985,JFK,CVG,Envoy Air
371,LGA,FLL,JetBlue Airways
4634,EWR,RDU,ExpressJet Airlines Inc.
2173,LGA,DCA,US Airways Inc.
520,JFK,SFO,United Air Lines Inc.
5293,LGA,ORF,ExpressJet Airlines Inc.
399,JFK,LAX,Virgin America
319,LGA,ORD,American Airlines Inc.
537,EWR,PBI,United Air Lines Inc.
4287,EWR,MSY,ExpressJet Airlines Inc.
645,LGA,ATL,AirTran Airways Corporation
1909,LGA,PHL,US Airways Inc.
270,EWR,DEN,United Air Lines Inc.
2226,LGA,MDW,Southwest Airlines Co.
642,JFK,SFO,United Air Lines Inc.
65,JFK,DFW,American Airlines Inc.
1600,EWR,LAX,United Air Lines Inc.
318,EWR,SAT,United Air Lines Inc.
4,JFK,SJU,Delta Air Lines Inc.
3393,JFK,DCA,Endeavor Air Inc.
434,EWR,SNA,United Air Lines Inc.
994,EWR,BOS,United Air Lines Inc.
2044,JFK,DTW,Delta Air Lines Inc.
4558,LGA,CLE,Envoy Air
1576,JFK,SAN,Delta Air Lines Inc.
2122,LGA,BOS,US Airways Inc.
4662,LGA,ATL,Envoy Air
837,LGA,DEN,Frontier Airlines Inc.
1185,JFK,RDU,JetBlue Airways
963,JFK,LAX,Delta Air Lines Inc.
2150,LGA,BOS,US Airways Inc.
380,EWR,BOS,JetBlue Airways
1131,LGA,DTW,Delta Air Lines Inc.
4462,EWR,OMA,ExpressJet Airlines Inc.
4521,LGA,RDU,Envoy Air
453,JFK,PBI,JetBlue Airways
4424,EWR,RDU,ExpressJet Airlines Inc.
1790,JFK,BOS,American Airlines Inc.
411,JFK,LAX,Virgin America
87,JFK,SLC,JetBlue Airways
1783,JFK,MCO,JetBlue Airways
4583,EWR,BDL,ExpressJet Airlines Inc.
936,JFK,STT,American Airlines Inc.
983,LGA,TPA,JetBlue Airways
720,EWR,CLT,US Airways Inc.
1959,JFK,MCO,Delta Air Lines Inc.
1002,JFK,BOS,JetBlue Airways
2136,LGA,BOS,US Airways Inc.
3675,LGA,BNA,Envoy Air
1338,JFK,MVY,JetBlue Airways
4670,LGA,BNA,Envoy Air
1711,JFK,ORD,American Airlines Inc.
1145,LGA,DFW,American Airlines Inc.
4147,EWR,BUF,ExpressJet Airlines Inc.
404,EWR,IAH,United Air Lines Inc.
465,EWR,AUS,United Air Lines Inc.
31,JFK,SFO,Delta Air Lines Inc.
2154,LGA,BOS,US Airways Inc.
4406,JFK,RDU,Envoy Air
5109,LGA,CHS,ExpressJet Airlines Inc.
183,JFK,MCO,JetBlue Airways
4655,LGA,CLE,ExpressJet Airlines Inc.
1081,EWR,CLT,US Airways Inc.
981,JFK,FLL,JetBlue Airways
1109,LGA,TPA,Delta Air Lines Inc.
4187,EWR,BNA,ExpressJet Airlines Inc.
2702,JFK,BUF,JetBlue Airways
447,EWR,PHX,United Air Lines Inc.
926,EWR,ATL,Delta Air Lines Inc.
4641,EWR,CLT,ExpressJet Airlines Inc.
4274,LGA,MKE,Endeavor Air Inc.
2173,LGA,DCA,US Airways Inc.
1482,EWR,BOS,United Air Lines Inc.
1681,LGA,IAH,United Air Lines Inc.
669,JFK,SJC,JetBlue Airways
87,JFK,SLC,Delta Air Lines Inc.
619,JFK,JAX,JetBlue Airways
1216,EWR,SJU,United Air Lines Inc.
3833,EWR,IAD,ExpressJet Airlines Inc.
2253,LGA,MIA,American Airlines Inc.
1743,JFK,ATL,Delta Air Lines Inc.
4150,EWR,CVG,ExpressJet Airlines Inc.
1879,LGA,FLL,Delta Air Lines Inc.
2076,EWR,DTW,Delta Air Lines Inc.
11,JFK,SFO,Virgin America
1025,LGA,IAH,United Air Lines Inc.
4106,EWR,GSO,ExpressJet Airlines Inc.
2065,JFK,FLL,Delta Air Lines Inc.
1318,JFK,BOS,JetBlue Airways
1174,EWR,BOS,JetBlue Airways
1025,JFK,TPA,JetBlue Airways
2279,LGA,MIA,American Airlines Inc.
1131,LGA,DFW,American Airlines Inc.
947,LGA,ATL,Delta Air Lines Inc.
454,JFK,STT,Delta Air Lines Inc.
1777,JFK,MCO,American Airlines Inc.
671,JFK,LAX,JetBlue Airways
1791,EWR,HOU,Southwest Airlines Co.
359,LGA,ORD,American Airlines Inc.
4133,EWR,JAX,ExpressJet Airlines Inc.
4230,EWR,GRR,ExpressJet Airlines Inc.
418,EWR,SFO,United Air Lines Inc.
3349,LGA,MSP,Envoy Air
1627,EWR,PBI,United Air Lines Inc.
471,EWR,SFO,United Air Lines Inc.
1599,LGA,MIA,American Airlines Inc.
959,LGA,CVG,Delta Air Lines Inc.
4209,LGA,MDW,Southwest Airlines Co.
1151,LGA,DFW,American Airlines Inc.
718,JFK,BOS,JetBlue Airways
346,EWR,LAX,United Air Lines Inc.
2391,JFK,TPA,Delta Air Lines Inc.
3667,JFK,PHL,Endeavor Air Inc.
3052,JFK,TPA,Envoy Air
79,JFK,MCO,JetBlue Airways
2480,EWR,BOS,JetBlue Airways
6,JFK,BUF,JetBlue Airways
1710,EWR,MDW,Southwest Airlines Co.
2450,LGA,FLL,Delta Air Lines Inc.
841,JFK,LAX,United Air Lines Inc.
1111,LGA,DFW,American Airlines Inc.
2347,LGA,ATL,Delta Air Lines Inc.
3391,LGA,CMH,Envoy Air
4555,LGA,CMH,Envoy Air
1183,JFK,MCO,JetBlue Airways
731,LGA,DTW,Delta Air Lines Inc.
2065,JFK,SFO,Delta Air Lines Inc.
831,LGA,DTW,Delta Air Lines Inc.
1147,LGA,ATL,Delta Air Lines Inc.
507,LGA,DEN,Frontier Airlines Inc.
1464,EWR,CLE,United Air Lines Inc.
4579,LGA,CLT,Envoy Air
66,JFK,BUF,JetBlue Airways
397,JFK,SFO,United Air Lines Inc.
1105,JFK,ORD,JetBlue Airways
2282,LGA,PWM,Delta Air Lines Inc.
543,EWR,PBI,JetBlue Airways
4537,EWR,MEM,ExpressJet Airlines Inc.
4352,EWR,CVG,ExpressJet Airlines Inc.
1101,JFK,FLL,JetBlue Airways
3542,JFK,MSP,Endeavor Air Inc.
715,JFK,SJU,JetBlue Airways
305,EWR,FLL,JetBlue Airways
4654,LGA,ATL,Envoy Air
298,EWR,PHX,United Air Lines Inc.
79,JFK,MCO,JetBlue Airways
450,EWR,DFW,United Air Lines Inc.
4601,LGA,BNA,Envoy Air
371,LGA,ORD,American Airlines Inc.
4065,LGA,SDF,Endeavor Air Inc.
2926,JFK,ORD,Endeavor Air Inc.
2151,EWR,STL,Southwest Airlines Co.
2219,LGA,MSP,Delta Air Lines Inc.
927,EWR,MCO,JetBlue Airways
3622,LGA,BNA,Envoy Air
1743,JFK,ATL,Delta Air Lines Inc.
211,JFK,IAH,American Airlines Inc.
2347,LGA,ATL,Delta Air Lines Inc.
343,LGA,ORD,American Airlines Inc.
1117,EWR,CLT,US Airways Inc.
5109,LGA,CHS,ExpressJet Airlines Inc.
118,JFK,BOS,JetBlue Airways
583,JFK,MCO,JetBlue Airways
925,JFK,TPA,JetBlue Airways
1677,EWR,SFO,United Air Lines Inc.
102,JFK,BUF,JetBlue Airways
3525,LGA,SYR,Endeavor Air Inc.
2949,JFK,BNA,Envoy Air
1108,JFK,MIA,Delta Air Lines Inc.
4425,JFK,DCA,Envoy Air
4153,EWR,CLT,ExpressJet Airlines Inc.
2793,JFK,CMH,Envoy Air
34,JFK,BTV,JetBlue Airways
373,LGA,FLL,JetBlue Airways
1701,EWR,FLL,United Air Lines Inc.
1465,JFK,SFO,Delta Air Lines Inc.
11,JFK,SFO,Virgin America
4649,EWR,CHS,ExpressJet Airlines Inc.
172,EWR,MIA,American Airlines Inc.
1601,LGA,RSW,JetBlue Airways
1091,JFK,SAT,Delta Air Lines Inc.
1165,EWR,LAX,United Air Lines Inc.
1843,JFK,MIA,Delta Air Lines Inc.
263,JFK,SEA,JetBlue Airways
5712,JFK,IAD,ExpressJet Airlines Inc.
156,EWR,DFW,United Air Lines Inc.
4262,EWR,CLT,ExpressJet Airlines Inc.
4033,LGA,TYS,Endeavor Air Inc.
3791,LGA,IAD,Mesa Airlines Inc.
1026,EWR,MIA,United Air Lines Inc.
2165,LGA,DCA,US Airways Inc.
3395,JFK,DCA,Endeavor Air Inc.
3416,LGA,RDU,Envoy Air
847,LGA,ATL,Delta Air Lines Inc.
15,EWR,HNL,United Air Lines Inc.
4687,EWR,CVG,ExpressJet Airlines Inc.
125,JFK,FLL,JetBlue Airways
1435,LGA,TPA,Delta Air Lines Inc.
4691,EWR,DAY,ExpressJet Airlines Inc.
1855,LGA,STL,American Airlines Inc.
2885,LGA,CLT,Mesa Airlines Inc.
972,EWR,AUS,Southwest Airlines Co.
2044,LGA,MIA,Delta Air Lines Inc.
1218,EWR,DFW,United Air Lines Inc.
71,JFK,SLC,JetBlue Airways
935,EWR,ATL,Delta Air Lines Inc.
1174,LGA,PBI,Delta Air Lines Inc.
257,JFK,SFO,United Air Lines Inc.
95,JFK,SJU,American Airlines Inc.
1783,JFK,MCO,JetBlue Airways
4137,EWR,ATL,ExpressJet Airlines Inc.
3879,EWR,CVG,Endeavor Air Inc.
42,JFK,SYR,JetBlue Airways
279,EWR,ORD,United Air Lines Inc.
165,JFK,PDX,JetBlue Airways
4350,EWR,CVG,ExpressJet Airlines Inc.
4557,EWR,CLT,ExpressJet Airlines Inc.
1121,LGA,DFW,American Airlines Inc.
2267,LGA,MIA,American Airlines Inc.
4684,EWR,SDF,ExpressJet Airlines Inc.
423,JFK,LAX,JetBlue Airways
3765,LGA,MKE,Southwest Airlines Co.
5417,EWR,DTW,ExpressJet Airlines Inc.
4572,EWR,GSP,ExpressJet Airlines Inc.
3066,JFK,TPA,Envoy Air
4220,JFK,RDU,Endeavor Air Inc.
4536,EWR,CVG,ExpressJet Airlines Inc.
242,EWR,SAN,United Air Lines Inc.
4553,LGA,CLE,Envoy Air
1297,EWR,SNA,United Air Lines Inc.
761,EWR,TPA,United Air Lines Inc.
3370,JFK,DCA,Envoy Air
478,EWR,MCO,United Air Lines Inc.
4231,JFK,MVY,Endeavor Air Inc.
4333,JFK,PIT,Envoy Air
3393,JFK,DCA,Endeavor Air Inc.
673,EWR,ATL,Delta Air Lines Inc.
1427,JFK,CLT,US Airways Inc.
292,EWR,MDW,Southwest Airlines Co.
4258,JFK,BWI,Endeavor Air Inc.
428,EWR,DEN,United Air Lines Inc.
319,LGA,ORD,American Airlines Inc.
389,LGA,MCO,JetBlue Airways
3405,JFK,DCA,Endeavor Air Inc.
3550,LGA,ATL,Envoy Air
1639,LGA,RSW,JetBlue Airways
503,EWR,FLL,JetBlue Airways
44,JFK,SYR,JetBlue Airways
4663,EWR,CHS,ExpressJet Airlines Inc.
779,LGA,MIA,American Airlines Inc.
361,LGA,ORD,American Airlines Inc.
3395,JFK,DCA,Endeavor Air Inc.
303,LGA,ORD,American Airlines Inc.
611,JFK,JAX,JetBlue Airways
127,JFK,LAX,Delta Air Lines Inc.
337,LGA,ORD,American Airlines Inc.
721,LGA,CAK,AirTran Airways Corporation
3550,LGA,ATL,Envoy Air
905,JFK,ORD,JetBlue Airways
485,EWR,ATL,Delta Air Lines Inc.
1733,LGA,CLT,US Airways Inc.
1110,EWR,LAS,United Air Lines Inc.
8,JFK,BUF,JetBlue Airways
1202,JFK,BUF,JetBlue Airways
409,EWR,CLT,US Airways Inc.
2437,LGA,MIA,American Airlines Inc.
4525,LGA,XNA,Envoy Air
1147,LGA,ATL,Delta Air Lines Inc.
1879,JFK,CLT,US Airways Inc.
3361,JFK,RDU,Envoy Air
193,EWR,SFO,Virgin America
2085,LGA,CLT,US Airways Inc.
4434,EWR,MHT,ExpressJet Airlines Inc.
411,JFK,LAS,JetBlue Airways
4537,EWR,MEM,ExpressJet Airlines Inc.
1885,LGA,MCO,Delta Air Lines Inc.
3267,EWR,ORF,ExpressJet Airlines Inc.
187,EWR,SFO,Virgin America
583,LGA,ORD,United Air Lines Inc.
377,LGA,FLL,JetBlue Airways
4685,EWR,MEM,ExpressJet Airlines Inc.
2070,LGA,RSW,Delta Air Lines Inc.
1144,EWR,MCO,United Air Lines Inc.
578,EWR,LAX,United Air Lines Inc.
645,JFK,SFO,JetBlue Airways
2285,JFK,MCO,American Airlines Inc.
5091,LGA,PIT,ExpressJet Airlines Inc.
4475,LGA,RDU,Envoy Air
1459,JFK,SAT,Delta Air Lines Inc.
715,LGA,DFW,American Airlines Inc.
5712,JFK,IAD,ExpressJet Airlines Inc.
707,LGA,DFW,American Airlines Inc.
962,LGA,BNA,Southwest Airlines Co.
5293,LGA,ORF,ExpressJet Airlines Inc.
4209,EWR,TVC,ExpressJet Airlines Inc.
1481,EWR,PHX,United Air Lines Inc.
19,JFK,LAX,American Airlines Inc.
165,EWR,LAX,Virgin America
225,JFK,TPA,JetBlue Airways
3935,LGA,MDW,Southwest Airlines Co.
1480,EWR,SFO,United Air Lines Inc.
518,EWR,ORD,United Air Lines Inc.
371,LGA,FLL,JetBlue Airways
181,LGA,DTW,Delta Air Lines Inc.
1709,LGA,MIA,American Airlines Inc.
4490,LGA,STL,Southwest Airlines Co.
4533,EWR,BUF,ExpressJet Airlines Inc.
177,JFK,SFO,American Airlines Inc.
133,JFK,LAX,American Airlines Inc.
1117,EWR,CLT,US Airways Inc.
165,EWR,LAX,Virgin America
4655,LGA,BNA,Envoy Air
1107,EWR,DEN,United Air Lines Inc.
366,LGA,ATL,AirTran Airways Corporation
286,JFK,ROC,JetBlue Airways
4150,EWR,CVG,ExpressJet Airlines Inc.
2370,LGA,PBI,Delta Air Lines Inc.
625,JFK,HOU,JetBlue Airways
3230,JFK,DCA,Envoy Air
4201,EWR,IAD,ExpressJet Airlines Inc.
4911,EWR,DTW,ExpressJet Airlines Inc.
1751,EWR,CLT,US Airways Inc.
486,JFK,ROC,JetBlue Airways
4122,JFK,MVY,Endeavor Air Inc.
343,LGA,ORD,American Airlines Inc.
153,JFK,MCO,JetBlue Airways
353,LGA,ORD,American Airlines Inc.
1686,EWR,BOS,United Air Lines Inc.
743,LGA,DFW,American Airlines Inc.
5092,EWR,ATL,ExpressJet Airlines Inc.
4204,EWR,OKC,ExpressJet Airlines Inc.
4676,EWR,GRR,ExpressJet Airlines Inc.
3621,JFK,DCA,Envoy Air
4674,LGA,CLE,Envoy Air
3493,LGA,MDW,Southwest Airlines Co.
5963,EWR,ALB,ExpressJet Airlines Inc.
485,EWR,ATL,Delta Air Lines Inc.
1,JFK,LAX,American Airlines Inc.
12,EWR,LAS,United Air Lines Inc.
454,LGA,ORD,United Air Lines Inc.
299,EWR,SFO,United Air Lines Inc.
4687,EWR,CVG,ExpressJet Airlines Inc.
763,LGA,DFW,American Airlines Inc.
4661,LGA,ATL,Envoy Air
2114,LGA,BOS,US Airways Inc.
3616,LGA,MSP,Envoy Air
3445,LGA,DSM,Endeavor Air Inc.
2219,LGA,MSP,Delta Air Lines Inc.
4702,EWR,GSO,ExpressJet Airlines Inc.
1321,EWR,MSP,Delta Air Lines Inc.
1152,EWR,PDX,United Air Lines Inc.
1375,JFK,SLC,Delta Air Lines Inc.
387,EWR,LAX,United Air Lines Inc.
926,EWR,ATL,Delta Air Lines Inc.
303,JFK,SFO,United Air Lines Inc.
2002,JFK,BUF,JetBlue Airways
4667,EWR,MSP,ExpressJet Airlines Inc.
5199,LGA,CHS,ExpressJet Airlines Inc.
442,JFK,SEA,Delta Air Lines Inc.
3542,JFK,MSP,Endeavor Air Inc.
3302,JFK,PIT,Endeavor Air Inc.
3824,EWR,GRR,ExpressJet Airlines Inc.
343,LGA,DEN,United Air Lines Inc.
36,JFK,ROC,JetBlue Airways
411,JFK,LAX,Virgin America
3459,JFK,BNA,Endeavor Air Inc.
318,JFK,BOS,JetBlue Airways
2921,JFK,MSP,Endeavor Air Inc.
1543,JFK,SEA,Delta Air Lines Inc.
4679,EWR,JAX,ExpressJet Airlines Inc.
4243,EWR,BTV,ExpressJet Airlines Inc.
815,EWR,DFW,United Air Lines Inc.
929,JFK,RSW,JetBlue Airways
169,EWR,LAX,Virgin America
3405,JFK,DCA,Endeavor Air Inc.
673,EWR,ATL,Delta Air Lines Inc.
2202,JFK,BUF,JetBlue Airways
712,EWR,LAS,United Air Lines Inc.
708,EWR,ORD,United Air Lines Inc.
345,LGA,ORD,American Airlines Inc.
707,LGA,DFW,American Airlines Inc.
4328,EWR,MSY,ExpressJet Airlines Inc.
535,JFK,LAX,United Air Lines Inc.
4119,EWR,RIC,ExpressJet Airlines Inc.
3546,LGA,MSP,Envoy Air
1205,JFK,PDX,JetBlue Airways
2751,LGA,CLT,Mesa Airlines Inc.
27,JFK,SFO,Virgin America
4695,EWR,MHT,ExpressJet Airlines Inc.
309,EWR,MCO,United Air Lines Inc.
1130,EWR,LAX,United Air Lines Inc.
477,EWR,LAS,United Air Lines Inc.
4096,EWR,RDU,ExpressJet Airlines Inc.
2187,LGA,DCA,US Airways Inc.
4536,EWR,CVG,ExpressJet Airlines Inc.
2120,LGA,BOS,US Airways Inc.
443,JFK,MIA,American Airlines Inc.
5208,LGA,RIC,ExpressJet Airlines Inc.
3728,EWR,ORD,Envoy Air
2158,LGA,BOS,US Airways Inc.
3383,JFK,CVG,Endeavor Air Inc.
5311,LGA,BGR,ExpressJet Airlines Inc.
1223,EWR,DFW,American Airlines Inc.
2116,LGA,BOS,US Airways Inc.
5298,LGA,OMA,ExpressJet Airlines Inc.
1026,JFK,BOS,JetBlue Airways
1224,EWR,LAX,United Air Lines Inc.
1183,JFK,MCO,JetBlue Airways
4479,LGA,RDU,Envoy Air
881,JFK,DFW,American Airlines Inc.
4364,EWR,MCI,ExpressJet Airlines Inc.
1693,EWR,IAH,United Air Lines Inc.
313,LGA,ORD,American Airlines Inc.
2179,LGA,DCA,US Airways Inc.
3795,EWR,CVG,Endeavor Air Inc.
24,JFK,BTV,JetBlue Airways
4370,EWR,CHS,ExpressJet Airlines Inc.
3567,LGA,CLT,Envoy Air
727,JFK,BQN,JetBlue Airways
709,JFK,SJU,JetBlue Airways
1410,LGA,MIA,American Airlines Inc.
425,JFK,TPA,JetBlue Airways
2187,LGA,DCA,US Airways Inc.
1174,EWR,BOS,JetBlue Airways
1801,JFK,FLL,JetBlue Airways
219,JFK,CLT,JetBlue Airways
2793,JFK,CMH,Envoy Air
1431,EWR,CLT,US Airways Inc.
3899,JFK,CLE,Endeavor Air Inc.
313,LGA,ORD,American Airlines Inc.
4638,EWR,CVG,ExpressJet Airlines Inc.
325,JFK,TPA,JetBlue Airways
2173,LGA,DCA,US Airways Inc.
327,EWR,PDX,United Air Lines Inc.
2159,JFK,MCO,Delta Air Lines Inc.
512,JFK,SFO,United Air Lines Inc.
4663,EWR,CHS,ExpressJet Airlines Inc.
1850,JFK,BOS,American Airlines Inc.
5181,EWR,ATL,ExpressJet Airlines Inc.
1545,EWR,IAH,United Air Lines Inc.
3695,EWR,ORD,Envoy Air
397,JFK,SFO,United Air Lines Inc.
714,EWR,MIA,United Air Lines Inc.
3689,LGA,DTW,Envoy Air
4128,EWR,MDW,Southwest Airlines Co.
371,LGA,ORD,American Airlines Inc.
301,LGA,ORD,American Airlines Inc.
169,EWR,LAX,Virgin America
3,JFK,SJU,JetBlue Airways
1147,LGA,ATL,Delta Air Lines Inc.
1443,JFK,SEA,Delta Air Lines Inc.
273,LGA,MDW,Southwest Airlines Co.
1232,EWR,IAH,United Air Lines Inc.
3341,JFK,DTW,Endeavor Air Inc.
1677,JFK,JAX,JetBlue Airways
1131,LGA,DTW,Delta Air Lines Inc.
423,JFK,LAX,JetBlue Airways
5395,LGA,CMH,ExpressJet Airlines Inc.
151,JFK,MCO,JetBlue Airways
23,JFK,SFO,Virgin America
4589,LGA,DTW,Envoy Air
3611,JFK,PIT,Endeavor Air Inc.
1010,JFK,BOS,JetBlue Airways
2680,EWR,BOS,JetBlue Airways
721,EWR,CLT,US Airways Inc.
3591,LGA,RDU,Envoy Air
1060,EWR,MCO,United Air Lines Inc.
1451,EWR,TPA,United Air Lines Inc.
4553,LGA,CLE,Envoy Air
1993,EWR,CLT,US Airways Inc.
807,EWR,ATL,Delta Air Lines Inc.
1031,LGA,DTW,Delta Air Lines Inc.
4533,EWR,BUF,ExpressJet Airlines Inc.
1242,EWR,FLL,United Air Lines Inc.
1108,JFK,MIA,Delta Air Lines Inc.
1284,EWR,SFO,United Air Lines Inc.
308,JFK,PWM,JetBlue Airways
696,EWR,MCO,United Air Lines Inc.
4157,EWR,OMA,ExpressJet Airlines Inc.
1529,JFK,LAS,Delta Air Lines Inc.
5091,LGA,PIT,ExpressJet Airlines Inc.
1701,EWR,FLL,United Air Lines Inc.
1186,EWR,MIA,United Air Lines Inc.
1554,EWR,FLL,United Air Lines Inc.
4191,EWR,BNA,ExpressJet Airlines Inc.
4700,EWR,CLT,ExpressJet Airlines Inc.
1715,LGA,MSY,Delta Air Lines Inc.
695,LGA,ORD,United Air Lines Inc.
4583,EWR,PWM,ExpressJet Airlines Inc.
4401,LGA,DTW,Envoy Air
4382,EWR,DTW,ExpressJet Airlines Inc.
2132,LGA,BOS,US Airways Inc.
4407,EWR,OMA,ExpressJet Airlines Inc.
319,LGA,IAH,United Air Lines Inc.
345,LGA,ATL,AirTran Airways Corporation
5461,LGA,RDU,ExpressJet Airlines Inc.
2331,LGA,DTW,Delta Air Lines Inc.
525,LGA,IAH,United Air Lines Inc.
611,JFK,JAX,JetBlue Airways
4383,EWR,DTW,ExpressJet Airlines Inc.
1641,EWR,MCO,United Air Lines Inc.
3,JFK,LAX,American Airlines Inc.
3521,JFK,ORD,Endeavor Air Inc.
4079,JFK,BWI,Endeavor Air Inc.
575,EWR,ATL,Delta Air Lines Inc.
6181,EWR,IAD,ExpressJet Airlines Inc.
2162,LGA,BOS,US Airways Inc.
4171,EWR,MSN,ExpressJet Airlines Inc.
677,JFK,MIA,American Airlines Inc.
775,JFK,MSY,JetBlue Airways
3315,JFK,MSP,Endeavor Air Inc.
3546,LGA,MSP,Envoy Air
369,LGA,PBI,JetBlue Airways
1182,EWR,PHX,United Air Lines Inc.
2223,LGA,STL,American Airlines Inc.
5689,LGA,IAD,ExpressJet Airlines Inc.
2457,LGA,MSY,Delta Air Lines Inc.
3267,EWR,ORF,ExpressJet Airlines Inc.
482,EWR,FLL,United Air Lines Inc.
423,JFK,LAX,JetBlue Airways
2231,LGA,DTW,Delta Air Lines Inc.
1734,EWR,PHX,United Air Lines Inc.
4099,EWR,STL,ExpressJet Airlines Inc.
83,JFK,SEA,JetBlue Airways
1697,JFK,MIA,American Airlines Inc.
1841,EWR,DFW,American Airlines Inc.
619,EWR,ORD,United Air Lines Inc.
3,JFK,LAX,American Airlines Inc.
1224,EWR,LAX,United Air Lines Inc.
85,JFK,FLL,JetBlue Airways
1506,EWR,LAS,United Air Lines Inc.
185,JFK,LAX,American Airlines Inc.
1186,EWR,MIA,United Air Lines Inc.
402,JFK,BOS,Delta Air Lines Inc.
947,LGA,ATL,Delta Air Lines Inc.
3373,JFK,RDU,Endeavor Air Inc.
535,JFK,LAX,United Air Lines Inc.
15,EWR,HNL,United Air Lines Inc.
1267,EWR,RSW,United Air Lines Inc.
120,JFK,LAX,Delta Air Lines Inc.
4086,EWR,GRR,ExpressJet Airlines Inc.
1695,EWR,IAH,United Air Lines Inc.
1053,JFK,PIT,JetBlue Airways
314,JFK,LAX,United Air Lines Inc.
97,JFK,DEN,JetBlue Airways
4705,EWR,ATL,ExpressJet Airlines Inc.
3199,LGA,CLT,Envoy Air
683,JFK,MCO,JetBlue Airways
3043,LGA,STL,Southwest Airlines Co.
195,JFK,LAS,JetBlue Airways
3744,EWR,ORD,Envoy Air
1627,EWR,PBI,United Air Lines Inc.
1503,JFK,SJU,JetBlue Airways
364,EWR,MIA,United Air Lines Inc.
4380,EWR,MSP,ExpressJet Airlines Inc.
1318,JFK,BOS,JetBlue Airways
245,JFK,PHX,Delta Air Lines Inc.
604,EWR,PHX,US Airways Inc.
4560,EWR,PIT,ExpressJet Airlines Inc.
4645,EWR,JAX,ExpressJet Airlines Inc.
3291,EWR,DTW,Endeavor Air Inc.
1273,JFK,CHS,JetBlue Airways
4179,EWR,BTV,ExpressJet Airlines Inc.
1099,LGA,MCO,JetBlue Airways
83,JFK,MIA,Delta Air Lines Inc.
3836,EWR,CLT,ExpressJet Airlines Inc.
4220,JFK,RDU,Endeavor Air Inc.
1030,LGA,IAH,United Air Lines Inc.
2143,JFK,MIA,Delta Air Lines Inc.
425,JFK,PDX,Delta Air Lines Inc.
407,JFK,LAX,Virgin America
4271,EWR,ALB,ExpressJet Airlines Inc.
1131,LGA,DTW,Delta Air Lines Inc.
971,LGA,FLL,JetBlue Airways
1589,EWR,DFW,American Airlines Inc.
1711,EWR,IAH,United Air Lines Inc.
2950,JFK,BWI,Endeavor Air Inc.
669,EWR,LAS,United Air Lines Inc.
179,JFK,SFO,American Airlines Inc.
857,JFK,SAN,Delta Air Lines Inc.
655,JFK,STT,American Airlines Inc.
1078,EWR,SAT,United Air Lines Inc.
677,JFK,LAX,JetBlue Airways
3357,LGA,ATL,Envoy Air
2370,LGA,PBI,Delta Air Lines Inc.
4670,LGA,BNA,Envoy Air
67,JFK,SAN,American Airlines Inc.
4533,EWR,BUF,ExpressJet Airlines Inc.
1723,EWR,SFO,United Air Lines Inc.
4485,LGA,CMH,Envoy Air
4395,EWR,IND,ExpressJet Airlines Inc.
883,JFK,MCO,JetBlue Airways
3846,EWR,ROC,ExpressJet Airlines Inc.
1111,LGA,DFW,American Airlines Inc.
2180,EWR,BOS,JetBlue Airways
1708,LGA,MDW,Southwest Airlines Co.
1085,LGA,CLT,US Airways Inc.
1433,LGA,CLT,US Airways Inc.
4328,EWR,MSY,ExpressJet Airlines Inc.
16,EWR,HOU,Southwest Airlines Co.
1949,JFK,LAS,American Airlines Inc.
483,JFK,MCO,JetBlue Airways
23,JFK,SFO,Virgin America
4622,LGA,BNA,Envoy Air
719,JFK,SFO,United Air Lines Inc.
85,JFK,SFO,American Airlines Inc.
215,EWR,BOS,United Air Lines Inc.
1581,EWR,SEA,United Air Lines Inc.
1175,LGA,MIA,American Airlines Inc.
4687,EWR,CVG,ExpressJet Airlines Inc.
575,EWR,ATL,Delta Air Lines Inc.
466,EWR,LAX,United Air Lines Inc.
1085,JFK,MIA,Delta Air Lines Inc.
1131,LGA,DTW,Delta Air Lines Inc.
713,JFK,SJU,JetBlue Airways
3644,LGA,ATL,Envoy Air
1999,EWR,MIA,American Airlines Inc.
5550,EWR,DTW,ExpressJet Airlines Inc.
1338,JFK,MVY,JetBlue Airways
1895,EWR,CLT,US Airways Inc.
1461,EWR,IAH,United Air Lines Inc.
2164,LGA,BOS,US Airways Inc.
503,JFK,SAN,Delta Air Lines Inc.
3848,EWR,ORF,ExpressJet Airlines Inc.
1085,LGA,CLT,US Airways Inc.
947,LGA,CLT,US Airways Inc.
3538,JFK,MSP,Endeavor Air Inc.
4518,LGA,RDU,Envoy Air
409,JFK,SFO,Delta Air Lines Inc.
5164,EWR,MSP,ExpressJet Airlines Inc.
1129,JFK,RSW,JetBlue Airways
323,JFK,LAX,JetBlue Airways
5846,EWR,CMH,ExpressJet Airlines Inc.
677,JFK,MIA,American Airlines Inc.
1787,EWR,DEN,Southwest Airlines Co.
801,JFK,FLL,JetBlue Airways
431,LGA,SRQ,JetBlue Airways
5168,LGA,GSO,ExpressJet Airlines Inc.
2190,JFK,MIA,Delta Air Lines Inc.
2907,JFK,BUF,Endeavor Air Inc.
1813,JFK,MCO,American Airlines Inc.
1935,LGA,TPA,Delta Air Lines Inc.
705,JFK,SJU,JetBlue Airways
1705,LGA,IAH,United Air Lines Inc.
1157,EWR,MSP,Delta Air Lines Inc.
1802,JFK,CLT,US Airways Inc.
914,LGA,DEN,Delta Air Lines Inc.
1107,LGA,DFW,American Airlines Inc.
375,LGA,FLL,JetBlue Airways
1444,EWR,ORD,United Air Lines Inc.
1292,EWR,FLL,United Air Lines Inc.
3478,LGA,DTW,Envoy Air
403,JFK,SJU,JetBlue Airways
891,EWR,HOU,Southwest Airlines Co.
4388,EWR,JAX,ExpressJet Airlines Inc.
2806,LGA,HOU,Southwest Airlines Co.
1729,JFK,RSW,JetBlue Airways
3407,LGA,CMH,Envoy Air
1033,EWR,DFW,American Airlines Inc.
914,LGA,DEN,Delta Air Lines Inc.
1054,EWR,LAX,United Air Lines Inc.
172,EWR,MIA,American Airlines Inc.
212,EWR,DEN,United Air Lines Inc.
4144,EWR,PIT,ExpressJet Airlines Inc.
1431,EWR,CLT,US Airways Inc.
3508,LGA,RIC,Endeavor Air Inc.
3839,EWR,DCA,ExpressJet Airlines Inc.
2143,JFK,ATL,Delta Air Lines Inc.
1275,JFK,SLC,Delta Air Lines Inc.
3272,LGA,CLE,Envoy Air
4316,EWR,BWI,ExpressJet Airlines Inc.
443,JFK,LAX,United Air Lines Inc.
45,EWR,PBI,United Air Lines Inc.
77,JFK,FLL,JetBlue Airways
546,LGA,MKE,Southwest Airlines Co.
51,JFK,HNL,Hawaiian Airlines Inc.
586,EWR,DEN,United Air Lines Inc.
251,JFK,LAS,Virgin America
4335,EWR,CVG,ExpressJet Airlines Inc.
677,JFK,JAX,JetBlue Airways
172,LGA,MDW,Southwest Airlines Co.
1625,EWR,DEN,United Air Lines Inc.
550,EWR,IAH,United Air Lines Inc.
2285,LGA,MCO,Delta Air Lines Inc.
4181,EWR,MCI,ExpressJet Airlines Inc.
3466,LGA,RDU,Envoy Air
4929,EWR,ATL,ExpressJet Airlines Inc.
4013,JFK,PHL,Endeavor Air Inc.
4893,EWR,DTW,ExpressJet Airlines Inc.
418,JFK,BOS,JetBlue Airways
715,LGA,DFW,American Airlines Inc.
4555,LGA,CMH,Envoy Air
161,JFK,MIA,Delta Air Lines Inc.
219,JFK,CLT,JetBlue Airways
1850,JFK,BOS,American Airlines Inc.
1638,EWR,CLE,United Air Lines Inc.
5713,LGA,IAD,ExpressJet Airlines Inc.
1697,JFK,MIA,American Airlines Inc.
124,LGA,MDW,Southwest Airlines Co.
5026,EWR,DTW,ExpressJet Airlines Inc.
3317,JFK,BUF,Endeavor Air Inc.
677,JFK,LAX,JetBlue Airways
1999,EWR,MIA,American Airlines Inc.
130,JFK,BUF,JetBlue Airways
709,LGA,DFW,American Airlines Inc.
3459,JFK,BNA,Endeavor Air Inc.
2163,LGA,DCA,US Airways Inc.
2949,JFK,BNA,Envoy Air
4181,EWR,MCI,ExpressJet Airlines Inc.
931,JFK,CLT,US Airways Inc.
4352,EWR,CVG,ExpressJet Airlines Inc.
1580,EWR,LAS,United Air Lines Inc.
1242,EWR,FLL,United Air Lines Inc.
1351,JFK,ORD,American Airlines Inc.
127,EWR,MCO,JetBlue Airways
717,EWR,HOU,Southwest Airlines Co.
3370,JFK,RDU,Endeavor Air Inc.
1435,LGA,TPA,Delta Air Lines Inc.
1403,LGA,MDW,Southwest Airlines Co.
4342,EWR,RDU,ExpressJet Airlines Inc.
1643,JFK,SEA,Delta Air Lines Inc.
422,EWR,FLL,United Air Lines Inc.
3821,EWR,GSO,ExpressJet Airlines Inc.
5815,EWR,RIC,ExpressJet Airlines Inc.
3044,JFK,BWI,Envoy Air
1266,EWR,LAX,United Air Lines Inc.
683,JFK,MCO,JetBlue Airways
165,JFK,PDX,JetBlue Airways
1273,JFK,CHS,JetBlue Airways
1815,JFK,MCO,American Airlines Inc.
1443,JFK,CLT,US Airways Inc.
1883,JFK,MCO,JetBlue Airways
929,JFK,RSW,JetBlue Airways
3521,JFK,ORD,Endeavor Air Inc.
1711,EWR,IAH,United Air Lines Inc.
850,LGA,MKE,AirTran Airways Corporation
745,LGA,DFW,American Airlines Inc.
418,JFK,BOS,JetBlue Airways
4510,EWR,MKE,ExpressJet Airlines Inc.
1708,EWR,SJU,United Air Lines Inc.
4674,LGA,CLE,Envoy Air
1269,EWR,PBI,United Air Lines Inc.
1281,EWR,SFO,United Air Lines Inc.
450,LGA,IAH,United Air Lines Inc.
618,EWR,BZN,United Air Lines Inc.
5678,EWR,CVG,ExpressJet Airlines Inc.
1773,JFK,LAS,Delta Air Lines Inc.
4658,LGA,ATL,Envoy Air
4579,LGA,CLT,Envoy Air
1889,JFK,SEA,Delta Air Lines Inc.
4368,EWR,DAY,ExpressJet Airlines Inc.
2247,LGA,ATL,Delta Air Lines Inc.
1115,EWR,TPA,United Air Lines Inc.
1299,EWR,RSW,United Air Lines Inc.
4638,EWR,CVG,ExpressJet Airlines Inc.
1629,JFK,LAS,Delta Air Lines Inc.
1296,EWR,PBI,United Air Lines Inc.
3855,JFK,PHL,Endeavor Air Inc.
1491,LGA,CLT,US Airways Inc.
5273,LGA,PIT,ExpressJet Airlines Inc.
201,JFK,FLL,JetBlue Airways
3354,JFK,BOS,Endeavor Air Inc.
3353,JFK,DTW,Endeavor Air Inc.
3393,JFK,DCA,Endeavor Air Inc.
83,JFK,SEA,JetBlue Airways
381,LGA,FLL,JetBlue Airways
905,JFK,ORD,JetBlue Airways
115,JFK,MSY,JetBlue Airways
1647,LGA,ATL,Delta Air Lines Inc.
1583,EWR,SFO,United Air Lines Inc.
4570,EWR,ORF,ExpressJet Airlines Inc.
308,EWR,IAH,United Air Lines Inc.
4479,EWR,MYR,ExpressJet Airlines Inc.
4398,EWR,DSM,ExpressJet Airlines Inc.
3315,JFK,MSP,Endeavor Air Inc.
3599,LGA,MSP,Envoy Air
1181,EWR,MCO,United Air Lines Inc.
535,JFK,LAX,United Air Lines Inc.
545,EWR,PBI,JetBlue Airways
418,EWR,SFO,United Air Lines Inc.
570,EWR,BOS,United Air Lines Inc.
4431,LGA,RDU,Envoy Air
425,JFK,TPA,JetBlue Airways
1523,EWR,DFW,United Air Lines Inc.
4583,EWR,PWM,ExpressJet Airlines Inc.
189,JFK,SAN,JetBlue Airways
2159,JFK,MCO,Delta Air Lines Inc.
436,EWR,SEA,United Air Lines Inc.
4224,EWR,MKE,ExpressJet Airlines Inc.
1682,EWR,FLL,United Air Lines Inc.
3531,LGA,RDU,Envoy Air
20,JFK,ROC,JetBlue Airways
991,JFK,PBI,JetBlue Airways
4401,LGA,DTW,Envoy Air
3359,JFK,RDU,Envoy Air
3532,LGA,XNA,Envoy Air
2119,LGA,MSP,Delta Air Lines Inc.
4880,LGA,MEM,ExpressJet Airlines Inc.
809,EWR,BOS,United Air Lines Inc.
1843,EWR,CLT,US Airways Inc.
763,LGA,DFW,American Airlines Inc.
4092,EWR,DAY,ExpressJet Airlines Inc.
4150,EWR,CVG,ExpressJet Airlines Inc.
317,LGA,ORD,American Airlines Inc.
499,EWR,SEA,United Air Lines Inc.
3385,JFK,BOS,Endeavor Air Inc.
4113,EWR,IND,ExpressJet Airlines Inc.
4201,EWR,DAY,ExpressJet Airlines Inc.
2191,LGA,DCA,US Airways Inc.
5109,LGA,CHS,ExpressJet Airlines Inc.
245,JFK,PHX,Delta Air Lines Inc.
1889,JFK,SEA,Delta Air Lines Inc.
1085,JFK,CLT,JetBlue Airways
841,JFK,LAX,United Air Lines Inc.
66,JFK,BUF,JetBlue Airways
3455,JFK,PIT,Endeavor Air Inc.
509,LGA,DEN,United Air Lines Inc.
805,LGA,MKE,Southwest Airlines Co.
4240,EWR,BUF,ExpressJet Airlines Inc.
482,EWR,FLL,United Air Lines Inc.
415,JFK,DTW,Delta Air Lines Inc.
1714,LGA,IAH,United Air Lines Inc.
2169,LGA,DCA,US Airways Inc.
22,JFK,SYR,JetBlue Airways
1595,EWR,SNA,United Air Lines Inc.
318,EWR,MDW,Southwest Airlines Co.
1089,JFK,CLT,US Airways Inc.
2067,JFK,CLT,US Airways Inc.
42,JFK,SYR,JetBlue Airways
3676,LGA,CLT,Envoy Air
1222,LGA,CLT,US Airways Inc.
15,JFK,FLL,JetBlue Airways
4572,EWR,GSP,ExpressJet Airlines Inc.
1474,EWR,DFW,United Air Lines Inc.
1714,LGA,IAH,United Air Lines Inc.
1437,EWR,AUS,United Air Lines Inc.
1585,LGA,MCO,Delta Air Lines Inc.
1064,EWR,FLL,United Air Lines Inc.
4537,EWR,MEM,ExpressJet Airlines Inc.
5596,EWR,ATL,ExpressJet Airlines Inc.
1529,JFK,LAS,Delta Air Lines Inc.
1394,JFK,PDX,Delta Air Lines Inc.
3983,JFK,BWI,Endeavor Air Inc.
4172,JFK,CLE,Envoy Air
5795,EWR,PIT,ExpressJet Airlines Inc.
1,JFK,FLL,JetBlue Airways
301,JFK,SJU,Delta Air Lines Inc.
120,JFK,LAX,Delta Air Lines Inc.
759,LGA,DFW,American Airlines Inc.
4552,EWR,GSO,ExpressJet Airlines Inc.
4553,LGA,CLE,Envoy Air
419,JFK,SEA,Delta Air Lines Inc.
743,LGA,DFW,American Airlines Inc.
1507,EWR,CLT,US Airways Inc.
1216,EWR,SJU,United Air Lines Inc.
495,JFK,PHX,US Airways Inc.
4179,EWR,BOS,ExpressJet Airlines Inc.
383,LGA,FLL,JetBlue Airways
3301,LGA,RDU,Envoy Air
1757,JFK,TPA,American Airlines Inc.
2085,LGA,CLT,US Airways Inc.
807,EWR,ATL,Delta Air Lines Inc.
169,EWR,LAX,Virgin America
51,JFK,HNL,Hawaiian Airlines Inc.
371,LGA,FLL,JetBlue Airways
3832,EWR,DCA,ExpressJet Airlines Inc.
2267,LGA,MIA,American Airlines Inc.
1493,EWR,LAX,United Air Lines Inc.
2169,LGA,DCA,US Airways Inc.
403,EWR,MIA,United Air Lines Inc.
1611,LGA,MIA,American Airlines Inc.
1271,JFK,FLL,Delta Air Lines Inc.
4567,EWR,MCI,ExpressJet Airlines Inc.
695,JFK,AUS,American Airlines Inc.
1162,EWR,ORD,United Air Lines Inc.
3472,JFK,DTW,Endeavor Air Inc.
1850,JFK,BOS,American Airlines Inc.
41,JFK,MCO,JetBlue Airways
1729,JFK,LAS,Delta Air Lines Inc.
12,JFK,SYR,JetBlue Airways
175,JFK,SEA,JetBlue Airways
3542,JFK,MSP,Endeavor Air Inc.
178,JFK,BOS,American Airlines Inc.
4100,EWR,MEM,ExpressJet Airlines Inc.
4245,JFK,CHS,Endeavor Air Inc.
2131,LGA,DTW,Delta Air Lines Inc.
4323,JFK,ORF,Envoy Air
525,EWR,DEN,United Air Lines Inc.
2379,LGA,MIA,American Airlines Inc.
837,LGA,DEN,Frontier Airlines Inc.
537,EWR,TPA,JetBlue Airways
700,LGA,IAH,United Air Lines Inc.
4660,LGA,BNA,Envoy Air
2179,EWR,DTW,Delta Air Lines Inc.
415,JFK,LAX,Virgin America
1454,EWR,MSY,Southwest Airlines Co.
4220,JFK,RDU,Endeavor Air Inc.
3611,JFK,PIT,Endeavor Air Inc.
857,JFK,SAN,Delta Air Lines Inc.
3565,LGA,CLT,Envoy Air
671,LGA,BNA,Southwest Airlines Co.
809,EWR,BOS,United Air Lines Inc.
4103,EWR,DCA,ExpressJet Airlines Inc.
4708,EWR,SDF,ExpressJet Airlines Inc.
2935,JFK,PIT,Endeavor Air Inc.
4125,EWR,GRR,ExpressJet Airlines Inc.
4950,EWR,ATL,ExpressJet Airlines Inc.
1625,EWR,DEN,United Air Lines Inc.
431,LGA,SRQ,JetBlue Airways
1,JFK,LAX,American Airlines Inc.
500,JFK,LAS,Delta Air Lines Inc.
65,JFK,DFW,American Airlines Inc.
383,JFK,MCO,JetBlue Airways
3388,LGA,CMH,Envoy Air
1012,LGA,CLT,US Airways Inc.
20,LGA,HOU,Southwest Airlines Co.
1833,JFK,PHL,US Airways Inc.
5038,LGA,BHM,ExpressJet Airlines Inc.
4672,EWR,STL,ExpressJet Airlines Inc.
1554,EWR,ORD,United Air Lines Inc.
4576,EWR,GRR,ExpressJet Airlines Inc.
4246,EWR,DTW,ExpressJet Airlines Inc.
1145,LGA,DFW,American Airlines Inc.
3443,JFK,MCI,Endeavor Air Inc.
4429,LGA,CMH,Envoy Air
2285,LGA,MCO,Delta Air Lines Inc.
286,JFK,ROC,JetBlue Airways
221,LGA,ATL,Delta Air Lines Inc.
3694,EWR,ORD,Envoy Air
1727,EWR,SFO,United Air Lines Inc.
219,JFK,CLT,JetBlue Airways
4885,LGA,ILM,ExpressJet Airlines Inc.
119,EWR,LAX,American Airlines Inc.
1506,EWR,LAS,United Air Lines Inc.
87,JFK,SLC,JetBlue Airways
4490,LGA,STL,Southwest Airlines Co.
4630,EWR,PWM,ExpressJet Airlines Inc.
4594,EWR,RDU,ExpressJet Airlines Inc.
3521,JFK,ORD,Endeavor Air Inc.
1895,EWR,CLT,US Airways Inc.
623,JFK,LAX,JetBlue Airways
1237,EWR,SAT,United Air Lines Inc.
677,JFK,JAX,JetBlue Airways
267,EWR,CLE,United Air Lines Inc.
153,JFK,PBI,JetBlue Airways
504,EWR,PDX,United Air Lines Inc.
15,JFK,SFO,JetBlue Airways
163,JFK,SRQ,JetBlue Airways
1103,LGA,DFW,American Airlines Inc.
4406,JFK,RDU,Envoy Air
85,JFK,FLL,JetBlue Airways
4577,LGA,CLT,Envoy Air
5454,EWR,DTW,ExpressJet Airlines Inc.
759,LGA,DFW,American Airlines Inc.
1289,EWR,SJU,JetBlue Airways
835,EWR,DTW,Delta Air Lines Inc.
1643,EWR,DEN,United Air Lines Inc.
573,EWR,TPA,JetBlue Airways
643,EWR,ORD,United Air Lines Inc.
1085,LGA,CLT,US Airways Inc.
1103,JFK,SJU,JetBlue Airways
711,JFK,LAS,JetBlue Airways
4191,EWR,BNA,ExpressJet Airlines Inc.
1601,LGA,RSW,JetBlue Airways
686,JFK,ROC,JetBlue Airways
1497,LGA,IAH,United Air Lines Inc.
1048,LGA,ORD,United Air Lines Inc.
1185,LGA,DFW,American Airlines Inc.
4580,EWR,MKE,ExpressJet Airlines Inc.
4485,EWR,RDU,ExpressJet Airlines Inc.
2226,LGA,MDW,Southwest Airlines Co.
1455,EWR,LAX,United Air Lines Inc.
1919,LGA,MSP,Delta Air Lines Inc.
4146,JFK,CMH,Envoy Air
1711,JFK,ORD,American Airlines Inc.
2083,EWR,DFW,American Airlines Inc.
145,JFK,MIA,American Airlines Inc.
1051,JFK,MSY,Delta Air Lines Inc.
2377,LGA,MCO,Delta Air Lines Inc.
4580,EWR,MKE,ExpressJet Airlines Inc.
345,LGA,ORD,American Airlines Inc.
4406,JFK,RDU,Envoy Air
406,JFK,ATL,Delta Air Lines Inc.
2810,LGA,DTW,Envoy Air
181,LGA,DTW,Delta Air Lines Inc.
2343,EWR,ATL,Delta Air Lines Inc.
305,LGA,ORD,American Airlines Inc.
152,LGA,MKE,Southwest Airlines Co.
1191,JFK,ACK,JetBlue Airways
3805,EWR,BNA,ExpressJet Airlines Inc.
145,JFK,MIA,American Airlines Inc.
73,EWR,SFO,United Air Lines Inc.
1131,LGA,DTW,Delta Air Lines Inc.
5713,LGA,IAD,ExpressJet Airlines Inc.
431,LGA,SRQ,JetBlue Airways
573,EWR,SNA,United Air Lines Inc.
687,EWR,CLT,US Airways Inc.
1715,LGA,MSY,Delta Air Lines Inc.
1216,EWR,SJU,United Air Lines Inc.
2395,LGA,PBI,Delta Air Lines Inc.
3407,LGA,CMH,Envoy Air
1641,EWR,MCO,United Air Lines Inc.
1186,EWR,MIA,United Air Lines Inc.
4013,JFK,PHL,Endeavor Air Inc.
3374,JFK,PIT,Endeavor Air Inc.
4187,EWR,BNA,ExpressJet Airlines Inc.
2924,JFK,MSY,Endeavor Air Inc.
1705,LGA,MSY,Delta Air Lines Inc.
2680,EWR,BOS,JetBlue Airways
3810,EWR,JAX,ExpressJet Airlines Inc.
1078,EWR,SAT,United Air Lines Inc.
1592,EWR,MCO,United Air Lines Inc.
595,EWR,LAS,United Air Lines Inc.
4187,EWR,BNA,ExpressJet Airlines Inc.
179,JFK,PHX,JetBlue Airways
3445,LGA,DSM,Endeavor Air Inc.
1783,JFK,MCO,JetBlue Airways
587,EWR,BOS,United Air Lines Inc.
3478,LGA,DTW,Envoy Air
2370,LGA,PBI,Delta Air Lines Inc.
4172,JFK,CLE,Envoy Air
1191,JFK,ACK,JetBlue Airways
689,LGA,ORD,United Air Lines Inc.
308,JFK,PWM,JetBlue Airways
745,LGA,DEN,United Air Lines Inc.
4335,EWR,CMH,ExpressJet Airlines Inc.
4364,EWR,MCI,ExpressJet Airlines Inc.
505,EWR,FLL,JetBlue Airways
2377,LGA,MCO,Delta Air Lines Inc.
821,JFK,SFO,United Air Lines Inc.
703,JFK,SJU,JetBlue Airways
3899,JFK,CLE,Endeavor Air Inc.
623,LGA,ATL,AirTran Airways Corporation
1111,JFK,RDU,JetBlue Airways
475,EWR,IAH,United Air Lines Inc.
1157,EWR,MSP,Delta Air Lines Inc.
581,JFK,HOU,JetBlue Airways
2793,JFK,CMH,Envoy Air
4188,EWR,CLE,ExpressJet Airlines Inc.
4202,EWR,STL,ExpressJet Airlines Inc.
364,EWR,CLE,United Air Lines Inc.
987,JFK,MCO,JetBlue Airways
1875,LGA,TPA,Delta Air Lines Inc.
947,LGA,ATL,Delta Air Lines Inc.
1623,EWR,MIA,United Air Lines Inc.
1183,JFK,MCO,JetBlue Airways
711,LGA,DFW,American Airlines Inc.
4148,EWR,CLT,ExpressJet Airlines Inc.
1178,EWR,IAH,United Air Lines Inc.
561,LGA,PBI,JetBlue Airways
1995,LGA,CLT,US Airways Inc.
857,JFK,SAN,Delta Air Lines Inc.
1410,LGA,MIA,American Airlines Inc.
523,JFK,LAX,JetBlue Airways
3556,LGA,DTW,Envoy Air
2391,JFK,TPA,Delta Air Lines Inc.
4572,EWR,GSP,ExpressJet Airlines Inc.
2139,LGA,MIA,Delta Air Lines Inc.
4625,EWR,STL,ExpressJet Airlines Inc.
2169,LGA,DCA,US Airways Inc.
91,JFK,LAS,Delta Air Lines Inc.
1501,LGA,MKE,Southwest Airlines Co.
3422,JFK,BOS,Endeavor Air Inc.
1531,LGA,CLT,US Airways Inc.
2602,JFK,BUF,JetBlue Airways
2138,LGA,BOS,US Airways Inc.
3611,JFK,PIT,Endeavor Air Inc.
1119,JFK,CLT,JetBlue Airways
1873,EWR,DEN,Southwest Airlines Co.
515,EWR,FLL,JetBlue Airways
1373,JFK,CHS,JetBlue Airways
1172,EWR,ORD,United Air Lines Inc.
2177,LGA,DCA,US Airways Inc.
3074,LGA,DEN,Southwest Airlines Co.
5747,LGA,IAD,ExpressJet Airlines Inc.
1879,LGA,FLL,Delta Air Lines Inc.
353,LGA,CAK,AirTran Airways Corporation
1296,EWR,SFO,United Air Lines Inc.
63,JFK,TPA,JetBlue Airways
3341,JFK,DTW,Endeavor Air Inc.
1600,EWR,LAX,United Air Lines Inc.
399,JFK,LAX,Virgin America
4185,EWR,DTW,ExpressJet Airlines Inc.
8,JFK,PWM,JetBlue Airways
65,JFK,TPA,JetBlue Airways
1847,LGA,ATL,Delta Air Lines Inc.
271,EWR,FLL,United Air Lines Inc.
255,LGA,ORD,United Air Lines Inc.
1295,JFK,AUS,JetBlue Airways
313,LGA,ORD,American Airlines Inc.
623,LGA,ATL,AirTran Airways Corporation
449,EWR,CLT,US Airways Inc.
4097,JFK,BWI,Endeavor Air Inc.
4348,EWR,MSP,ExpressJet Airlines Inc.
4255,EWR,ROC,ExpressJet Airlines Inc.
112,LGA,STL,Southwest Airlines Co.
1716,LGA,ATL,Southwest Airlines Co.
1592,EWR,MCO,United Air Lines Inc.
459,EWR,ORD,United Air Lines Inc.
218,LGA,MKE,Southwest Airlines Co.
145,JFK,MIA,American Airlines Inc.
381,LGA,FLL,JetBlue Airways
4669,LGA,ATL,Envoy Air
125,LGA,DEN,United Air Lines Inc.
4502,EWR,BNA,ExpressJet Airlines Inc.
4670,LGA,BNA,Envoy Air
11,JFK,SFO,Virgin America
4334,EWR,CMH,ExpressJet Airlines Inc.
1627,EWR,PBI,United Air Lines Inc.
2139,LGA,MIA,Delta Air Lines Inc.
118,JFK,BOS,JetBlue Airways
4201,EWR,DAY,ExpressJet Airlines Inc.
1919,LGA,MSP,Delta Air Lines Inc.
1621,JFK,DEN,Delta Air Lines Inc.
409,JFK,SFO,Delta Air Lines Inc.
151,JFK,MCO,JetBlue Airways
3765,LGA,MKE,Southwest Airlines Co.
1147,LGA,ATL,Delta Air Lines Inc.
112,JFK,BUF,JetBlue Airways
4334,EWR,CMH,ExpressJet Airlines Inc.
1854,LGA,FLL,Delta Air Lines Inc.
3542,JFK,MSP,Endeavor Air Inc.
209,JFK,LGB,JetBlue Airways
4626,LGA,CMH,Envoy Air
3395,JFK,DCA,Endeavor Air Inc.
3535,JFK,CMH,Envoy Air
2347,LGA,ATL,Delta Air Lines Inc.
1989,EWR,CLT,US Airways Inc.
407,JFK,LAX,Virgin America
208,JFK,BUF,JetBlue Airways
1621,EWR,CLT,US Airways Inc.
421,EWR,SFO,United Air Lines Inc.
1305,JFK,IAD,JetBlue Airways
1481,EWR,BOS,United Air Lines Inc.
623,LGA,ATL,AirTran Airways Corporation
2167,LGA,DCA,US Airways Inc.
11,JFK,SFO,Virgin America
1601,LGA,RSW,JetBlue Airways
1186,EWR,MIA,United Air Lines Inc.
334,EWR,SAT,United Air Lines Inc.
673,EWR,ATL,Delta Air Lines Inc.
3556,LGA,DTW,Envoy Air
2267,LGA,MIA,American Airlines Inc.
1161,LGA,PBI,JetBlue Airways
403,JFK,SJU,JetBlue Airways
2019,LGA,MSP,Delta Air Lines Inc.
3351,LGA,DTW,Envoy Air
2331,LGA,DTW,Delta Air Lines Inc.
401,EWR,ATL,Delta Air Lines Inc.
15,JFK,SFO,JetBlue Airways
883,EWR,DFW,American Airlines Inc.
4589,LGA,DTW,Envoy Air
73,JFK,ATL,Delta Air Lines Inc.
543,EWR,PBI,JetBlue Airways
37,JFK,FLL,JetBlue Airways
5091,LGA,PIT,ExpressJet Airlines Inc.
1069,JFK,AUS,JetBlue Airways
3341,JFK,DTW,Endeavor Air Inc.
5222,EWR,DTW,ExpressJet Airlines Inc.
1482,EWR,BOS,United Air Lines Inc.
739,LGA,DFW,American Airlines Inc.
1479,EWR,LAX,United Air Lines Inc.
5212,LGA,RIC,ExpressJet Airlines Inc.
1624,EWR,FLL,United Air Lines Inc.
4140,EWR,XNA,ExpressJet Airlines Inc.
4640,EWR,DAY,ExpressJet Airlines Inc.
1394,JFK,PDX,Delta Air Lines Inc.
5824,EWR,RIC,ExpressJet Airlines Inc.
2454,JFK,DEN,Delta Air Lines Inc.
3318,JFK,BUF,Endeavor Air Inc.
1637,EWR,TPA,United Air Lines Inc.
3513,LGA,MKE,Endeavor Air Inc.
253,EWR,PDX,United Air Lines Inc.
2171,LGA,DCA,US Airways Inc.
4429,LGA,CMH,Envoy Air
1642,LGA,ORD,United Air Lines Inc.
525,EWR,MCO,JetBlue Airways
3419,LGA,ATL,Envoy Air
75,JFK,TPA,JetBlue Airways
1160,EWR,BOS,United Air Lines Inc.
1466,EWR,IAH,United Air Lines Inc.
1120,EWR,SFO,United Air Lines Inc.
117,JFK,MSY,JetBlue Airways
4577,LGA,CLT,Envoy Air
3899,JFK,CLE,Endeavor Air Inc.
1769,JFK,MIA,American Airlines Inc.
171,JFK,SMF,JetBlue Airways
1854,LGA,FLL,Delta Air Lines Inc.
1433,LGA,CLT,US Airways Inc.
21,JFK,LAX,American Airlines Inc.
5810,EWR,DTW,ExpressJet Airlines Inc.
2347,LGA,ATL,Delta Air Lines Inc.
1373,JFK,MIA,Delta Air Lines Inc.
3070,JFK,TPA,Envoy Air
1246,EWR,SFO,United Air Lines Inc.
715,LGA,MSY,Delta Air Lines Inc.
1684,EWR,MIA,United Air Lines Inc.
322,LGA,CLE,United Air Lines Inc.
4125,EWR,GSO,ExpressJet Airlines Inc.
4447,LGA,RDU,Envoy Air
1110,EWR,LAX,United Air Lines Inc.
2457,LGA,MSY,Delta Air Lines Inc.
258,LGA,ORD,United Air Lines Inc.
299,EWR,DFW,United Air Lines Inc.
1682,LGA,IAH,United Air Lines Inc.
4127,JFK,IAD,Endeavor Air Inc.
5298,LGA,OMA,ExpressJet Airlines Inc.
1983,EWR,AUS,Southwest Airlines Co.
604,EWR,PHX,US Airways Inc.
731,LGA,DTW,Delta Air Lines Inc.
1508,JFK,RSW,Delta Air Lines Inc.
1069,JFK,AUS,JetBlue Airways
2344,JFK,LAX,Delta Air Lines Inc.
2537,JFK,SLC,Delta Air Lines Inc.
1942,EWR,ATL,Delta Air Lines Inc.
1715,LGA,MSY,Delta Air Lines Inc.
1529,JFK,LAS,Delta Air Lines Inc.
223,JFK,LAX,JetBlue Airways
135,JFK,RSW,JetBlue Airways
1715,LGA,MSY,Delta Air Lines Inc.
415,EWR,ORD,United Air Lines Inc.
3635,JFK,BWI,Endeavor Air Inc.
1585,LGA,MCO,Delta Air Lines Inc.
3709,EWR,ORD,Envoy Air
3310,JFK,MCI,Endeavor Air Inc.
1623,EWR,MIA,American Airlines Inc.
4033,LGA,TYS,Endeavor Air Inc.
407,JFK,LAX,Virgin America
4588,LGA,MSP,Envoy Air
2280,JFK,FLL,Delta Air Lines Inc.
3304,JFK,MSY,Endeavor Air Inc.
963,JFK,LAX,Delta Air Lines Inc.
4282,EWR,JAX,ExpressJet Airlines Inc.
1787,JFK,TPA,American Airlines Inc.
135,JFK,RSW,JetBlue Airways
4326,EWR,CLT,ExpressJet Airlines Inc.
731,LGA,DTW,Delta Air Lines Inc.
95,JFK,DTW,Delta Air Lines Inc.
3855,JFK,PHL,Endeavor Air Inc.
4619,LGA,ATL,Envoy Air
3488,LGA,MCI,Endeavor Air Inc.
2136,LGA,BOS,US Airways Inc.
1054,EWR,LAX,United Air Lines Inc.
1695,LGA,TPA,Delta Air Lines Inc.
177,JFK,SFO,American Airlines Inc.
83,JFK,SEA,JetBlue Airways
2602,JFK,BUF,JetBlue Airways
2116,LGA,BOS,US Airways Inc.
1875,LGA,TPA,Delta Air Lines Inc.
2119,LGA,MSP,Delta Air Lines Inc.
1565,JFK,SFO,Delta Air Lines Inc.
23,JFK,SFO,Virgin America
1740,EWR,IAH,United Air Lines Inc.
145,JFK,PBI,JetBlue Airways
1179,EWR,TPA,United Air Lines Inc.
369,EWR,MDW,Southwest Airlines Co.
3374,JFK,RDU,Envoy Air
725,JFK,BQN,JetBlue Airways
4640,EWR,DAY,ExpressJet Airlines Inc.
1231,LGA,DTW,Delta Air Lines Inc.
5091,LGA,PIT,ExpressJet Airlines Inc.
66,JFK,BUF,JetBlue Airways
1665,EWR,LAX,United Air Lines Inc.
5274,LGA,BNA,ExpressJet Airlines Inc.
4628,EWR,STL,ExpressJet Airlines Inc.
1601,LGA,RSW,JetBlue Airways
3844,EWR,BUF,ExpressJet Airlines Inc.
4449,JFK,DCA,Envoy Air
4695,EWR,MHT,ExpressJet Airlines Inc.
935,EWR,ATL,Delta Air Lines Inc.
539,EWR,IAH,United Air Lines Inc.
3718,EWR,ORD,Envoy Air
300,EWR,DFW,American Airlines Inc.
731,LGA,DTW,Delta Air Lines Inc.
4698,EWR,DCA,ExpressJet Airlines Inc.
4051,JFK,BWI,Endeavor Air Inc.
16,EWR,HOU,Southwest Airlines Co.
425,JFK,PDX,Delta Air Lines Inc.
1256,LGA,MIA,American Airlines Inc.
1348,LGA,JAX,Delta Air Lines Inc.
3341,EWR,DTW,Endeavor Air Inc.
3599,LGA,MSP,Envoy Air
3291,EWR,DTW,Endeavor Air Inc.
33,JFK,LAX,American Airlines Inc.
5091,LGA,PIT,ExpressJet Airlines Inc.
1073,LGA,MIA,American Airlines Inc.
195,JFK,LAS,JetBlue Airways
829,JFK,CLT,US Airways Inc.
4440,EWR,IAD,ExpressJet Airlines Inc.
753,LGA,DFW,American Airlines Inc.
4403,JFK,RDU,Envoy Air
5273,LGA,PIT,ExpressJet Airlines Inc.
4360,EWR,PIT,ExpressJet Airlines Inc.
857,JFK,SAN,Delta Air Lines Inc.
904,LGA,ATL,Delta Air Lines Inc.
5716,JFK,IAD,ExpressJet Airlines Inc.
1635,JFK,SJU,American Airlines Inc.
255,LGA,ORD,United Air Lines Inc.
1201,JFK,FLL,JetBlue Airways
1105,JFK,ORD,JetBlue Airways
4478,LGA,DTW,Envoy Air
178,JFK,BOS,American Airlines Inc.
1018,JFK,BOS,JetBlue Airways
3678,EWR,ORD,Envoy Air
4702,EWR,GSO,ExpressJet Airlines Inc.
27,JFK,TPA,JetBlue Airways
389,LGA,MCO,JetBlue Airways
3442,JFK,CVG,Endeavor Air Inc.
269,JFK,SEA,American Airlines Inc.
1600,EWR,LAX,United Air Lines Inc.
1120,EWR,SAN,United Air Lines Inc.
7,EWR,SEA,Alaska Airlines Inc.
2280,JFK,FLL,Delta Air Lines Inc.
33,JFK,LAX,American Airlines Inc.
4479,LGA,RDU,Envoy Air
4662,EWR,RDU,ExpressJet Airlines Inc.
65,JFK,DFW,American Airlines Inc.
5373,LGA,GSO,ExpressJet Airlines Inc.
1833,JFK,PHL,US Airways Inc.
91,JFK,OAK,JetBlue Airways
1849,LGA,PHL,US Airways Inc.
3669,LGA,ATL,Envoy Air
837,LGA,DEN,Frontier Airlines Inc.
1121,LGA,DFW,American Airlines Inc.
642,JFK,SFO,United Air Lines Inc.
1847,LGA,ATL,Delta Air Lines Inc.
65,JFK,ABQ,JetBlue Airways
1375,JFK,SLC,Delta Air Lines Inc.
1596,EWR,STL,Southwest Airlines Co.
4382,EWR,DTW,ExpressJet Airlines Inc.
1103,JFK,RDU,JetBlue Airways
11,JFK,SFO,Virgin America
997,EWR,LAX,United Air Lines Inc.
1416,EWR,FLL,United Air Lines Inc.
1121,LGA,DFW,American Airlines Inc.
985,JFK,BOS,Delta Air Lines Inc.
1269,JFK,CLT,US Airways Inc.
2190,JFK,MIA,Delta Air Lines Inc.
5711,JFK,IAD,ExpressJet Airlines Inc.
1602,EWR,SFO,United Air Lines Inc.
4487,EWR,IAD,ExpressJet Airlines Inc.
2267,LGA,MIA,American Airlines Inc.
781,LGA,ATL,Delta Air Lines Inc.
2793,JFK,CMH,Envoy Air
1919,LGA,MSP,Delta Air Lines Inc.
2007,JFK,PDX,Delta Air Lines Inc.
707,LGA,DFW,American Airlines Inc.
935,EWR,ATL,Delta Air Lines Inc.
5432,LGA,BNA,ExpressJet Airlines Inc.
303,LGA,ORD,American Airlines Inc.
1185,JFK,RDU,JetBlue Airways
1607,LGA,PHL,US Airways Inc.
5819,EWR,MHT,ExpressJet Airlines Inc.
4364,EWR,MCI,ExpressJet Airlines Inc.
4326,EWR,CLT,ExpressJet Airlines Inc.
1188,EWR,SFO,United Air Lines Inc.
1143,LGA,DFW,American Airlines Inc.
12,JFK,SYR,JetBlue Airways
5,EWR,FLL,JetBlue Airways
3622,LGA,BNA,Envoy Air
2054,LGA,CLT,US Airways Inc.
2391,JFK,TPA,Delta Air Lines Inc.
209,JFK,LGB,JetBlue Airways
2247,LGA,ATL,Delta Air Lines Inc.
71,JFK,SLC,JetBlue Airways
4258,EWR,CLT,ExpressJet Airlines Inc.
3823,JFK,DCA,Envoy Air
611,JFK,JAX,JetBlue Airways
3310,JFK,MCI,Endeavor Air Inc.
2183,LGA,DCA,US Airways Inc.
3843,JFK,SYR,Endeavor Air Inc.
6,JFK,SLC,Delta Air Lines Inc.
303,JFK,SFO,United Air Lines Inc.
1073,LGA,MIA,American Airlines Inc.
3848,EWR,CLT,ExpressJet Airlines Inc.
1078,EWR,SAT,United Air Lines Inc.
1427,JFK,CLT,US Airways Inc.
4352,EWR,CVG,ExpressJet Airlines Inc.
185,JFK,LAX,American Airlines Inc.
4535,EWR,MSP,ExpressJet Airlines Inc.
1261,EWR,CLE,United Air Lines Inc.
83,JFK,SEA,JetBlue Airways
1531,EWR,CLE,United Air Lines Inc.
574,EWR,IAH,United Air Lines Inc.
196,JFK,PHX,US Airways Inc.
5383,LGA,ROC,ExpressJet Airlines Inc.
1740,EWR,JAC,United Air Lines Inc.
263,JFK,SEA,JetBlue Airways
4323,JFK,ORF,Envoy Air
1982,LGA,MIA,Delta Air Lines Inc.
4204,EWR,OKC,ExpressJet Airlines Inc.
715,JFK,SJU,JetBlue Airways
1765,JFK,SFO,Delta Air Lines Inc.
219,LGA,ORD,United Air Lines Inc.
4580,EWR,MKE,ExpressJet Airlines Inc.
1519,EWR,MCO,United Air Lines Inc.
1365,EWR,DTW,Delta Air Lines Inc.
3355,LGA,BNA,Envoy Air
5306,LGA,GSO,ExpressJet Airlines Inc.
4361,EWR,TYS,ExpressJet Airlines Inc.
6,JFK,SLC,Delta Air Lines Inc.
4129,EWR,BNA,ExpressJet Airlines Inc.
223,EWR,ORD,United Air Lines Inc.
920,EWR,TPA,United Air Lines Inc.
795,JFK,AUS,JetBlue Airways
720,EWR,CLT,US Airways Inc.
3622,LGA,BNA,Envoy Air
4633,EWR,BTV,ExpressJet Airlines Inc.
4220,JFK,RDU,Endeavor Air Inc.
4422,EWR,PIT,ExpressJet Airlines Inc.
2347,LGA,ATL,Delta Air Lines Inc.
3833,EWR,CVG,ExpressJet Airlines Inc.
477,JFK,LAX,Delta Air Lines Inc.
1762,JFK,BOS,American Airlines Inc.
199,JFK,ORD,American Airlines Inc.
4569,LGA,RDU,Envoy Air
4426,LGA,CMH,Envoy Air
1743,JFK,ATL,Delta Air Lines Inc.
1345,JFK,MIA,American Airlines Inc.
841,JFK,SFO,Delta Air Lines Inc.
443,JFK,LAX,United Air Lines Inc.
21,JFK,LAX,American Airlines Inc.
3523,JFK,ORD,Endeavor Air Inc.
701,JFK,SJU,JetBlue Airways
687,EWR,CLT,US Airways Inc.
556,EWR,PHX,United Air Lines Inc.
2052,EWR,CLT,US Airways Inc.
2191,LGA,DCA,US Airways Inc.
2027,JFK,FLL,Delta Air Lines Inc.
1183,JFK,MCO,JetBlue Airways
133,JFK,LAX,American Airlines Inc.
3202,JFK,IND,Envoy Air
5747,LGA,IAD,ExpressJet Airlines Inc.
711,JFK,LAS,JetBlue Airways
299,EWR,SEA,United Air Lines Inc.
359,JFK,BUR,JetBlue Airways
703,JFK,LAX,United Air Lines Inc.
839,JFK,BQN,JetBlue Airways
4442,EWR,MHT,ExpressJet Airlines Inc.
329,LGA,ORD,American Airlines Inc.
2126,LGA,BOS,US Airways Inc.
3815,EWR,ROC,ExpressJet Airlines Inc.
5133,EWR,DTW,ExpressJet Airlines Inc.
3652,EWR,STL,Southwest Airlines Co.
4537,EWR,MEM,ExpressJet Airlines Inc.
1205,EWR,MIA,American Airlines Inc.
3807,EWR,ORF,ExpressJet Airlines Inc.
3508,LGA,JAX,Endeavor Air Inc.
1033,EWR,DFW,American Airlines Inc.
2351,JFK,MIA,American Airlines Inc.
780,EWR,MSP,Delta Air Lines Inc.
4326,EWR,BWI,ExpressJet Airlines Inc.
2502,JFK,BUF,JetBlue Airways
577,EWR,ORD,United Air Lines Inc.
1643,EWR,DEN,United Air Lines Inc.
1485,LGA,MCO,Delta Air Lines Inc.
1178,EWR,IAH,United Air Lines Inc.
1895,EWR,CLT,US Airways Inc.
4158,EWR,RIC,ExpressJet Airlines Inc.
1181,JFK,SAT,Delta Air Lines Inc.
3134,EWR,ORD,Envoy Air
914,LGA,DEN,Delta Air Lines Inc.
3961,LGA,GRR,Endeavor Air Inc.
3663,JFK,DCA,Envoy Air
7,EWR,SEA,Alaska Airlines Inc.
1134,EWR,IAH,United Air Lines Inc.
509,LGA,DEN,United Air Lines Inc.
297,JFK,CLT,US Airways Inc.
3267,EWR,ORF,ExpressJet Airlines Inc.
65,JFK,ABQ,JetBlue Airways
669,JFK,SJC,JetBlue Airways
505,EWR,FLL,JetBlue Airways
2095,EWR,CLT,US Airways Inc.
3825,EWR,IND,ExpressJet Airlines Inc.
1109,EWR,MCO,United Air Lines Inc.
3,JFK,LAX,American Airlines Inc.
11,JFK,SFO,Virgin America
7,EWR,SEA,Alaska Airlines Inc.
1129,JFK,RSW,JetBlue Airways
2868,EWR,BNA,Southwest Airlines Co.
4649,LGA,MSP,Envoy Air
1202,JFK,BUF,JetBlue Airways
1176,EWR,BOS,JetBlue Airways
4410,JFK,DCA,Envoy Air
425,JFK,CLT,US Airways Inc.
4580,EWR,MKE,ExpressJet Airlines Inc.
972,EWR,AUS,Southwest Airlines Co.
1735,EWR,LAX,United Air Lines Inc.
789,EWR,FLL,United Air Lines Inc.
1516,JFK,SYR,JetBlue Airways
1077,EWR,MIA,United Air Lines Inc.
3768,EWR,ORD,Envoy Air
139,JFK,RSW,JetBlue Airways
120,JFK,LAX,Delta Air Lines Inc.
1403,JFK,SJU,JetBlue Airways
3542,JFK,MSP,Endeavor Air Inc.
15,JFK,SFO,JetBlue Airways
1259,LGA,IAH,United Air Lines Inc.
2067,LGA,CLT,US Airways Inc.
3370,JFK,DCA,Envoy Air
4241,EWR,DCA,ExpressJet Airlines Inc.
719,EWR,TPA,United Air Lines Inc.
1503,JFK,SJU,JetBlue Airways
91,JFK,OAK,JetBlue Airways
1773,JFK,LAS,Delta Air Lines Inc.
301,LGA,ORD,American Airlines Inc.
1875,LGA,TPA,Delta Air Lines Inc.
1222,EWR,LAS,United Air Lines Inc.
35,JFK,PBI,JetBlue Airways
1241,EWR,TPA,United Air Lines Inc.
3591,LGA,RDU,Envoy Air
335,EWR,FLL,United Air Lines Inc.
2098,LGA,MIA,Delta Air Lines Inc.
179,JFK,PHX,JetBlue Airways
1516,JFK,SYR,JetBlue Airways
1585,LGA,MCO,Delta Air Lines Inc.
4388,EWR,JAX,ExpressJet Airlines Inc.
1973,EWR,CLT,US Airways Inc.
2118,LGA,BOS,US Airways Inc.
4065,LGA,SDF,Endeavor Air Inc.
3540,JFK,MSP,Endeavor Air Inc.
914,LGA,DEN,Delta Air Lines Inc.
3281,LGA,CMH,Envoy Air
3411,LGA,RDU,Envoy Air
1429,JFK,LAS,Delta Air Lines Inc.
1765,JFK,SFO,Delta Air Lines Inc.
625,JFK,HOU,JetBlue Airways
985,JFK,BOS,Delta Air Lines Inc.
15,EWR,HNL,United Air Lines Inc.
5208,LGA,RIC,ExpressJet Airlines Inc.
4381,EWR,PIT,ExpressJet Airlines Inc.
1002,JFK,BOS,JetBlue Airways
2231,LGA,DTW,Delta Air Lines Inc.
1085,JFK,CLT,JetBlue Airways
446,EWR,MIA,United Air Lines Inc.
185,JFK,SAN,JetBlue Airways
3603,LGA,DTW,Envoy Air
2136,LGA,BOS,US Airways Inc.
1554,EWR,BOS,United Air Lines Inc.
5711,JFK,IAD,ExpressJet Airlines Inc.
1025,EWR,SEA,United Air Lines Inc.
337,LGA,ORD,American Airlines Inc.
209,JFK,LGB,JetBlue Airways
503,EWR,MCO,United Air Lines Inc.
165,JFK,PDX,JetBlue Airways
5,EWR,SEA,Alaska Airlines Inc.
4224,EWR,MKE,ExpressJet Airlines Inc.
951,JFK,ATL,Delta Air Lines Inc.
1,JFK,LAX,American Airlines Inc.
515,EWR,FLL,JetBlue Airways
5193,LGA,BUF,ExpressJet Airlines Inc.
901,JFK,FLL,JetBlue Airways
439,JFK,ATL,Delta Air Lines Inc.
4202,EWR,STL,ExpressJet Airlines Inc.
947,LGA,ATL,Delta Air Lines Inc.
863,JFK,LAX,Delta Air Lines Inc.
1733,LGA,CLT,US Airways Inc.
1,JFK,FLL,JetBlue Airways
105,JFK,ORD,JetBlue Airways
3365,JFK,DCA,Envoy Air
181,JFK,SAN,JetBlue Airways
4065,LGA,SDF,Endeavor Air Inc.
1120,EWR,SFO,United Air Lines Inc.
1401,JFK,FLL,JetBlue Airways
2132,LGA,BOS,US Airways Inc.
1854,LGA,FLL,Delta Air Lines Inc.
1762,JFK,BOS,American Airlines Inc.
509,EWR,FLL,JetBlue Airways
4202,EWR,STL,ExpressJet Airlines Inc.
731,LGA,DTW,Delta Air Lines Inc.
4495,EWR,SAV,ExpressJet Airlines Inc.
4333,EWR,TUL,ExpressJet Airlines Inc.
1409,EWR,MCO,United Air Lines Inc.
2173,LGA,DCA,US Airways Inc.
1634,JFK,BTV,JetBlue Airways
2493,JFK,MCO,American Airlines Inc.
1250,EWR,SFO,United Air Lines Inc.
2181,LGA,DCA,US Airways Inc.
2231,LGA,DTW,Delta Air Lines Inc.
761,JFK,PHX,US Airways Inc.
1744,LGA,IAH,United Air Lines Inc.
866,EWR,LAS,United Air Lines Inc.
4441,EWR,IND,ExpressJet Airlines Inc.
4583,EWR,MHT,ExpressJet Airlines Inc.
1037,EWR,LAX,United Air Lines Inc.
1845,EWR,DEN,Southwest Airlines Co.
4295,JFK,ORF,Endeavor Air Inc.
3221,LGA,BNA,Southwest Airlines Co.
1170,EWR,FLL,United Air Lines Inc.
4392,EWR,SYR,ExpressJet Airlines Inc.
141,JFK,SFO,Delta Air Lines Inc.
1277,LGA,CLT,US Airways Inc.
3297,LGA,BNA,Southwest Airlines Co.
4625,EWR,BWI,ExpressJet Airlines Inc.
1999,EWR,MIA,American Airlines Inc.
4161,EWR,MSP,ExpressJet Airlines Inc.
1307,JFK,IAD,JetBlue Airways
1225,EWR,PBI,United Air Lines Inc.
1643,JFK,SEA,Delta Air Lines Inc.
1819,LGA,MSP,Delta Air Lines Inc.
472,LGA,IAH,United Air Lines Inc.
5716,JFK,IAD,ExpressJet Airlines Inc.
611,JFK,LAS,JetBlue Airways
1193,LGA,DFW,American Airlines Inc.
4148,EWR,BUF,ExpressJet Airlines Inc.
1410,LGA,MIA,American Airlines Inc.
4109,EWR,BNA,ExpressJet Airlines Inc.
359,LGA,ORD,American Airlines Inc.
517,EWR,MCO,JetBlue Airways
2134,LGA,BOS,US Airways Inc.
53,EWR,AUS,Southwest Airlines Co.
3521,JFK,ORD,Endeavor Air Inc.
598,EWR,IAH,United Air Lines Inc.
894,LGA,CLT,US Airways Inc.
87,JFK,LAX,Delta Air Lines Inc.
23,JFK,SFO,Virgin America
677,JFK,MIA,American Airlines Inc.
773,LGA,DFW,American Airlines Inc.
3604,EWR,ORD,Envoy Air
849,EWR,PHX,United Air Lines Inc.
2175,LGA,DCA,US Airways Inc.
4410,JFK,DCA,Envoy Air
4100,EWR,MEM,ExpressJet Airlines Inc.
565,EWR,MDW,Southwest Airlines Co.
3829,EWR,JAX,ExpressJet Airlines Inc.
3433,JFK,DCA,Envoy Air
715,LGA,DFW,American Airlines Inc.
1338,JFK,MVY,JetBlue Airways
703,JFK,LAX,United Air Lines Inc.
683,JFK,MCO,JetBlue Airways
1715,LGA,MSY,Delta Air Lines Inc.
1242,EWR,FLL,United Air Lines Inc.
3644,LGA,ATL,Envoy Air
1165,EWR,LAX,United Air Lines Inc.
3231,JFK,PIT,Envoy Air
671,JFK,LAX,JetBlue Airways
2906,JFK,BUF,Endeavor Air Inc.
623,JFK,LAX,JetBlue Airways
1085,JFK,MIA,American Airlines Inc.
915,JFK,SFO,JetBlue Airways
447,EWR,PHX,United Air Lines Inc.
418,JFK,BOS,JetBlue Airways
1585,LGA,MCO,Delta Air Lines Inc.
75,JFK,TPA,JetBlue Airways
4517,LGA,CRW,Envoy Air
654,EWR,MDW,Southwest Airlines Co.
3526,LGA,CMH,Envoy Air
1175,LGA,MIA,American Airlines Inc.
1935,LGA,TPA,Delta Air Lines Inc.
141,JFK,FLL,Delta Air Lines Inc.
1734,JFK,BTV,JetBlue Airways
1982,LGA,MIA,Delta Air Lines Inc.
5092,EWR,ATL,ExpressJet Airlines Inc.
3448,JFK,CVG,Endeavor Air Inc.
119,EWR,LAX,American Airlines Inc.
673,JFK,LAX,JetBlue Airways
402,JFK,BOS,Delta Air Lines Inc.
415,JFK,SFO,JetBlue Airways
604,JFK,PWM,JetBlue Airways
1593,EWR,MCO,United Air Lines Inc.
424,EWR,BOS,United Air Lines Inc.
1668,EWR,SFO,United Air Lines Inc.
4382,EWR,DTW,ExpressJet Airlines Inc.
2383,LGA,PWM,Delta Air Lines Inc.
2077,LGA,CLT,US Airways Inc.
286,JFK,ROC,JetBlue Airways
3374,JFK,PIT,Endeavor Air Inc.
1295,JFK,AUS,JetBlue Airways
215,EWR,SJU,JetBlue Airways
3674,LGA,CLE,Envoy Air
1608,EWR,AUS,United Air Lines Inc.
486,JFK,ROC,JetBlue Airways
839,JFK,BQN,JetBlue Airways
690,EWR,PHX,US Airways Inc.
112,JFK,BUF,JetBlue Airways
23,JFK,SFO,Virgin America
4950,EWR,ATL,ExpressJet Airlines Inc.
575,EWR,IAH,United Air Lines Inc.
5048,LGA,RIC,ExpressJet Airlines Inc.
1008,JFK,BOS,JetBlue Airways
1430,EWR,ORD,United Air Lines Inc.
2247,LGA,ATL,Delta Air Lines Inc.
882,LGA,STL,Southwest Airlines Co.
3525,LGA,RDU,Envoy Air
4377,EWR,JAX,ExpressJet Airlines Inc.
575,EWR,ATL,Delta Air Lines Inc.
587,EWR,LAS,United Air Lines Inc.
763,LGA,DFW,American Airlines Inc.
1357,JFK,SJU,American Airlines Inc.
4373,EWR,DCA,ExpressJet Airlines Inc.
27,JFK,ATL,Delta Air Lines Inc.
1710,EWR,MDW,Southwest Airlines Co.
1942,EWR,ATL,Delta Air Lines Inc.
2003,LGA,MIA,Delta Air Lines Inc.
2261,EWR,PHX,Southwest Airlines Co.
3299,EWR,DTW,Endeavor Air Inc.
779,EWR,DEN,United Air Lines Inc.
1729,JFK,RSW,JetBlue Airways
5299,LGA,MEM,ExpressJet Airlines Inc.
3823,EWR,SDF,ExpressJet Airlines Inc.
3547,LGA,XNA,Envoy Air
3272,LGA,CLE,Envoy Air
901,JFK,FLL,JetBlue Airways
1179,EWR,SFO,United Air Lines Inc.
245,EWR,DEN,United Air Lines Inc.
1252,EWR,SFO,United Air Lines Inc.
4298,EWR,SAV,ExpressJet Airlines Inc.
2231,LGA,DTW,Delta Air Lines Inc.
135,JFK,PHX,JetBlue Airways
1178,EWR,BOS,JetBlue Airways
4569,LGA,RDU,Envoy Air
4510,EWR,MKE,ExpressJet Airlines Inc.
4577,LGA,CLT,Envoy Air
4495,EWR,SAV,ExpressJet Airlines Inc.
361,LGA,ORD,American Airlines Inc.
1529,JFK,LAS,Delta Air Lines Inc.
682,LGA,ATL,AirTran Airways Corporation
211,JFK,IAH,American Airlines Inc.
305,LGA,ORD,American Airlines Inc.
509,LGA,DEN,Frontier Airlines Inc.
3567,LGA,CLT,Envoy Air
2267,LGA,MIA,American Airlines Inc.
4321,EWR,MCI,ExpressJet Airlines Inc.
31,JFK,SFO,Delta Air Lines Inc.
5486,LGA,PIT,ExpressJet Airlines Inc.
479,EWR,SLC,Delta Air Lines Inc.
1892,LGA,CLT,US Airways Inc.
422,JFK,LAX,Delta Air Lines Inc.
407,JFK,LAX,Virgin America
1901,JFK,IAH,American Airlines Inc.
5,EWR,FLL,JetBlue Airways
1615,EWR,AUS,United Air Lines Inc.
5747,LGA,IAD,ExpressJet Airlines Inc.
283,LGA,MKE,Southwest Airlines Co.
179,JFK,SFO,American Airlines Inc.
2383,LGA,PWM,Delta Air Lines Inc.
5245,LGA,PIT,ExpressJet Airlines Inc.
837,LGA,DEN,Frontier Airlines Inc.
1433,LGA,CLT,US Airways Inc.
1705,EWR,DEN,Southwest Airlines Co.
983,LGA,TPA,JetBlue Airways
1879,LGA,FLL,Delta Air Lines Inc.
1148,EWR,TPA,United Air Lines Inc.
2383,LGA,PWM,Delta Air Lines Inc.
725,JFK,BQN,JetBlue Airways
3678,EWR,ORD,Envoy Air
3771,LGA,IAD,Mesa Airlines Inc.
2180,EWR,BOS,JetBlue Airways
1627,EWR,PBI,United Air Lines Inc.
394,LGA,ORD,United Air Lines Inc.
299,EWR,ORD,United Air Lines Inc.
691,LGA,ORD,United Air Lines Inc.
700,EWR,IAH,United Air Lines Inc.
3395,JFK,DCA,Endeavor Air Inc.
738,EWR,SEA,United Air Lines Inc.
169,EWR,LAX,Virgin America
1139,LGA,DFW,American Airlines Inc.
1875,LGA,TPA,Delta Air Lines Inc.
1721,EWR,LAX,United Air Lines Inc.
165,EWR,LAX,Virgin America
3540,JFK,MSP,Endeavor Air Inc.
1322,JFK,SFO,Delta Air Lines Inc.
43,JFK,MCO,JetBlue Airways
1585,LGA,MCO,Delta Air Lines Inc.
1600,EWR,LAX,United Air Lines Inc.
343,LGA,DEN,United Air Lines Inc.
1430,EWR,IAH,United Air Lines Inc.
2454,JFK,DEN,Delta Air Lines Inc.
4533,EWR,BUF,ExpressJet Airlines Inc.
4572,EWR,GSP,ExpressJet Airlines Inc.
4328,EWR,MSY,ExpressJet Airlines Inc.
3361,JFK,RDU,Envoy Air
1247,LGA,ATL,Delta Air Lines Inc.
1156,LGA,DFW,American Airlines Inc.
4971,LGA,CHS,ExpressJet Airlines Inc.
4352,EWR,CVG,ExpressJet Airlines Inc.
3508,LGA,JAX,Endeavor Air Inc.
3588,LGA,MSP,Envoy Air
231,EWR,MCO,United Air Lines Inc.
2280,JFK,FLL,Delta Air Lines Inc.
4599,LGA,MSP,Envoy Air
61,JFK,FLL,JetBlue Airways
4202,EWR,STL,ExpressJet Airlines Inc.
389,JFK,SFO,United Air Lines Inc.
1655,EWR,SNA,United Air Lines Inc.
3538,JFK,MSP,Endeavor Air Inc.
1767,LGA,CLT,US Airways Inc.
303,JFK,SFO,United Air Lines Inc.
360,EWR,PBI,United Air Lines Inc.
423,LGA,MDW,Southwest Airlines Co.
2180,EWR,BOS,JetBlue Airways
1775,LGA,PHL,US Airways Inc.
4224,EWR,MKE,ExpressJet Airlines Inc.
1625,EWR,DEN,United Air Lines Inc.
2443,JFK,BOS,Delta Air Lines Inc.
1629,JFK,LAS,Delta Air Lines Inc.
1654,EWR,SNA,United Air Lines Inc.
475,EWR,BWI,Southwest Airlines Co.
2187,LGA,DCA,US Airways Inc.
1691,JFK,LAX,United Air Lines Inc.
3669,LGA,ATL,Envoy Air
2002,JFK,BUF,JetBlue Airways
4622,LGA,BNA,Envoy Air
73,JFK,ATL,Delta Air Lines Inc.
2180,EWR,BOS,JetBlue Airways
1815,JFK,MCO,American Airlines Inc.
523,JFK,LAX,JetBlue Airways
917,JFK,ORD,JetBlue Airways
1667,EWR,TPA,United Air Lines Inc.
1013,JFK,LGB,JetBlue Airways
649,JFK,SFO,JetBlue Airways
120,JFK,LAX,Delta Air Lines Inc.
1109,LGA,TPA,Delta Air Lines Inc.
346,LGA,ATL,AirTran Airways Corporation
269,JFK,SEA,American Airlines Inc.
1972,JFK,CLT,US Airways Inc.
1734,JFK,BTV,JetBlue Airways
341,JFK,SRQ,JetBlue Airways
2042,EWR,ATL,Delta Air Lines Inc.
1216,EWR,SJU,United Air Lines Inc.
3854,EWR,BTV,ExpressJet Airlines Inc.
1641,EWR,MCO,United Air Lines Inc.
3359,JFK,BOS,Endeavor Air Inc.
708,EWR,ORD,United Air Lines Inc.
1197,EWR,LAS,United Air Lines Inc.
4312,EWR,DCA,ExpressJet Airlines Inc.
2119,LGA,MSP,Delta Air Lines Inc.
399,JFK,LAX,Virgin America
647,JFK,MIA,American Airlines Inc.
345,LGA,ORD,American Airlines Inc.
418,JFK,BOS,JetBlue Airways
4150,EWR,CVG,ExpressJet Airlines Inc.
3737,EWR,ORD,Envoy Air
623,LGA,ATL,AirTran Airways Corporation
6120,LGA,CLE,ExpressJet Airlines Inc.
212,EWR,PBI,United Air Lines Inc.
1999,EWR,MIA,American Airlines Inc.
1143,LGA,DFW,American Airlines Inc.
1833,LGA,PHL,US Airways Inc.
407,JFK,LAX,Virgin America
3446,EWR,MSP,Endeavor Air Inc.
4989,LGA,BNA,ExpressJet Airlines Inc.
652,EWR,IAH,United Air Lines Inc.
2459,JFK,MCO,Delta Air Lines Inc.
3052,JFK,TPA,Envoy Air
1733,LGA,CLT,US Airways Inc.
4099,EWR,STL,ExpressJet Airlines Inc.
234,JFK,BTV,JetBlue Airways
3969,JFK,BWI,Endeavor Air Inc.
313,LGA,ORD,American Airlines Inc.
307,LGA,ORD,American Airlines Inc.
4224,EWR,MKE,ExpressJet Airlines Inc.
947,LGA,ATL,Delta Air Lines Inc.
3848,EWR,CLT,ExpressJet Airlines Inc.
1467,LGA,MIA,American Airlines Inc.
4225,EWR,MSY,ExpressJet Airlines Inc.
4280,JFK,PHL,Endeavor Air Inc.
1241,EWR,TPA,United Air Lines Inc.
901,JFK,FLL,JetBlue Airways
2279,LGA,MIA,American Airlines Inc.
4,JFK,MCO,Delta Air Lines Inc.
1085,JFK,CLT,JetBlue Airways
707,LGA,DFW,American Airlines Inc.
5109,LGA,CHS,ExpressJet Airlines Inc.
1022,EWR,PDX,United Air Lines Inc.
320,EWR,DFW,American Airlines Inc.
1959,JFK,MCO,Delta Air Lines Inc.
305,EWR,FLL,JetBlue Airways
5163,LGA,CVG,ExpressJet Airlines Inc.
185,JFK,LAX,American Airlines Inc.
2150,LGA,BOS,US Airways Inc.
4707,EWR,TYS,ExpressJet Airlines Inc.
4380,EWR,MSP,ExpressJet Airlines Inc.
2789,LGA,CLT,Envoy Air
3540,JFK,MSP,Endeavor Air Inc.
600,JFK,PWM,JetBlue Airways
201,JFK,FLL,JetBlue Airways
985,JFK,BOS,Delta Air Lines Inc.
2169,LGA,DCA,US Airways Inc.
1357,JFK,SJU,American Airlines Inc.
4632,EWR,OMA,ExpressJet Airlines Inc.
2606,LGA,STL,Southwest Airlines Co.
3359,JFK,RDU,Envoy Air
3591,LGA,RDU,Envoy Air
3325,JFK,DFW,Endeavor Air Inc.
114,LGA,MDW,Southwest Airlines Co.
1054,EWR,LAX,United Air Lines Inc.
1061,JFK,AUS,JetBlue Airways
66,JFK,BUF,JetBlue Airways
31,JFK,SLC,Delta Air Lines Inc.
155,JFK,MCO,JetBlue Airways
963,JFK,LAX,Delta Air Lines Inc.
4127,EWR,BNA,ExpressJet Airlines Inc.
523,EWR,MCO,JetBlue Airways
2023,EWR,CLT,US Airways Inc.
866,EWR,LAS,United Air Lines Inc.
1625,LGA,CLT,US Airways Inc.
4204,EWR,OKC,ExpressJet Airlines Inc.
3944,JFK,BWI,Envoy Air
727,JFK,BQN,JetBlue Airways
1242,EWR,FLL,United Air Lines Inc.
377,EWR,BOS,United Air Lines Inc.
4567,EWR,MCI,ExpressJet Airlines Inc.
343,LGA,DEN,United Air Lines Inc.
3835,EWR,PIT,ExpressJet Airlines Inc.
1519,EWR,STT,United Air Lines Inc.
4642,EWR,OMA,ExpressJet Airlines Inc.
128,JFK,BTV,JetBlue Airways
4368,EWR,DAY,ExpressJet Airlines Inc.
282,EWR,LAX,United Air Lines Inc.
347,JFK,SRQ,JetBlue Airways
3744,EWR,ORD,Envoy Air
359,LGA,ORD,American Airlines Inc.
4705,EWR,ATL,ExpressJet Airlines Inc.
104,JFK,BUF,JetBlue Airways
217,JFK,LGB,JetBlue Airways
1116,EWR,BOS,United Air Lines Inc.
5815,EWR,JAX,ExpressJet Airlines Inc.
305,LGA,ORD,American Airlines Inc.
4240,EWR,BUF,ExpressJet Airlines Inc.
337,LGA,ORD,American Airlines Inc.
1357,JFK,SJU,American Airlines Inc.
1287,LGA,DEN,United Air Lines Inc.
27,JFK,SFO,Virgin America
5806,EWR,OMA,ExpressJet Airlines Inc.
189,JFK,SAN,JetBlue Airways
3370,JFK,DCA,Envoy Air
721,LGA,CAK,AirTran Airways Corporation
3395,JFK,DCA,Endeavor Air Inc.
4234,EWR,STL,ExpressJet Airlines Inc.
2019,LGA,MSP,Delta Air Lines Inc.
3829,EWR,STL,ExpressJet Airlines Inc.
629,JFK,PHX,US Airways Inc.
905,JFK,ORD,JetBlue Airways
3274,EWR,CHS,ExpressJet Airlines Inc.
183,EWR,SFO,Virgin America
4502,EWR,BNA,ExpressJet Airlines Inc.
112,JFK,BUF,JetBlue Airways
4215,EWR,MDW,Southwest Airlines Co.
199,JFK,LAS,JetBlue Airways
815,EWR,HOU,Southwest Airlines Co.
4312,EWR,DCA,ExpressJet Airlines Inc.
1435,LGA,TPA,Delta Air Lines Inc.
4241,EWR,DCA,ExpressJet Airlines Inc.
927,EWR,MCO,JetBlue Airways
411,JFK,LAX,Virgin America
5716,JFK,IAD,ExpressJet Airlines Inc.
775,JFK,MSY,JetBlue Airways
3523,JFK,ORD,Endeavor Air Inc.
2319,LGA,MSP,Delta Air Lines Inc.
5714,JFK,IAD,ExpressJet Airlines Inc.
263,JFK,SEA,JetBlue Airways
1601,EWR,FLL,United Air Lines Inc.
1734,JFK,BTV,JetBlue Airways
1061,JFK,AUS,JetBlue Airways
43,JFK,MCO,JetBlue Airways
1734,EWR,ORD,United Air Lines Inc.
750,EWR,IAH,United Air Lines Inc.
440,EWR,STL,Southwest Airlines Co.
717,LGA,DFW,American Airlines Inc.
3507,JFK,MSY,Endeavor Air Inc.
5199,LGA,CHS,ExpressJet Airlines Inc.
1143,EWR,PBI,United Air Lines Inc.
1838,JFK,BOS,American Airlines Inc.
161,JFK,SEA,Delta Air Lines Inc.
3550,LGA,ATL,Envoy Air
1831,JFK,CLT,US Airways Inc.
269,JFK,SFO,Delta Air Lines Inc.
1779,LGA,FLL,Delta Air Lines Inc.
5391,LGA,MSN,ExpressJet Airlines Inc.
89,JFK,SAN,JetBlue Airways
4952,LGA,CLT,ExpressJet Airlines Inc.
5815,EWR,RIC,ExpressJet Airlines Inc.
373,EWR,PBI,United Air Lines Inc.
2065,JFK,FLL,Delta Air Lines Inc.
4382,EWR,DTW,ExpressJet Airlines Inc.
1289,EWR,SJU,JetBlue Airways
4088,EWR,SDF,ExpressJet Airlines Inc.
2179,LGA,DCA,US Airways Inc.
133,JFK,RSW,JetBlue Airways
3838,EWR,ATL,ExpressJet Airlines Inc.
2307,JFK,SAT,Delta Air Lines Inc.
475,EWR,BOS,United Air Lines Inc.
3579,LGA,IAD,Endeavor Air Inc.
135,JFK,RSW,JetBlue Airways
307,LGA,ORD,American Airlines Inc.
1143,LGA,DFW,American Airlines Inc.
3393,JFK,DCA,Endeavor Air Inc.
1547,LGA,ATL,Delta Air Lines Inc.
2099,LGA,MIA,American Airlines Inc.
1532,EWR,BOS,United Air Lines Inc.
269,JFK,SEA,American Airlines Inc.
4420,EWR,ORF,ExpressJet Airlines Inc.
583,JFK,MCO,JetBlue Airways
1030,JFK,LAX,United Air Lines Inc.
3884,JFK,PHL,Endeavor Air Inc.
85,JFK,SFO,American Airlines Inc.
1705,EWR,ORD,United Air Lines Inc.
3385,JFK,BOS,Endeavor Air Inc.
3075,JFK,CVG,Envoy Air
2041,JFK,MIA,American Airlines Inc.
418,LGA,IAH,United Air Lines Inc.
303,JFK,SFO,United Air Lines Inc.
5166,LGA,BNA,ExpressJet Airlines Inc.
434,JFK,SFO,Delta Air Lines Inc.
5157,LGA,CVG,ExpressJet Airlines Inc.
3386,JFK,DCA,Envoy Air
1471,LGA,FLL,JetBlue Airways
1599,LGA,MIA,American Airlines Inc.
4555,LGA,CMH,Envoy Air
489,EWR,IAH,United Air Lines Inc.
4241,EWR,BOS,ExpressJet Airlines Inc.
1284,EWR,SFO,United Air Lines Inc.
2181,LGA,MCO,Delta Air Lines Inc.
2239,EWR,HOU,Southwest Airlines Co.
669,JFK,SJC,JetBlue Airways
4109,EWR,BNA,ExpressJet Airlines Inc.
4462,EWR,CHS,ExpressJet Airlines Inc.
316,JFK,SYR,JetBlue Airways
807,EWR,ATL,Delta Air Lines Inc.
343,LGA,ORD,American Airlines Inc.
1947,LGA,ATL,Delta Air Lines Inc.
411,JFK,LAX,Virgin America
4101,JFK,ROC,Endeavor Air Inc.
1854,LGA,FLL,Delta Air Lines Inc.
1585,LGA,MCO,Delta Air Lines Inc.
117,JFK,MSY,JetBlue Airways
1205,EWR,MIA,American Airlines Inc.
309,LGA,ORD,American Airlines Inc.
905,JFK,ORD,JetBlue Airways
89,JFK,SAN,JetBlue Airways
1643,JFK,SEA,Delta Air Lines Inc.
3439,JFK,CVG,Endeavor Air Inc.
1978,JFK,CLT,US Airways Inc.
863,JFK,LAX,Delta Air Lines Inc.
5038,LGA,BHM,ExpressJet Airlines Inc.
1010,JFK,BOS,JetBlue Airways
1429,JFK,LAS,Delta Air Lines Inc.
185,JFK,LAX,American Airlines Inc.
269,JFK,ATL,Delta Air Lines Inc.
281,JFK,MCO,JetBlue Airways
105,JFK,ORD,JetBlue Airways
4425,JFK,DCA,Envoy Air
4589,LGA,DTW,Envoy Air
4536,EWR,CVG,ExpressJet Airlines Inc.
5955,EWR,IND,ExpressJet Airlines Inc.
642,JFK,SFO,United Air Lines Inc.
2130,LGA,BOS,US Airways Inc.
389,LGA,MCO,JetBlue Airways
135,JFK,PHX,JetBlue Airways
15,EWR,HNL,United Air Lines Inc.
1506,EWR,SEA,United Air Lines Inc.
59,JFK,SFO,American Airlines Inc.
4580,EWR,MKE,ExpressJet Airlines Inc.
673,JFK,LAX,JetBlue Airways
4121,EWR,ROC,ExpressJet Airlines Inc.
3305,LGA,RDU,Envoy Air
23,JFK,SFO,Virgin America
3822,EWR,TYS,ExpressJet Airlines Inc.
1769,JFK,MIA,American Airlines Inc.
1499,LGA,ATL,Delta Air Lines Inc.
1117,EWR,MCO,United Air Lines Inc.
681,EWR,CLT,US Airways Inc.
163,JFK,SRQ,JetBlue Airways
885,JFK,RDU,JetBlue Airways
2933,JFK,RDU,Endeavor Air Inc.
766,JFK,SFO,United Air Lines Inc.
1164,JFK,BOS,Delta Air Lines Inc.
3611,EWR,ORD,Envoy Air
843,JFK,ATL,Delta Air Lines Inc.
4434,EWR,MHT,ExpressJet Airlines Inc.
930,LGA,FLL,Delta Air Lines Inc.
1611,LGA,MIA,American Airlines Inc.
401,EWR,ATL,Delta Air Lines Inc.
1270,EWR,MCO,United Air Lines Inc.
348,LGA,ATL,AirTran Airways Corporation
411,JFK,LAS,JetBlue Airways
1965,EWR,CLT,US Airways Inc.
4258,EWR,CLT,ExpressJet Airlines Inc.
1431,EWR,CLT,US Airways Inc.
315,JFK,SJU,Delta Air Lines Inc.
357,LGA,CAK,AirTran Airways Corporation
1411,JFK,FLL,Delta Air Lines Inc.
3841,EWR,MHT,ExpressJet Airlines Inc.
215,EWR,SEA,United Air Lines Inc.
4127,JFK,IAD,Endeavor Air Inc.
1692,EWR,MCO,United Air Lines Inc.
411,JFK,LAS,JetBlue Airways
4403,JFK,RDU,Envoy Air
2074,LGA,MDW,Southwest Airlines Co.
173,JFK,SJC,JetBlue Airways
2075,EWR,DFW,American Airlines Inc.
695,LGA,ORD,United Air Lines Inc.
63,LGA,ATL,AirTran Airways Corporation
347,LGA,ATL,AirTran Airways Corporation
3868,JFK,RDU,Endeavor Air Inc.
2134,LGA,BOS,US Airways Inc.
5811,EWR,DTW,ExpressJet Airlines Inc.
1769,JFK,MIA,American Airlines Inc.
4172,JFK,CLE,Envoy Air
127,JFK,LAX,Delta Air Lines Inc.
305,EWR,FLL,JetBlue Airways
4126,LGA,CLE,ExpressJet Airlines Inc.
449,EWR,CLT,US Airways Inc.
3374,JFK,RDU,Envoy Air
2815,JFK,CLE,Envoy Air
325,LGA,ORD,American Airlines Inc.
6,JFK,BUF,JetBlue Airways
2219,LGA,MSP,Delta Air Lines Inc.
1183,JFK,MCO,JetBlue Airways
1147,LGA,ATL,Delta Air Lines Inc.
654,EWR,ORD,United Air Lines Inc.
3368,JFK,RDU,Endeavor Air Inc.
4111,EWR,CHS,ExpressJet Airlines Inc.
3550,LGA,ATL,Envoy Air
709,EWR,BOS,United Air Lines Inc.
525,JFK,TPA,JetBlue Airways
52,EWR,ORD,United Air Lines Inc.
4661,LGA,BNA,Envoy Air
4120,EWR,MSP,ExpressJet Airlines Inc.
4241,EWR,BUF,ExpressJet Airlines Inc.
478,EWR,MCO,United Air Lines Inc.
841,JFK,LAX,United Air Lines Inc.
108,JFK,PWM,JetBlue Airways
305,LGA,ORD,American Airlines Inc.
307,LGA,ORD,American Airlines Inc.
2131,LGA,DTW,Delta Air Lines Inc.
781,EWR,SAT,United Air Lines Inc.
316,LGA,IAH,United Air Lines Inc.
1790,JFK,BOS,American Airlines Inc.
112,JFK,LAX,United Air Lines Inc.
1465,JFK,SFO,Delta Air Lines Inc.
1485,LGA,MCO,Delta Air Lines Inc.
4502,EWR,BNA,ExpressJet Airlines Inc.
4586,EWR,SYR,ExpressJet Airlines Inc.
3508,LGA,JAX,Endeavor Air Inc.
327,LGA,ORD,American Airlines Inc.
905,JFK,ORD,JetBlue Airways
1621,JFK,DEN,Delta Air Lines Inc.
1885,LGA,MCO,Delta Air Lines Inc.
315,JFK,FLL,JetBlue Airways
2150,LGA,BOS,US Airways Inc.
697,EWR,IAH,United Air Lines Inc.
1161,LGA,PBI,JetBlue Airways
4087,EWR,IND,ExpressJet Airlines Inc.
272,EWR,ORD,United Air Lines Inc.
543,EWR,PBI,JetBlue Airways
721,LGA,DFW,American Airlines Inc.
1769,JFK,MIA,American Airlines Inc.
3565,LGA,CLT,Envoy Air
2122,LGA,BOS,US Airways Inc.
1619,LGA,MSP,Delta Air Lines Inc.
3,JFK,LAX,American Airlines Inc.
5601,LGA,CLT,ExpressJet Airlines Inc.
3792,JFK,DCA,Envoy Air
5068,EWR,DTW,ExpressJet Airlines Inc.
703,JFK,SJU,JetBlue Airways
743,LGA,DFW,American Airlines Inc.
1454,LGA,IAH,United Air Lines Inc.
4125,EWR,GSO,ExpressJet Airlines Inc.
2167,LGA,DCA,US Airways Inc.
3349,LGA,MSP,Envoy Air
1202,JFK,BUF,JetBlue Airways
384,LGA,IAH,United Air Lines Inc.
529,EWR,MCO,JetBlue Airways
5207,LGA,CLT,ExpressJet Airlines Inc.
4191,EWR,BNA,ExpressJet Airlines Inc.
434,JFK,SFO,United Air Lines Inc.
1611,LGA,MIA,American Airlines Inc.
2312,LGA,ATL,Delta Air Lines Inc.
891,LGA,IAH,United Air Lines Inc.
4869,LGA,RIC,ExpressJet Airlines Inc.
4105,JFK,CHS,Endeavor Air Inc.
3689,LGA,DTW,Envoy Air
5329,LGA,PIT,ExpressJet Airlines Inc.
4510,EWR,MKE,ExpressJet Airlines Inc.
3341,JFK,DTW,Endeavor Air Inc.
320,EWR,DFW,American Airlines Inc.
1813,JFK,MCO,American Airlines Inc.
318,LGA,IAH,United Air Lines Inc.
4691,EWR,DAY,ExpressJet Airlines Inc.
1714,LGA,IAH,United Air Lines Inc.
80,EWR,MIA,United Air Lines Inc.
4522,EWR,BNA,ExpressJet Airlines Inc.
4532,EWR,CHS,ExpressJet Airlines Inc.
1130,EWR,DFW,United Air Lines Inc.
4127,EWR,RIC,ExpressJet Airlines Inc.
608,JFK,PWM,JetBlue Airways
4662,LGA,ATL,Envoy Air
3410,JFK,BOS,Endeavor Air Inc.
4328,EWR,MSY,ExpressJet Airlines Inc.
371,EWR,LAX,United Air Lines Inc.
1205,EWR,MIA,American Airlines Inc.
4125,EWR,GSO,ExpressJet Airlines Inc.
1170,EWR,MDW,Southwest Airlines Co.
1280,LGA,IAH,United Air Lines Inc.
5,EWR,SEA,Alaska Airlines Inc.
4589,LGA,DTW,Envoy Air
4085,EWR,OMA,ExpressJet Airlines Inc.
1246,EWR,ATL,United Air Lines Inc.
1529,JFK,LAS,Delta Air Lines Inc.
745,LGA,DEN,United Air Lines Inc.
4693,EWR,PVD,ExpressJet Airlines Inc.
1078,EWR,SAT,United Air Lines Inc.
3494,EWR,DTW,Endeavor Air Inc.
1373,JFK,MIA,Delta Air Lines Inc.
21,JFK,LAX,American Airlines Inc.
711,LGA,DFW,American Airlines Inc.
2195,LGA,DCA,US Airways Inc.
1554,EWR,FLL,United Air Lines Inc.
3392,JFK,RDU,Endeavor Air Inc.
706,JFK,AUS,Delta Air Lines Inc.
2120,LGA,BOS,US Airways Inc.
619,JFK,JAX,JetBlue Airways
1601,EWR,FLL,United Air Lines Inc.
1715,LGA,MSY,Delta Air Lines Inc.
4631,EWR,CVG,ExpressJet Airlines Inc.
1668,EWR,SFO,United Air Lines Inc.
422,JFK,LAX,Delta Air Lines Inc.
20,JFK,ROC,JetBlue Airways
1744,LGA,IAH,United Air Lines Inc.
608,JFK,PWM,JetBlue Airways
1935,LGA,TPA,Delta Air Lines Inc.
4411,EWR,MEM,ExpressJet Airlines Inc.
1351,JFK,ORD,American Airlines Inc.
1031,LGA,DTW,Delta Air Lines Inc.
671,JFK,LAX,JetBlue Airways
516,LGA,IAH,United Air Lines Inc.
795,JFK,AUS,JetBlue Airways
1505,JFK,ABQ,JetBlue Airways
143,JFK,RSW,JetBlue Airways
1210,EWR,ORD,United Air Lines Inc.
1855,LGA,STL,American Airlines Inc.
5680,EWR,CMH,ExpressJet Airlines Inc.
1103,EWR,CLT,US Airways Inc.
3421,LGA,BNA,Southwest Airlines Co.
323,JFK,LAX,JetBlue Airways
4255,EWR,CHS,ExpressJet Airlines Inc.
3433,JFK,DCA,Envoy Air
3611,EWR,ORD,Envoy Air
1171,LGA,FLL,JetBlue Airways
413,JFK,LAX,Virgin America
5769,LGA,IAD,ExpressJet Airlines Inc.
4127,JFK,IAD,Endeavor Air Inc.
5038,LGA,BHM,ExpressJet Airlines Inc.
2793,JFK,CMH,Envoy Air
225,EWR,ORD,United Air Lines Inc.
65,JFK,ABQ,JetBlue Airways
529,EWR,FLL,United Air Lines Inc.
3944,JFK,BWI,Envoy Air
475,EWR,IAH,United Air Lines Inc.
1178,EWR,IAH,United Air Lines Inc.
745,LGA,DEN,United Air Lines Inc.
31,JFK,SLC,Delta Air Lines Inc.
59,JFK,SFO,American Airlines Inc.
4390,EWR,MCI,ExpressJet Airlines Inc.
1787,JFK,TPA,American Airlines Inc.
701,JFK,MIA,American Airlines Inc.
319,LGA,ORD,American Airlines Inc.
4085,EWR,OMA,ExpressJet Airlines Inc.
554,EWR,SAN,United Air Lines Inc.
1163,EWR,BOS,United Air Lines Inc.
709,JFK,SJU,JetBlue Airways
346,LGA,ATL,AirTran Airways Corporation
455,EWR,MIA,United Air Lines Inc.
1496,EWR,SNA,United Air Lines Inc.
299,LGA,MCO,JetBlue Airways
1106,EWR,BOS,United Air Lines Inc.
893,JFK,CLT,US Airways Inc.
1078,EWR,SAT,United Air Lines Inc.
985,JFK,BOS,Delta Air Lines Inc.
4949,LGA,GSO,ExpressJet Airlines Inc.
2279,LGA,MIA,American Airlines Inc.
883,JFK,MCO,JetBlue Airways
703,JFK,SJU,JetBlue Airways
1178,EWR,BOS,JetBlue Airways
3694,EWR,DTW,Endeavor Air Inc.
1464,EWR,CLE,United Air Lines Inc.
1208,EWR,CLE,United Air Lines Inc.
569,LGA,DEN,United Air Lines Inc.
807,EWR,ATL,Delta Air Lines Inc.
83,JFK,MIA,Delta Air Lines Inc.
183,EWR,SFO,Virgin America
3466,LGA,RDU,Envoy Air
2343,EWR,ATL,Delta Air Lines Inc.
185,JFK,SAN,JetBlue Airways
706,JFK,AUS,Delta Air Lines Inc.
1020,JFK,BOS,JetBlue Airways
1819,LGA,MSP,Delta Air Lines Inc.
4234,EWR,STL,ExpressJet Airlines Inc.
